headword,ipa,entry_id
ʃaɾoːp,ʃaro:p,ʃaɾoːp_0023c0a0-6de7-452a-85b6-0f6e0794014a
wao taah,wao ta:h,wao taah_002ca005-1366-4a7b-aff1-ac10db10b768
dahegʹõõn,dahegõ̰:n,dahegʹõõn_0062786c-16c2-4325-b3e4-fac26c159e80
tame tame,tame tame,tame tame_007e8774-ab6b-4f2a-b53a-64b144453ab0
ʃɤːw,ʃə:w,ʃɤːw_009b3e07-21aa-4c01-aeda-2447f5bc3e94
naga̰ːd,naga̰:d,naga̰ːd_00bdbea3-65ff-4c88-bb09-064fdb77ec72
du doo,du do:,du doo_00f0ad34-5134-4419-9827-2e04360e87e0
ʔawog,awog,ʔawog_00f7b57b-f98c-4687-bea0-9f62e1329d93
agõng,agõŋ,agõng_0100623e-019f-4443-b775-20ca89bf8c76
na,na,na1_0126d0ce-96ed-408a-bd28-66f3a462840f
ahʹỹỹ,ahɨ̰̃:,ahʹỹỹ_014da936-e5cd-4990-ada4-17cbaa8a737a
ʔawɨp,awɨp,ʔawɨp_01681d16-ebbc-4e5a-bea3-69455f2eb76e
dabëëh,dabə:h,dabëëh_01834ee1-a032-4bfb-8827-07f2ace9c99f
jʌ̃g,jʌ̃g,jʌ̃g_01bb2edb-ff6e-420e-894a-77ac8c58ea1a
jag,jag,jag1_01f9bb3f-592f-4c82-b820-5c534600a288
habë,habə,habë_021ba618-79ea-4d99-8a23-30e1b5b60c40
janooh,jano:h,janooh_022d930d-b619-4a77-8ff4-fa5ea30739e8
p’aa hẽnh,pa̰: hẽɲ,p’aa hẽnh_022f0eb2-2301-40e8-809c-927ccebeff3c
dajëp,dajəp,dajëp_024eb574-aa9a-4bea-adc6-12857406c334
ʔaɾoːɾ,aro:r,ʔaɾoːɾ_02510f6f-9440-4065-8ef1-609ab7927a49
nʹoo hẽnh,no̰: hẽɲ,nʹoo hẽnh_02548d67-7403-4ae6-be8f-4064def13b13
tawarẽẽh,tawarẽ:h,tawarẽẽh1_025c1d2a-ce6b-4f4a-89c6-58f7995ce55a
h’ëëd,hə̰:d,h’ëëd_025fec92-6af8-4d61-8544-bdb0e0362545
atsóm,acɔm,atsóm_02a79639-e72e-482a-98fe-e2a3e76d3f81
jeer,je:r,jeer2_02adeefa-c0e5-4849-95e7-63f3e5494313
ʔawaɾ,awar,ʔawaɾ_02cfa92b-6ede-4498-a37c-7f6ef21e91b0
keroo,kero:,keroo_0309e768-1308-4e05-955c-92fa27bdc0b1
hɯ̰ːb,hɨ̰:b,hɯ̰ːb_030b2a7d-4650-45f3-a4e4-5c6c0edeb33e
naëng,naəŋ,naëng_031a7339-0644-4618-af27-88f71d6565db
jʹeenh,jḛ:ɲ,jʹeenh_033fa6a4-bc25-446d-8349-5ce48c651c79
emaan,ema:n,emaan_03582b22-b335-4af8-8c23-2043541e28f8
gajʹeej,gajḛ:j,gajʹeej_0370d9a3-7912-458c-bb70-6097fb5de782
ahong,ahoŋ,ahong_037fbb9c-c845-4e3d-9bc3-fe8bbf7c2a5f
ʔagɔp,agɔp,ʔagɔp_04058245-c971-4e27-85ac-b9a2c17f90d4
kawa,kawa,kawa_0431db34-f253-491d-bb2e-bcb885fdcd8d
noo keham,no: keham,noo keham_0456f9ea-7465-48e4-9c8e-0237e472be1c
asooh,aʃo:h,asooh_045c762b-0b2e-4233-a013-7e921270d050
ety,etɨ,ety_047db998-72df-46aa-a083-13e0b004ec6c
og,og,og_0494a7fa-d8da-4ac0-91c0-9a9720cc9179
yes,jeʃ,yes_04990b15-8b2a-461b-a60e-2fb685209222
sʹĩĩs,ʃḭ̃:ʃ,sʹĩĩs_04a67789-1620-4fc0-84d2-208fb49de8d2
sét hẽ,ʃɛt hẽ,sét hẽ_04d14da4-0773-43e5-be7b-25fe3fe7100c
kasarõ,kaʃarõ,kasarõ_04f383e2-28e7-4ca8-8903-46ecb268dcec
pɤː,pə:,pɤː_0502685b-1c3b-4176-8f36-aa53edfdebee
manaɨɨn,manaɨ:n,manaɨɨn_0519d13e-de74-4be6-9a95-081baa8e3956
matëh,matəh,matëh_0577a7cf-1a2c-4828-a81c-ecff2bab519b
tatiʔ,tati,tatiʔ_0585473a-015e-4c8d-8204-f0cdcdef9673
ebooh,ebo:h,ebooh_058fbf01-f274-4cf7-a1c2-8b39c2d69bb1
esëëp,eʃə:p,esëëp_05a5fb56-de84-4139-bc8e-7b040c572e59
pɛːʔ,pɛ:,pɛːʔ_05ad656e-97a8-4319-9d08-620ffd56db90
takɤ̰p,takə̰p,takɤ̰p_05bff17e-0f67-47a7-8c0f-aaeb5194a218
duːʃ,du:ʃ,duːʃ_05cbd907-fae2-42cf-b43f-d30a3027504f
mahõg,mahõg,mahõg_05dd3abd-6534-4b59-b015-78d391e1d399
madiːk,madi:k,madiːk1_060565fa-0504-425e-9477-40abe427e5e6
karapee,karape:,karapee _0608a430-217f-4595-8307-b236eef0ae5b
basong,baʃoŋ,basong_061b4156-051a-46d0-8236-0cd083292685
ehãw,ehãw,ehãw_0631abaa-832b-4f9c-a680-67323f0bec57
baad,ba:d,baad_068ae71c-c922-438c-9569-dad5b2122f74
moo hajʹaa,mo: haja̰:,moo hajʹaa_06db6091-79d5-477c-a422-797dfc4e6c9b
taats,ta:c,taats_06fa1be1-fd07-4e5b-8efb-4684de883e8e
bareä̃m duuh,bareʌ̃m du:h,bareä̃m duuh_0708e024-79a0-4338-a334-67e1b020722f
asʹëëg,aʃə̰:g,asʹëëg_071fd2b5-c8ec-405b-a840-71a0419d0870
wãːʔ,wã:,wãːʔ_073d0277-42e3-44aa-ae4b-f715bb7fbca7
baros,baroʃ,baros_075922fd-9874-48ce-8813-f6705117c88d
kakoos yb,kako:ʃ ɨb,kakoos yb_07832269-7792-4503-a931-31d64643cc9a
gatoj,gatoj,gatoj1_078662dd-26f4-4367-9768-df5ae4614a59
gewʹõõw,gewõ̰:w,gewʹõõw_07c262a4-e950-44ab-ba8d-5b209013a2ee
jati,jati,jati_07ed138d-ebf1-48c5-989e-c0786f993fff
ga̰ɟ,ga̰c,ga̰ɟ_07f4b7eb-2a95-4855-9a4d-8837b5a4006e
sũũts,ʃũ:c,sũũts_07fc6bd3-d3a8-4027-9945-2f8878c2efa9
ahäng,ahʌŋ,ahäng_080a15b9-a5d1-4501-a837-cf7c5c7cdc12
hẽ,hẽ,hẽ1_081a7a8a-0158-4d80-abae-d16c5ebdcef7
pewóp hẽ,pewɔp hẽ,pewóp hẽ_083be29b-071a-45ec-bd6b-c4935e1ae87b
kawad puuw (tëëg),kawad pu:w (tə:g),kawad puuw (tëëg)_083ca43d-56d8-4a51-98c4-4109ef14938b
mejũũ,mejũ:,mejũũ_08556f61-8d79-4825-b202-c10f6b715d04
hetsʹyyt,hecɨ̰:t,hetsʹyyt_086f87aa-bef9-4eb9-9776-4bf5d409a57d
dóón,dɔ:n,dóón_0872e55d-b5b9-4180-a82a-db40318848d5
kataa,kata:,kataa_0885df11-e1f7-4582-8731-d877f55fbab7
dakä,dakʌ,dakä_088d21b3-b72e-422c-baab-2a35b7838500
karas tyd,karaʃ tɨd,karas tyd_08f16d6a-c83c-4cc3-abaf-29b1849cf982
häd,hʌd,häd_090789e5-38eb-49f0-9832-3449ab6f71a9
po̰ːh,po̰:h,po̰ːh1_0978090e-f818-4a26-b58c-f420dbef425f
gor’ëëj,gorə̰:j,gor’ëëj_09bf004c-752a-4c01-9273-5fad683b954e
majĩĩ,majĩ:,majĩĩ_09c37bac-751e-427d-be41-a58ec663120c
ɟʌŋ,cʌŋ,ɟʌŋ_09ce3a4d-30ad-4a1c-be7f-7d36d99bd019
madyyk,madɨ:k,madyyk_09e54f3c-410b-415c-8850-75ea270e4552
ɟahɤːm,cahə:m,ɟahɤːm_09e660e5-6ad4-4eb4-a641-e96e69c773e4
aeeh,ae:h,aeeh_09e8dc25-0156-4bd0-991f-71b4cf82372a
ʃĩːn,ʃĩ:n,ʃĩːn_0a072400-6d07-4363-bfb7-e37fe79048b5
kasug,kaʃug,kasug_0a6b31fb-6433-4d7b-b051-c162f4767c39
edón,edɔn,edón_0a6e9703-c45e-4f5e-a9ca-9cce168f7c6e
esaag,eʃa:g,esaag_0ac768b9-0933-4a11-90c0-4ac17d1e66f4
majyyw,majɨ:w,majyyw_0acd6e09-f726-4b4d-986e-4b28969150e2
manee,mane:,manee1_0b01b419-7b9e-43f1-8118-21aa51edd0b7
jag tyd,jag tɨd,jag tyd_0b168580-4c78-470b-b8cc-9e258c254748
jatiʔ,jati,jatiʔ_0b1cceca-d60b-4282-966e-c4c7872762fe
karejã däk,karejã dʌk,karejã däk_0b44949c-3fa9-411c-8692-741072299109
wareem,ware:m,wareem_0bb01848-edbd-4404-9b11-155bb61f0429
rewyyh,rewɨ:h,rewyyh_0bb5289a-e3dd-4da6-8555-1cffdff4c04a
karẽn,karẽn,karẽn2_0bb585b4-9790-479e-b323-e5503770401b
ta nyy,ta nɨ:,ta nyy_0c041358-e3a3-4af9-bd2e-8f9a831c1cfd
hʉ́ʉ́y,hə́ə́j,hʉ́ʉ́y_0c0a2b1e-27af-4512-aacb-4c4b8079e5b8
ɾo̰:d,ro̰:d,ɾo̰:d_0c829fa4-9159-4c0f-bbd0-974ce4a7a960
yó,jɔ,yó_0c9dbc1c-c5c5-4656-9947-12f740b52735
hood t’ëe,ho:d tə̰e,hood t’ëe_0cacc161-ee56-462a-8da8-c01ad97228a4
pɛːɟ,pɛ:c,pɛːɟ_0cd62ddb-87a1-4f24-a851-252d7439844a
tə̰ːŋ,tə̰:ŋ,tə̰ːŋ_0cda8480-70b4-4ab5-aad4-b1e682a0bf8a
yung,juŋ,yung_0d01b43a-977f-4bee-acd8-17cc25699b51
jook,jo:k,jook2_0d9688b1-2ebf-46c8-b27e-708483cdaf63
atëë,atə:,atëë_0d9d214a-224c-47c4-8261-fdf54959927e
gurii-i,guri: i,gurii-i_0db187a9-b6e9-4c88-939c-48697a72aa4b
jamaʃiːʃ,jamaʃi:ʃ,jamaʃiːʃ_0dd2859c-8997-4564-99df-330188ad7d78
kã̰ːd,kã̰:d,kã̰ːd_0e39e610-eab0-434f-95db-a602eca2041d
karawyynh,karawɨ:ɲ,karawyynh_0e539cb5-a78b-455b-87f2-4fde1344448a
hajʹaa,haja̰:,hajʹaa_0e588062-5b1b-40b9-be20-57b3c3c79c71
toog,to:g,toog2_0f2dbd4f-1cba-4a76-b278-c720efdc0c0f
jahuːn,jahu:n,jahuːn2_0f3e0747-ec4b-4392-bcca-3709a8cade15
tarabʹiir,tarabḭ:r,tarabʹiir_0f63a383-1083-460b-8cde-add3326cf317
wäd,wʌd,wäd_0fb08e70-34d6-402e-9b3a-7a92602c7e34
barots,baroc,barots_0fd1f641-6e7a-4918-b8d4-849ef14f2105
esog,eʃog,esog_0ff17dda-0edb-4fab-8d80-c392c7dffd46
gawëëj,gawə:j,gawëëj_1029c2ef-cd3b-4bc9-8838-8dc00dd5d4a2
pʹõõd,põ̰:d,pʹõõd_10e5af7f-29aa-4fa9-82c9-8ab0dadec296
hebyng,hebɨŋ,hebyng_10ea8764-3f35-4c12-b0fa-45c072085373
ʔãːɲ,ã:ɲ,ʔãːɲ1_11011f18-2e56-4f47-9a70-615f7235c757
uuh,u:h,uuh_1173027f-de25-43fe-b73c-8e947d64965d
kas’aag,kaʃa̰:g,kas’aag_1174c294-d1e6-4e74-8fae-7bf655663f34
po̰ːp,po̰:p,po̰ːp1_1182e1e7-7fef-49b6-bd48-861b4aa4f92c
mo nʹaa kawʹaat,mo na̰: kawa̰:t,mo nʹaa kawʹaat_11949e62-048c-4747-ae3a-be8077dfb1de
jawëk,jawək,jawëk_11b99d8c-9b68-4e6b-869d-e3530425e72b
kajäg,kajʌg,kajäg_123e22bd-d7b9-474e-bdc6-12aa684847c8
hoːɲ,ho:ɲ,hoːɲ_12c41686-e869-484c-9271-c446bb344e90
kä,kʌ,kä_12d603c5-ea9b-450b-a27c-e4cbb8b6a5ff
hatsẽs,hacẽʃ,hatsẽs_12db76ea-c8ac-4f15-89a5-0229f5a6c28b
akyd,akɨd,akyd_12fe21f8-bb0e-4ae4-b9d8-6a5754cbcb92
hɯ̰̃ːb,hɨ̰̃:b,hɯ̰̃ːb_13495014-5582-4f05-84fc-3cb0ed8b0ed2
atʹëëg,atə̰:g,atʹëëg_134f1576-46ff-42aa-b2a7-0331f238570a
wawët,wawət,wawët_135af2d2-bd6b-445c-a1ed-837cb137c40d
ahʹỹỹh,ahɨ̰̃:h,ahʹỹỹh_135b490e-7cf7-4eff-8dca-45dfe71ddf22
ʃeʔ,ʃe,ʃeʔ_136f03ea-0223-4179-830f-577d41fa039e
ëër,ə:r,ëër_139ca9bb-450f-4124-8497-3fa5f304fa62
jɯh,jɨh,jɯh_139d6300-9038-4939-9dd2-9b3662f07315
adäk,adʌk,adäk2_13ad5580-ea3b-40e8-8104-6231cb60a98d
tɨɨp,tɨ:p,tɨɨp_13f20b79-cfed-486c-8791-fb295eb27377
tabës,tabəʃ,tabës_14ced729-1b9a-4a85-9ea0-4b582781a60b
masunh,maʃuɲ,masunh_14d0d8b0-c476-4d60-8b21-5b7bbad5a0d6
masug,maʃug,masug_14f4dbd3-bbac-4f9e-b5f5-3da0f0b5daa1
tamaboh,tamaboh,tamaboh_15731cab-2b16-4be8-829d-ec886877724d
kaɾaʃɨd,karaʃɨd,kaɾaʃɨd_1586f3ed-3480-4767-8d98-e5fd9e2ae9a7
pʹooj ub,po̰:j ub,pʹooj ub_15ba43d2-22e3-4dab-b985-542fdf887812
harum,harum,harum_15ce4d3f-c20c-4b98-ac5e-19c13eada4af
esëëm,eʃə:m,esëëm_16100f6e-6631-4c79-a44b-51edf7117834
edʹuuk,edṵ:k,edʹuuk_1613de5c-4b41-4bc5-bfa4-7a967ead6a11
jʌːʔ,jʌ:,jʌːʔ_1616cced-2437-4bb6-b9cc-463ba48ec04b
etsoos,eco:ʃ,etsoos_16359e87-c88a-48ca-b5dd-a04ea7d5f6cd
tabʹëës,tabə̰:ʃ,tabʹëës_165c7249-49ef-4561-ad26-55ac9174f93b
merʹood,mero̰:d,merʹood_1662b162-c4ec-4d14-b1cf-05095739c61b
ajëk,ajək,ajëk2_16710a4a-9594-4632-8d8d-d7a48a08c7a6
panʹaa,pana̰:,panʹaa2_167b4818-2852-44f2-aef7-66c8c4ba3c2d
mawããd,mawã:d,mawããd1_1684f868-710c-423f-9f25-9473565c77bb
baju,baju,baju_16b9f9ed-0cb5-4df0-b170-cdea3e4efea7
awän,awʌn,awän_16edbafa-9f23-4587-bd92-330bd1726f90
wɔ̃ːt,wɔ̃:t,wɔ̃ːt_16f181d2-7557-4c0e-98e2-1e485ebad0cb
kuuj,ku:j,kuuj_1710cfae-688c-49b3-b91d-501a96216d9d
besas,beʃaʃ,besas_171ab6eb-239d-4ecb-86b6-7cdc05273f4d
wãã,wã:,wãã_173a9672-acc9-46fd-bfc1-a486ca2c20b6
gadaa,gada:,gadaa_17659126-2402-4a4a-bc5a-71c1e9e0734f
hxóóh,hɔ̰:h,hxóóh1_178bc5f8-645e-425a-95ce-d0d549384d8d
wɤːj,wə:j,wɤːj_17bd0a2e-c26a-47a3-88c5-d757cac06a9f
aw'ëë,awə̰:,aw&apos;ëë_17f873bb-0102-4908-bf53-10dcf9a80e4c
kad,kad,kad2_18021c0e-2b82-4a41-9660-30edf844b0a1
pɔb,pɔb,pɔb_184c82c4-f564-441e-bec4-eb04833df615
péh,pɛh,péh2_185742c8-a9c5-4745-b66a-a8f4f48aaf5c
jatad,jatad,jatad_18624bc5-4743-4eb8-8d6d-1c41a8299a59
wén,wɛn,wén_18bcd0cb-09dc-459d-be66-b4bdaceee76d
tóóh,tɔ:h,tóóh_18f789fd-8b37-49ce-9f44-303247b20dde
hʹëëw,hə̰:w,hʹëëw_1925e868-c252-4c83-b711-33d6d98f1f69
tʹaa,ta̰:,tʹaa_1946e94e-257b-4abb-ba27-f36c932c0ca0
ahyk,ahɨk,ahyk1_19582167-dacf-4d9e-8112-341aec945697
etsʹëëk,ecə̰:k,etsʹëëk_1975647d-1f5d-470e-93b1-509b4f0e1773
ʃʌʃ,ʃʌʃ,ʃʌʃ_19c9d3c1-cce8-426f-a5bb-c966bae6d007
patuk,patuk,patuk1_19d93933-7d2f-4546-8ad9-1659bbd4153a
aỹỹ,aɨ̃:,aỹỹ_19e218c6-b4ae-40c8-b4d6-d7227c76b972
mamets,mamec,mamets_1a267230-fb27-4cf5-b2e1-0ba438da4a70
po̰ːʔ,po̰:,po̰ːʔ_1a344c25-1fe2-4d38-87ce-a679b8b74d30
ji wahëë,ji wahə:,[ji] wahëë_1a55a25e-11fb-4fd6-acf0-565fecd058a8
kawahed,kawahed,kawahed_1a647402-4fd7-4f16-8bad-34b44a6e41fa
jood,jo:d,jood_1a844f70-b0d5-4165-b568-d695b8a70f0a
hanaa,hana:,hanaa_1a946fb6-ef62-41c3-a040-1d0f8981caf3
tɔ̰̃ːp,tɔ̰̃:p,tɔ̰̃ːp1_1b10b3b5-155e-44cc-916b-7278638746c8
tũũh,tũ:h,tũũh_1b11b954-a8f9-47e3-8041-e7ad344c4fb6
gekyyt,gekɨ:t,gekyyt_1b466a7a-b3c8-47da-8acd-7e0bfbcdf964
hḭ̃ːw,hḭ̃:w,hḭ̃ːw_1b5889d9-62f6-4a22-b429-fbaee69d90cd
ʃɛ̃ːj,ʃɛ̃:j,ʃɛ̃ːj_1b5ea309-3bf7-4495-b8e3-22a92b4512df
ji waa hood,ji wa: ho:d,ji waa hood2_1bb106d4-3ce7-43b8-97e9-d12322848388
tarapoo,tarapo:,tarapoo_1bbe350a-6922-4fb5-b0e4-84e752d72ded
baah,ba:h,baah_1bbf905d-bed6-4e38-82d9-a99ca6472ddc
janati,janati,janati1_1bd7a005-8171-46fd-a65d-69898076947f
gasoom,gaʃo:m,gasoom2_1c16d365-be77-4968-953b-7db5ca036d79
duuh,du:h,duuh_1c1e2650-1809-4f40-a148-33b3a990262f
gawajah,gawajah,gawajah_1c43c5f6-18af-437e-90c9-8506069bb3d1
maseer,maʃe:r,maseer1_1c4c09ee-329b-4f14-9e81-3d040511871d
naam,na:m,naam_1c6836f3-ad20-47d5-bcce-190b8102d9ed
tyng,tɨŋ,tyng_1ca2ceb7-661e-409f-8ba9-0beae1fb5929
kawaar,kawa:r,kawaar_1caf872b-78e3-4ad8-a6f2-fbba04c0f76b
dawëës,dawə:ʃ,dawëës_1caff4ef-befb-494d-8908-4f41cc5f4d0d
pasuu,paʃu:,pasuu_1cbf64eb-ab01-4630-bed8-85c997349822
yb,ɨb,yb2_1cc95316-b9fe-4093-9b14-e9c016496d4a
kabëë,kabə:,kabëë_1cd66356-7a6f-4152-b323-ad2a5c5aabae
masʹããh,maʃã̰:h,masʹããh_1cea3332-ac1d-44f0-ad97-8d82420abd3c
seeh,ʃe:h,seeh2_1cfd2a36-ecf9-42a1-8bdc-2975ec83305d
gedʹaa,geda̰:,gedʹaa_1d0fab41-6b9c-423d-957f-9fa8add5d166
adʹyyk,adɨ̰:k,adʹyyk_1d10f37c-f112-4be6-bd67-9d50e4e71caa
ji jó jaỹỹh doo,ji jɔ jaɨ̃:h do:,ji jó jaỹỹh doo_1d117540-a496-4b56-897c-25fb21e2108f
agõõ gõõh,agõ: gõ:h,agõõ&#xA;agõõh_1d766776-1931-480e-977b-b58d276ced0d
ahyk,ahɨk,ahyk2_1d767c30-7dd2-4d0a-bb47-35c23e55617a
nʹaa,na̰:,nʹaa_1d906551-ab54-4157-8e62-1fd969e9a667
ekä,ekʌ,ekä_1da016b1-82e5-4aeb-997f-f4a0414d1cc7
yyh,ɨ:h,yyh_1dc877e3-ce0f-43ad-817b-0844fa5ccca8
hata,hata,hata_1dfca26b-d7d7-434e-94d9-7437aa16e4a0
damaːh,dama:h,damaːh_1e32b3cf-ef09-4674-ac86-11cdeb57e934
óng,ɔŋ,óng1_1e88cb17-089d-4b4e-93a8-2201e9b7a162
kawëh,kawəh,kawëh_1ed49874-cf31-4bdc-b76e-7f3ae9b5ce23
ɟɯːʔ,cɨ:,ɟɯːʔ1_1edee5a9-55fe-42b8-b44e-cde6c5f9d4db
ena,ena,ena_1f0430bf-ab8c-4fb5-9a88-f621fba7d9c6
tuɟ,tuc,tuɟ_1f099057-c3de-482b-9a51-6994e7b74391
ra(wa)wog,ra(wa)wog,ra(wa)wog_1f448f5a-6657-4a27-a262-c3174e5c3722
tehub hẽ,tehub hẽ,tehub hẽ_1f4cf45c-5f92-4f18-a8c8-eb6ae5db53c4
ʃabuːʔ,ʃabu:,ʃabuːʔ_1f9956bb-f8c8-4d6b-97f8-2ccc35787d60
ahyy,ahɨ:,ahyy2_1fa33a5c-430d-45ea-8091-b77ec8ca00d2
ỹỹ,ɨ̃:,ỹỹ3_1fab850f-da95-4fff-8e60-596d84365d2f
pʌʔ,pʌ,pʌʔ2_2006fe18-cfbd-42da-9921-099b85ea5e4f
enäh,enʌh,enäh_202b8b72-addc-461d-bc6f-61c26dcf54fb
hɨɨh,hɨ:h,hɨɨh2_20301e80-fb96-4e39-b432-945f8939c012
paa,pa:,paa_2087aff1-e889-4f5e-981c-e1f275c4e308
bʹaah,ba̰:h,bʹaah_20a69c66-ccf7-44e3-80f2-9c04da85502d
jak ỹỹ,jak ɨ̃:,jak ỹỹ_20ea7807-0cbe-4ee3-a129-919380bcf6fc
ʃamɨːj,ʃamɨ:j,ʃamɨːj_20f68242-8fb8-4ac0-8e64-e117d15b6046
ɟa̰ːʔ,ca̰:,ɟa̰ːʔ2_217c7731-5d24-469b-80fa-f9d199bdb860
karããj tyd me ji metyy,karã:j tɨd me ji metɨ:,karããj tyd me ji metyy_218f8c96-a775-47cd-a6ef-6c275c0196ef
ʔɨ̃ːn,ɨ̃:n,ʔɨ̃ːn2_2193da72-b68b-4f53-bddc-cdcb40c0203e
nyng,nɨŋ,nyng_21c3900f-78bd-45ac-9f5a-609460206103
tũːʔ,tũ:,tũːʔ_22152a27-e164-405e-b4b5-f3b9d7f6331d
ahëm,ahəm,ahëm_2233b178-4a4e-4474-b254-faec3afad8b2
ets’iip,ecḭ:p,ets’iip_224610c4-9086-404b-a319-cce171760df8
padäg,padʌg,padäg2_2252b7eb-23bc-45e8-bc20-ce88472409b7
hoonh,ho:ɲ,hoonh2_22775054-ef71-4a85-93db-90f254baa54f
wagʹyy,wagɨ̰:,wagʹyy_229d329d-4a9b-4de3-a37a-df48df52884a
papab yd,papab ɨd,papab yd_22c36fa4-7e08-4b93-9467-6ccc8d458a6a
ahõm,ahõm,ahõm1_22caba00-d293-40b0-9c79-dd140ebef072
esʹoos,eʃo̰:ʃ,esʹoos_22d7e1de-0605-439f-a2b0-f42c07fdc820
karewa,karewa,karewa_22e6cb0e-7b2d-4c12-9374-6e1fa11ea10e
haɾũm,harũm,haɾũm1_22fb506e-aa3f-4853-99d5-9a5c2c1a06d1
gɯːj,gɨ:j,gɯːj_23115afe-da53-4a27-bc35-b9c7d1324594
hehok,hehok,hehok_236c790d-119c-4355-a51b-357e4b32db4d
erét,erɛt,erét_2370f1d5-42bf-477a-bec0-cc27bf202068
jarakë,jarakə,jarakë2_2374aefe-208a-41a4-82e8-0828d5d0a65f
nena,nena,nena_23aa9211-d303-4038-9a0f-a0ea57305ae9
tsananaa,canana:,tsananaa_248cffb7-d6e2-42f6-b09c-eee72262937b
soog,ʃo:g,soog_249fa31d-fe1c-46ef-a586-8da434b2d806
sʹããn,ʃã̰:n,sʹããn_256f7d52-7743-4413-9b3b-c73ca66b9c95
kamaan,kama:n,kamaan1_258400ae-3889-4708-a9d9-74aa043e8bbd
pɤːʔ,pə:,pɤːʔ_25842643-9b52-44b1-8b43-182c1b11992f
agëëm,agə:m,agëëm_25a0d00f-c8c7-4836-8947-123a3ffb510a
gasʹyyb,gaʃɨ̰:b,gasʹyyb_264b5412-5901-455b-bb3f-bed8595fe801
juʔ,ju,juʔ2_268efbd6-8e22-4f0a-b085-761f16553757
hʌ̃h,hʌ̃h,hʌ̃h_26b4ccbe-7572-4487-af0f-051b8571c4ca
hajʹeenh,hajḛ:ɲ,hajʹeenh_26f01a55-fea3-44d8-a432-919f084afb5f
tamaboh yb,tamaboh ɨb,tamaboh yb_270da235-1ba8-4e2a-9f22-3c8a70b55cfa
matym,matɨm,matym_271c9f06-aae1-403d-bc35-a6b34f549f0f
ehõh,ehõh,ehõh_272fe292-0223-4908-b56f-97b4b133c35d
pʹooh,po̰:h,pʹooh_273cba08-0c9f-4d9f-94d9-781b09b51113
jamad,jamad,jamad_275da60d-aa15-4ba5-9b8a-77e7ba77e471
tatãw̃na̰ːʔ,tatãw̃na̰:,tatãw̃na̰ːʔ_27a3eb30-ad06-4e83-81b6-fefac1944660
lẽn,rẽn,lẽn_27bc0b6c-fc38-4c5e-badf-1232a67d4852
mehëm,mehəm,mehëm_28471a19-ef36-4907-a039-ccf0e4bef3d6
asa,aʃa,asa_288fad24-f3f1-40b6-88cc-b242640222e3
juum,ju:m,juum_288ff678-6dc5-4fc1-961d-0886a4bc84a4
awʹyyt,awɨ̰:t,awʹyyt_28c22592-67e2-46c3-98ea-6d35223f6419
pɛɲ,pɛɲ,pɛɲ_293c09f6-ed2a-4868-9b87-ece2b457b61e
gatsi,gaci,gatsi_29ca677d-a77a-474a-9262-92c3f2d2c95c
metëh,metəh,metëh_2a349d15-08ba-4b91-8480-9d780ef195ca
dahẽẽw,dahẽ:w,dahẽẽw_2a438385-429d-4f14-8253-316f74d60d54
hajõõh,hajõ:h,hajõõh_2a633761-8222-43c0-8d5e-76122088df50
bata,bata,bata_2a83b20d-dd53-4b7c-aac9-c6d4dab26109
h’yyw,hɨ̰:w,h’yyw_2ad3994d-6998-48ff-ad86-411a9a67558b
ʔakaːj,aka:j,ʔakaːj_2af0d80b-1982-400d-ae66-8c93fcf68039
basõõ,baʃõ:,basõõ_2b475341-a5d9-486f-be00-c1190b84224d
kad,kad,kad3_2bb9853a-cde8-48bc-bb30-42d80bf6419d
gawɤ̰ːŋ,gawə̰:ŋ,gawɤ̰ːŋ_2bd9f56d-c1db-441e-a7ea-d1bf2e4d2d49
nag,nag,nag_2beee218-2c56-4926-8789-ec8a1e7f34dc
rama,rama,rama_2bfdf4f7-0c51-480a-938a-c1dcea2924f9
jʉʉ,jə:,jʉʉ_2c080526-9fce-432c-a1b1-47f3bcf43967
manṵ̃ɟ,manṵ̃c,manṵ̃ɟ_2c48a8a4-7fdd-4fe9-96f7-ace262c92280
daap,da:p,daap_2c5b7407-1bb9-4ee2-b743-8ad9b0f2f316
bahe,bahe,bahe2_2cf4937e-ec22-467b-8482-1f9f02708d2f
jɤːʔ,jə:,jɤːʔ_2d1daa55-a783-476e-a7fa-47d1ef2527ac
h’ëëb,hə̰:b,h’ëëb_2d2a4415-053e-4b4e-bf26-6a3fb35e5a49
ajëng,ajəŋ,ajëng_2d333399-d440-450e-8037-d42a414085c1
tés,tɛʃ,tés_2d3bbcbd-7d0b-4b91-a31b-949a65801bb4
sanajoo,ʃanajo:,sanajoo_2d51eef7-3530-450e-9048-2652a3aef93c
säg,ʃʌg,säg2_2d575f27-16ba-4d8b-b93b-c3707a2b03f8
wooj tëëng,wo:j tə:ŋ,wooj tëëng_2daa9d38-6b7b-445d-bc18-22dc00b53dde
hũːt,hũ:t,hũːt2_2dab5f66-5578-47a2-bee1-414855d0f8eb
matatoor,matato:r,matatoor_2de11573-a933-4e44-9f6d-079cf82e42fc
na,na,na4_2df851cc-b722-41ba-aac8-b28779debd8c
adyg,adɨg,adyg_2e052b4b-7f72-4fa2-a40e-142713b2261c
mabəŋ,mabəŋ,mabəŋ_2e0a7a92-fed2-4403-94ac-b9bf1c602912
gewõõm,gewõ:m,gewõõm_2e184b1f-4cc5-4e46-ae1e-f9ec715f3722
mahãg,mahãg,mahãg_2e2ca2cc-1788-4303-bf33-129ffd28dd59
patuk,patuk,patuk2_2e68cc00-c5fe-4d28-ae84-197a9603094c
karawa,karawa,karawa_2e6ece77-44ea-4255-a367-ed7da5ab591b
tawʹëëd,tawə̰:d,tawʹëëd_2e7fefe0-205c-46ec-9ebb-7c16d4e32bd8
ʃaʃ,ʃaʃ,ʃaʃ_2e94cda9-c5b9-4f52-9502-e8a4b4e49a0c
nɨɨh,nɨ:h,nɨɨh_2eb06a57-667e-43a7-a53b-9905edcdca8f
nohiin,nohi:n,nohiin_2eb79e5f-8144-44dd-881c-e554c62de348
tamewoob hẽ,tamewo:b hẽ,tamewoob hẽ_2ec250b1-b35b-46d1-b317-a327c67b9182
kanés g’aad,kanɛʃ ga̰:d,kanés g’aad_2ee0c600-0fc1-45ee-803e-4332e97219c8
kaat,ka:t,kaat4_2f663e30-e5e2-4436-aa3a-06247ad235b6
gawʹëëng,gawə̰:ŋ,gawʹëëng_2fb03076-0f14-4f82-8e15-80490ce7afb9
mä,mʌ,mä_2fbb0d64-ddd8-486d-a94a-5e6d3a1db9fc
ahyh,ahɨh,ahyh_2ff28388-2e02-4fbd-b9cd-d074c4addb71
edëp,edəp,edëp_3002897c-a97c-4886-b7e8-355b2d3c9866
hesʹõõnh,heʃõ̰:ɲ,hesʹõõnh_300d2f0c-dd62-4b9d-a43b-5e8f7747620d
roor,ro:r,roor_3015a52d-88c5-432a-befd-e2eab5325dc6
pɔ̰ːh,pɔ̰:h,pɔ̰ːh_305a16c3-890b-41f0-bce8-2203310fd843
hʹyy kajooh,hɨ̰: kajo:h,hʹyy kajooh_305bdebc-1de9-499b-9aed-bb68341fa1ab
pa,pa,pa1_308fbbfc-68b7-49a4-80ee-e6c9ed0d5044
tʌːh,tʌ:h,tʌːh_30c25497-a03a-44a1-a1e1-9f49cffe7b53
kaój ag,kaɔj ag,kaój ag_30ca2df2-a560-4776-8df7-ff863320dc5d
b’aa täg,ba̰: tʌg,b’aa täg_30e5057a-b85c-413e-8a7b-ba95e3b99dc0
waroor,waro:r,waroor_310a012a-5389-45b6-ac33-6975f863c15f
b’aa pëm,ba̰: pəm,b’aa pëm_311ac980-0091-402a-b9f9-13163d494665
ɨb,ɨb,ɨb_3135659c-423f-4208-befc-ea379815ca59
ɨnh,ɨɲ,ɨnh_314efd94-d358-473e-b24c-e05b4d9e7dd8
gahõ,gahõ,gahõ_318e6d4d-a9e5-4040-959a-a584e218621d
papỹỹj,papɨ̃:j,papỹỹj_3194bd97-3568-41d3-ad94-fa7e9d5d6930
jó,jɔ,jó_319f5a88-6001-437b-9f8e-0dadc0a51d8a
jiʔ,ji,jiʔ1_31b0b311-2998-49fa-8b37-12703241099c
sẽẽj,ʃẽ:j,sẽẽj2_31d20726-ce1f-4f98-a01d-4dabbd5a7721
tame,tame,tame_31e29a2f-491b-4003-a502-dfec5bc71c0f
gadʹẽẽ,gadḛ̃:,gadʹẽẽ_31ec894a-0475-48de-9d61-b2a12b3a0778
õm,õm,õm_31f249cf-2b84-428d-8cd9-657c8d35e6f4
sus,ʃuʃ,sus_3202a661-7935-4b2c-8a56-eee0585ad265
rahanad,rahanad,rahanad_321ddb05-fdb5-451a-a1a3-c1290b2f484a
hetsyyd,hecɨ:d,hetsyyd_325d5721-2a3c-4416-878b-4113bdb1a9c3
jém,jɛm,jém_329bfaad-1fba-4ba9-8089-e68eca9d3486
tʌ̰ːh,tʌ̰:h,tʌ̰ːh_32b5d850-3ef4-4d75-b82b-0f2d5c089729
wäng,wʌŋ,wäng_32c1318b-5ca9-4b72-a7b9-e465bcd32c3a
gó,gɔ,gó_32db9835-81bc-4809-83fb-6b662dc0682a
ajat,ajat,ajat_32eac6de-1dac-4fe7-96eb-afb8fdd8a693
ʃawiːm,ʃawi:m,ʃawiːm_3304d40a-0ff3-4883-8eb2-39d590ec7ac6
hub,hub,hub_330a07e9-0341-422e-93a0-3e745dff7949
nɨng,nɨŋ,nɨng2_330d0834-a31f-4580-8c8c-cbd71bf686ab
k’ëë,kə̰:,k’ëë_33265ec6-c2f0-40d5-a1eb-edc43610b9ea
dapaːʔ,dapa:,dapaːʔ_3333ac40-bc29-4707-9d93-273c2ce18e40
goːʔ,go:,goːʔ_335d28a8-83a8-4e3e-9f34-2756b1b9ea7a
kanés gʹaad,kanɛʃ ga̰:d,kanés gʹaad_338788c5-1d3d-44d0-a465-c5ff6230dc7d
sii,ʃi:,sii_33c93f86-60af-4c20-81f8-b9e6c82adc18
madiːk,madi:k,madiːk2_33d37501-2096-43ca-8bdd-cfcc695acd7c
jɔ̃ːw,jɔ̃:w,jɔ̃ːw2_34037334-1723-44fc-b45c-32076978dff3
gatoj tëëg,gatoj tə:g,gatoj tëëg_34050e72-0ab9-4e5a-a79b-8d004e06888d
w’oor,wo̰:r,w’oor_3430ca49-d3b7-4b34-bff7-96d27c9662e2
kaat,ka:t,kaat1_343a6e41-2533-4734-88d4-d7e177d3c697
wʌːɲ,wʌ:ɲ,wʌːɲ_345e0be9-fd6c-4456-b6f4-f3418d520cea
piʃ,piʃ,piʃ1_34779d1b-888c-4885-8c33-f0cb9c912908
mayb,maɨb,mayb1_349e4dd8-a1ef-4b14-9928-97ae00ed26e5
hxãak,hã̰:k,hxãak_349f393a-4584-4d98-8af4-8b0677f466bf
baoom,bao:m,baoom_35359f04-bd23-4f7f-a81a-d7182961903f
kahetu doo manad ỹỹn,kahetu do: manad ɨ̃:n,kahetu doo manad ỹỹn_353a8f5e-339f-4540-a74e-8d66893d76e7
tsebé,cebɛ,tsebé_35ae34bc-cad7-4025-a65c-496e623e57cf
aboo,abo:,aboo_35be7096-61b9-46e8-a14b-3a6eedcc31c8
muːɲ,mu:ɲ,muːɲ_35d0254a-73e3-4fbc-8f59-095f2104a383
yõng,jõŋ,yõng_35e20f56-2cd9-4561-a9a4-50ff279c8973
ahʹook,aho̰:k,ahʹook_35fa4e5d-3c45-485c-86fc-f0fe63c0413f
bada,bada,bada_3607fbf6-6d6b-4cfd-92a8-0ba96e99f2ff
esʹëëm,eʃə̰:m,esʹëëm_363933ec-b540-4639-bebe-d40ffa99ebf4
kawajad,kawajad,kawajad2_36b45174-a9b6-440b-b816-1d552c94f171
waa,wa:,waa1_36bdcbb1-66cb-47fc-a7ce-1204359c2a61
ee,e:,ee_3721b800-dbe1-4f4c-a11b-ecaeda9dda09
ä̃m ỹỹ,ʌ̃m ɨ̃:,ä̃m ỹỹ_374ae5f9-5ac8-48f8-90d8-7c8e0fb479a3
sapuuw,ʃapu:w,sapuuw_37867b30-19ec-4639-8a17-3aa7b67aeaee
atii,ati:,atii_37d2c4ff-b244-43f3-a4ff-6b40b6697c71
asããm,aʃã:m,asããm_38063eab-2670-4f78-a543-2dcdf1d18be4
kayah,kajah,kayah_384cf412-8cb1-41f6-b481-a718b693ffdc
j’aah tyd,ja̰:h tɨd,j’aah tyd_38868053-3860-4b0c-a196-31868da6d09f
ajʹoog,ajo̰:g,ajʹoog_38df0e26-795c-4c4f-bea0-45589ea48f94
hã,hã,hã1_394e29a8-d5e6-4ae4-ab8e-0521acec8fd6
ɟɯ̰ːd,cɨ̰:d,ɟɯ̰ːd_39590426-26b6-4758-88c2-a6b59247e283
tah,tah,tah_396fe9f8-b06b-48e2-92a7-4335e87b321c
hewoonh,hewo:ɲ,hewoonh_397db076-cf3b-4301-9885-681cbbd2ec19
naga hẽ,naga hẽ,naga hẽ_3980fa65-cfdf-4ed7-8a6b-2b965258d604
ʃɔːʔ,ʃɔ:,ʃɔːʔ_39949de8-fe17-4f70-b967-2053c6b26204
jatʹiip,jatḭ:p,jatʹiip_39d4e09c-96f8-475d-b1db-cca095f620ea
awaal,awa:r,awaal_39fa617f-734d-4d5e-866c-120030def907
bɔːh,bɔ:h,bɔːh_39fbb0d2-2f48-4e16-8562-2d552408a466
ga,ga,ga_3a3057b8-06f5-4c13-8074-15a199fc3bb5
tataah,tata:h,tataah_3a4ece63-7d15-430f-a569-fd308bf3fa91
k’ããts,kã̰:c,k’ããts_3a94f9ae-6b60-4f40-8241-3d12b67a67be
kõm,kõm,kõm_3ade4628-db94-4ccf-949d-5a7dd7f9a3dc
sawasaab,ʃawaʃa:b,sawasaab _3aea6fec-8942-4caf-ab01-a448e89efaa0
tok ỹỹ,tok ɨ̃:,tok ỹỹ_3aee6c29-2602-4601-b146-47cf62c3c463
asok,aʃok,asok_3b09d234-1d9d-43fa-8d85-1600b775eff2
bong,boŋ,bong_3b1a08a6-8ce9-414f-9bab-545bf69233e7
pɔw,pɔw,pɔw1_3b1d2ebf-a02d-40af-8785-d224f18a481e
sareej,ʃare:j,sareej1_3b28e452-5d26-4a88-94a5-a228bff09db1
tũũ,tũ:,tũũ_3b535375-c8fc-4f63-bb26-128f9d1c478f
tyb,tɨb,tyb_3bb6a7d0-a26b-4813-80a8-80538d6f0eff
hẽ,hẽ,hẽ2_3bf2f3c2-3b71-4c02-9a24-b506631eabbb
abaah,aba:h,abaah_3bf47a35-c68f-4f2b-ae4a-3d5fbfc00be2
pãːn,pã:n,pãːn_3c54dc3d-a8fb-4e8f-bf74-224ddecc7652
booj,bo:j,booj_3c9337be-a478-493e-bed4-c0f035f02c63
etsẽẽ,ecẽ:,etsẽẽ_3c9fcac0-22c9-49be-a2d2-1be15de41af7
ʃɔ̃ɟ,ʃɔ̃c,ʃɔ̃ɟ_3cbecb22-d966-45e2-a70d-7aeed4c1b9b8
t’õõm,tõ̰:m,t’õõm_3cdcf804-ed94-4d32-8388-d8ed3cf4b239
dooh,do:h,dooh1_3ce71fc8-bcb6-49e2-aecf-4bba9da31ed4
tsyym saä̃k,cɨ:m ʃaʌ̃k,tsyym saä̃k_3d016d8a-6f9c-4d56-b8fc-92ef945a3b59
aeh,aeh,aeh_3d0b7e07-8f49-48f7-afb4-c7e4cf0c3802
atsyg,acɨg,atsyg_3d3ca524-9de1-4dbd-b4ff-793114c0a44a
aee,ae:,aee_3d4097da-3f43-4698-ba2e-27aa24c0da6b
këg,kəg,këg_3d7118b4-f28d-48cf-96da-1e6d671403c6
gɔ̰̃ːʔ,gɔ̰̃:,gɔ̰̃ːʔ_3d7b5908-83e6-4232-ad55-7eb73347179b
wət,wət,wət2_3d9e8a40-28bc-4880-9dc1-525d808cd0da
kawad puuw,kawad pu:w,kawad puuw1_3df027b0-fff3-4f27-bc4a-2e9a507a013c
aw’yy,awɨ̰:,aw’yy_3e061932-3d4a-46c8-9c3e-0879bbb207aa
hʹỹỹb baoom,hɨ̰̃:b bao:m,hʹỹỹb baoom_3e0aea77-e698-42a0-a972-531ee834a420
kado,kado,kado_3e326eb0-8e07-4c3e-8921-bd1519b9edac
atsëm,acəm,atsëm_3e48f310-3d32-4d81-9074-b841d0ae6f78
puh,puh,puh4_3e5a002d-3c9a-4d6e-b54d-d47c7a488500
ahũũk,ahũ:k,ahũũk_3e8c2dfa-419e-441c-b8a7-5792c1618c8d
tëg,təg,tëg_3e9706fe-48bd-40b2-95c5-b58ca6cc9388
kata,kata,kata_3eb7ccd4-c020-4a9f-aa39-6024fd8231ea
maỹỹn,maɨ̃:n,maỹỹn_3ee29e3d-5352-4c3b-adf8-d17f0fcc0206
abok,abok,abok_3f0ad664-b876-46e5-a273-9d4bf73b784f
wajats,wajac,wajats1_3fb72e42-5cf7-4b2d-b65a-71b38ccc0086
jadatog,jadatog,jadatog_3fe4e340-414b-45a8-9f44-8fa4206a37c8
mooh,mo:h,mooh2_3ffff461-ca95-48c1-818b-de080e69b22b
maëts,maəc,maëts_401e55d0-b859-4ce4-b1bc-350692fd76a2
kawed,kawed,kawed_401e72f5-e1dc-4968-bc4b-e9fc98db9a07
hawak,hawak,hawak_406031f7-243a-44df-ad13-e42e19e06c4c
tabus yb,tabuʃ ɨb,tabus yb_4061a782-ea88-4960-80c8-bb88f037d80b
pahuunh,pahu:ɲ,pahuunh_4074cb96-a23d-4f17-9d18-542ba4da5db8
koːk,ko:k,koːk2_40a485f9-ff7a-4411-9054-18c5766e39b4
hʹoo,ho̰:,hʹoo2_4113864d-2d85-4f29-909e-f8deb4a55023
esëëh,eʃə:h,esëëh_41147169-f0ca-4b81-8f59-25f9ea75d1e5
etsén,ecɛn,etsén_412c9d80-d967-4e56-9853-38c91ef3e7e0
tʌʔ,tʌ,tʌʔ_41669841-777f-4779-84d5-7b7bd263f7c5
etʹẽẽh,etḛ̃:h,etʹẽẽh_4197a191-56a9-4b31-a19b-7db11ecd7571
hʹyy kajóh,hɨ̰: kajɔh,hʹyy kajóh_41a3ada6-f6f8-47fe-9b36-cea84bd65459
kawatäg,kawatʌg,kawatäg_41aec77a-d380-4b9c-8389-8ca9c55826f6
ji moo sahõnh hẽ,ji mo: ʃahõɲ hẽ,ji moo sahõnh hẽ_41b7a6c4-69cb-4c16-82d9-1dbd63a69c12
nɔ̃ːʔ,nɔ̃:,nɔ̃ːʔ_41cd8839-c928-4e16-9eab-2f43ea87fec0
ji mehëëm doo,ji mehə:m do:,ji mehëëm doo_41cdd323-ee8c-4975-aba4-daf5052fc895
benyy,benɨ:,benyy_421a6c85-bd98-49b7-9fe6-54dd3456e147
majakég,majakɛg,majakég_424e954b-e4d4-430a-a308-e3a4ff48f6a9
ma,ma,ma1_4264a5f5-d297-4c5e-9ce6-80ae7193474a
hõõnh,hõ:ɲ,hõõnh_42868451-c808-4d59-afa0-bd2bce2b61dc
bag,bag,bag_42869094-4228-4205-b0fb-e7d95eddc3b1
hegãã,hegã:,hegãã_42931715-9a8f-4865-830c-5c56430ab5a6
wëm,wəm,wëm_429bd290-09e2-451d-876e-1e9f8f1d97e2
wakãn ỹỹ,wakãn ɨ̃:,wakãn ỹỹ_42f76161-a403-4bf8-b52f-0033ae31e7df
gawajad,gawajad,gawajad_42f86ba0-9354-4a12-85ca-fb6bb7981ef6
karasee,karaʃe:,karasee2_430d97ec-8027-4c94-a20c-9abe0c446010
besoh,beʃoh,besoh_43382369-637a-4e7b-91a8-d2a15d6e474d
akaaj,aka:j,akaaj_4356d4e1-bb4c-4d50-9e1f-0fd644063bfd
bebuu,bebu:,bebuu_43e0b62c-df25-4402-9772-5305e03bb339
gamãg,gamãg,gamãg_442a9fb3-e66d-4f8c-a0fc-2291cbef737a
janati,janati,janati2_44596d86-91ab-40aa-bd2d-c32eead8c0bf
hɨ̃ːj,hɨ̃:j,hɨ̃ːj_4462532d-74ae-455b-8433-5a21f8021359
tyd,tɨd,tyd_4468f4e2-2806-4ee7-8c12-fb65d3d3fe4d
se,ʃe,se_44710235-cb36-41d3-88f8-7a88edc7df2b
bato,bato,bato1_449069a7-b371-4bea-ab7c-b7db4e0eac98
ɟuːk,cu:k,ɟuːk_4490816c-a10c-4d52-a75d-fe876900d6a0
ho̰ːh,ho̰:h,ho̰ːh_44f1f84c-e4df-4217-88eb-ef261c0b564d
ji=mapoo bóg,ji mapo: bɔg,ji=mapoo bóg_4559a376-7d41-4788-9634-5b4d8e1044e8
sóh tyym,ʃɔh tɨ:m,sóh tyym_45cd1a5f-be5c-44f8-8f33-fcb130ed8dbd
jóón,jɔ:n,jóón_45d960e0-b762-437d-bca3-d9c02c5339c6
ʃũːɟ,ʃũ:c,ʃũːɟ_45f4d90f-6540-418c-a6ce-a30c452fdfb8
mawããd bëëh,mawã:d bə:h,mawããd bëëh_4621987f-cb9c-49bd-ac91-be605067fc58
gʉ́,gə́,gʉ́_462c2514-97e8-4299-94e0-5e36b5c1ab3f
sawyk,ʃawɨk,sawyk_4639249a-4c4d-48ec-92ad-2cda852204b8
no,no,no_46a5426d-16d2-4497-8aa0-73500cd7308c
akëë,akə:,akëë_46f2c675-ccd1-4908-8693-cea8ae7dc035
do̰ːb,do̰:b,do̰ːb_47303514-3cb9-4b25-89cd-865353c9646a
gawajaah,gawaja:h,gawajaah3_473237ec-7ec5-4fc0-88e7-d5033497445e
ʔək,ək,ʔək_4736ff14-7951-4702-8420-4b761777ed50
esʹõõj,eʃõ̰:j,esʹõõj_47398d7b-e389-44c6-af78-714635f7215e
gaw’ëëng,gawə̰:ŋ,gaw’ëëng_475a687b-0e2b-4a1c-bf41-4336e322a2b7
eboh,eboh,eboh_479d7d4d-db5a-43de-ab6b-6ec74ab9881e
ʔajɯːʔ,ajɨ:,ʔajɯːʔ_479ecbff-3f1d-44fc-907e-91ca5906164b
kanapiih,kanapi:h,kanapiih1_47fe5b8e-3eb3-4166-9d21-9e255bfeb45d
panʹaa,pana̰:,panʹaa1_4809c58f-bd46-4e6d-bb36-653e0b1ae33e
tahũũm,tahũ:m,tahũũm_480edbaa-0ba8-4eae-968e-71ba5dbe2438
pajʹëë,pajə̰:,pajʹëë_481e0acf-5957-47da-b623-158e07815ca8
maʃaːʔ,maʃa:,maʃaːʔ_481eb163-0cd4-42fd-8115-54fb20c95b08
ji hewoonh,ji hewo:ɲ,ji hewoonh_4854a607-ca5c-4691-85c2-15ce76dd6da1
hoonh,ho:ɲ,hoonh1_485e1de8-8cfa-4e5a-aa46-f0bc283b8323
tii,ti:,tii1_487f32cf-ecef-4acb-b46f-049fe7ed4361
mɨh,mɨh,mɨh_48a57db1-f031-4fb0-a057-d5006fb63d43
pʹyym,pɨ̰:m,pʹyym_48a754db-ea05-4440-bcad-eec33e19477e
ahyk,ahɨk,ahyk3_48a9115e-12fc-4ad0-a55e-3ff77821a07b
nayyw,naɨ:w,nayyw_48c32115-3de9-4059-b1d6-c262a1704223
bʉʉh,bə:h,bʉʉh_48d9cff6-c6db-4cc8-83db-4adadfe1b13d
nu gasõõm,nu gaʃõ:m,nu gasõõm_48dbda2f-b218-4d64-8db6-bd9b505c63ce
hyyj,hɨ:j,hyyj_49643aa0-9b00-45bc-9a06-f4da8d189eaf
wog,wog,wog_498db3e4-f431-454a-9be0-f767c01c3ed5
saroop,ʃaro:p,saroop_49b0da68-47ae-42c0-ac17-b23a42c0e42e
karaak,kara:k,karaak2_49cb17c7-16b1-4a6e-a0e1-c1b1b7c2654e
mukejar,mukejar,mukejar_49cc4b48-66d2-491d-a6a9-633a44661353
haja,haja,haja_49f6d689-75ba-4e67-ac49-a2dc99d9a511
ejẽh,ejẽh,ejẽh_4a2970f7-14e2-455c-831a-3ffc4f6cd078
hɨɨh,hɨ:h,hɨɨh1_4a6af09e-19e4-45b8-8276-00edcd7b1ff8
hõm,hõm,hõm_4a712cc3-64f7-4370-a697-8992d4110af5
pamãb,pamãb,pamãb_4ab1e3e1-b214-4f07-b07a-2378f914bdbf
rʹood,ro̰:d,rʹood_4acc9cdb-de0b-4f94-b9e3-ebe14eadfa07
hʹyy gadajah,hɨ̰: gadajah,hʹyy gadajah_4ae5f5e5-3408-4e14-8d13-cbfa3f84c827
ɾṵːɲ,rṵ:ɲ,ɾṵːɲ_4ae8608d-42ec-4b15-b5f6-62cf14285128
petsʹyyt,pecɨ̰:t,petsʹyyt_4aef1e79-faa6-48c5-9b25-917643b48366
kasuud,kaʃu:d,kasuud_4afcce50-2b38-49e5-bec1-1732ce913571
hop,hop,hop_4b4b4a7f-c3b7-42b3-973b-026c02b2531c
nxoo,no̰:,nxoo_4b7dce3a-006c-458c-ba0c-bb5e1c53defd
nä,nʌ,nä_4b7f5948-bdce-4500-aff6-a4162c201a26
s’ỹỹ,ʃɨ̰̃:,s’ỹỹ1_4b90f87b-b955-4578-a4eb-450e5425a275
gawajaah,gawaja:h,gawajaah1_4bcdb228-d5c9-43a8-91d9-692c155c8ffc
hahiin,hahi:n,hahiin_4bcf73a7-26da-4805-a046-fe9271f5bcc2
esĩĩn,eʃĩ:n,esĩĩn_4c031899-2d3d-4fe6-819a-76005cb92d76
hajõk,hajõk,hajõk_4c2a000d-241d-4b5a-b205-8c46b9773691
hadʹyyk do,hadɨ̰:k do,hadʹyyk do_4c8177bb-2375-4df9-9160-25cf0798c70f
masuuj,maʃu:j,masuuj_4c9cc54a-4523-4687-8cb3-d1241b4f9c64
gasoom,gaʃo:m,gasoom1_4cbf1e75-3511-49fe-a915-2400ecd03edc
etsʹẽẽ,ecḛ̃:,etsʹẽẽ_4cc08e25-0d5f-42c1-ad63-075b211df095
ɾoːɾ,ro:r,ɾoːɾ_4cf16e5f-320d-49e2-a128-4ae50a674b2b
jigamʌ̃ːʔ,jigamʌ̃:,jigamʌ̃ːʔ_4d0f04ba-38b1-44d2-86c9-67c8cfd820d7
nxaag,na̰:g,nxaag_4d2665d4-3bdc-4b89-a07a-8dd9f79e34b9
jaré taah,jarɛ ta:h,jaré taah_4d4eb2ed-77ee-4e8b-b99f-4cb0aeda99c6
hagʹããs,hagã̰:ʃ,hagʹããs_4d9901f6-f587-460a-86b1-a99f9948abda
awõõs,awõ:ʃ,awõõs_4d9a5477-32f0-44d7-9cf1-8a8145d3fbbc
tóop,tɔop,tóop_4d9f2b8c-b30c-494b-be1b-4cff8c168086
ma=,ma ,ma=_4d9fb59f-a91b-4993-be66-06611c118977
kewëëm,kewə:m,kewëëm_4dcaecdc-f430-42e3-8fe0-3845200ac299
moo hajaa,mo: haja:,moo hajaa_4e172768-431f-4ec3-bae9-ac35eb37ca87
jawyk,jawɨk,jawyk_4e1f40a1-8c39-45c3-86b9-92a152d8e952
biːʃ,bi:ʃ,biːʃ_4e4766cf-1634-41cf-8f2b-8a53fcce110d
du gahõ,du gahõ,du gahõ_4e616741-d400-4f88-b628-3ec6f301c861
matug,matug,matug_4ea45a05-e572-439d-a59d-3e3dd960ec0f
aj’oog,ajo̰:g,aj’oog_4eda5c75-4a85-49e4-b922-0ae5fbf34b5f
hapaleeh,hapare:h,hapaleeh_4eefa06d-9d21-4ded-a3a6-0923b0c4d903
pɔ̰̃ːn,pɔ̰̃:n,pɔ̰̃ːn_4efe0b96-672b-40ed-9e97-49828ac4667c
hehos,hehoʃ,hehos_4f8b69c2-57d9-4904-91aa-2a5470eea28e
mabaah,maba:h,mabaah1_4fd676f8-cdb4-436b-87e3-2cc5dcfd33d6
na,na,na2_502c638d-8616-4812-b966-7966da16815b
bawät,bawʌt,bawät_502f994c-e0e8-444f-94d4-e196e8844ad6
wɛm,wɛm,wɛm_505924e7-a7a4-4f83-9710-4453b3e9047d
hedoo,hedo:,hedoo_50710311-5077-4000-ba6a-e9122b2a1290
tamɛːʔ,tamɛ:,tamɛːʔ_507bc40f-6bb9-446c-9aab-0a875a05c74c
kawajad yb,kawajad ɨb,kawajad yb_5091ec77-fa23-40f8-af80-3083c2a9ebea
sẽẽj,ʃẽ:j,sẽẽj1_510a6ef1-8619-44c8-b488-c6d71e13911b
maʃɨːh,maʃɨ:h,maʃɨːh_516a18a7-044b-47cb-a43b-2b963878253c
ganebëëh,ganebə:h,ganebëëh_519371ad-8e47-436a-b8ee-7bea8506ff09
babʌʔ,babʌ,babʌʔ_5218fe78-92c7-4850-b139-d29849e7363b
piʃ,piʃ,piʃ2_524d6575-0649-4173-b87c-f1864f9b8139
tʹĩĩ hẽnh,tḭ̃: hẽɲ,tʹĩĩ hẽnh_524e8f28-14f9-4dc9-a090-7da114fd7c89
təg,təg,təg_5274f710-a448-4a0d-9978-07c63581e8d3
kɨːj,kɨ:j,kɨːj_52c5aada-536f-45aa-a6e7-20ab26391e30
doo,do:,doo2_53082cdc-d65b-4949-9404-3a47fd80f8b5
akus,akuʃ,akus_532675cd-55f8-4daf-91ac-6fb60478016d
mahʹõõk,mahõ̰:k,mahʹõõk_539045c3-27c3-4505-bfd8-c07905439195
hỹỹj,hɨ̃:j,hỹỹj2_53908455-3b39-4ca5-bc5b-bdcd9f258d77
boːɾ,bo:r,boːɾ_53a9ee77-0d55-48a2-98e8-b90c5cf663ed
t'aah,ta̰:h,t&apos;aah_53b37a98-9c06-4c23-b5d8-447f89451984
naʔəŋ,naəŋ,naʔəŋ2_53d64a2f-8e76-45e0-912f-3064e781e9fa
hood,ho:d,hood_53da5edb-5f86-4600-8bbe-1d02414790f6
wyyw,wɨ:w,wyyw_53e36f05-f876-4b30-9d3d-4be4ec11a4ec
masäk,maʃʌk,masäk_53f6205b-cb80-42ad-82da-874ffdd862c4
ajãn,ajãn,ajãn_542c8377-02d7-46b2-a5d5-238ce60994a9
tatók,tatɔk,tatók_543193f1-37f9-46ea-8153-ae2c27968997
jxɨɨt,jɨ̰:t,jxɨɨt_5433c61f-5cd9-4e4b-a03d-7eacb676ef0e
bahesoos,baheʃo:ʃ,bahesoos_543ac391-204a-45b6-b0db-ba18adc0f810
buuj,bu:j,buuj_54613d00-08ea-44ed-b996-59610ba3cac6
ma,ma,ma3_54731d58-1347-4780-981b-8e439d93d277
ma-,ma ,ma-_54824c04-d384-4521-8a42-3b26b9a0c86e
po̰ːh,po̰:h,po̰ːh2_54d92d11-2e4d-45ab-b4b2-76011f12d6a6
kamasi,kamaʃi,kamasi_557c586d-90af-49ad-b78b-b719e6d0ae25
sahõnh (hẽ),ʃahõɲ (hẽ),sahõnh (hẽ)_55883422-b63e-469c-8862-43624dc70b16
ahõm,ahõm,ahõm2_558e9afc-9ba2-4539-a7f6-4f97c105a800
dawug,dawug,dawug2_55cf9274-5e64-45ec-938b-4b57786cd164
me,me,me3_55d072cd-437b-41d7-91ee-f93cf6856d86
asʹop,aʃo̰p,asʹop_55e919f1-5e17-4f6d-9559-021124620cff
padʹëëk,padə̰:k,padʹëëk_5605858b-fe54-44a5-8058-41087e4f5777
ʔɯm,ɨm,ʔɯm2_56948ee3-6282-4ea9-842f-46e5f2484283
maa enaa,ma: ena:,maa enaa_56b1a3e3-8588-4e67-9dad-5d1c67ab4eeb
jɔh,jɔh,jɔh_56c233ea-acd0-4bcb-8ae9-a58efc146d9b
aju,aju,aju_56ea33aa-145e-4f13-a0ce-5192ec690e52
tɨng,tɨŋ,tɨng2_5724ff6d-c354-4517-881f-ba3c003e92d2
bung,buŋ,bung_5748fd7b-1d89-45b1-9f10-c880f23bf815
wʹeets,wḛ:c,wʹeets_574901cb-b566-4eb9-a4ef-ed3b3331ef75
pëëd,pə:d,pëëd_575e234e-0e14-44a8-a947-b90d4f165f7b
nuuj jé,nu:j jɛ,nuuj jé_5771cfc1-30a5-421d-bff1-2c45eb76fff9
marahud,marahud,marahud_579cf0f2-5521-4f7c-8650-e9e7775a6a6d
tsabʹaat,caba̰:t,tsabʹaat_57b2a7c2-5262-4406-921f-931309005107
puh,puh,puh1_57bb72df-4cf6-4402-bd61-4bed152962c0
garagoor,garago:r,garagoor_57e621a4-fa0b-4684-93a2-795b1b3fc912
dyg,dɨg,dyg_581fa819-9726-49ef-9ad8-ab518abf0284
tʹaah,ta̰:h,tʹaah_58825302-35ee-4cc7-ba14-51e09b12f26f
bʹoow,bo̰:w,bʹoow_58f3af21-562e-4ed9-a323-803b746fa4b6
kejën,kejən,kejën_5915aa49-0a4d-4cc2-8be5-b54c2ca89656
nuu me,nu: me,nuu me_5921bae6-4777-4444-be41-a1db8d4ba21d
baːh,ba:h,baːh_596a8d5b-6bfc-4eab-af6a-25899b14ff12
manɨh,manɨh,manɨh_59b15e4a-d1a6-4c95-a8b5-4554b63a4cf8
bëëh,bə:h,bëëh2_59d8bf5a-dd20-44e8-b7a9-5081bab044ae
däk,dʌk,däk_5a08046d-1fe7-4f4c-90da-d3954401cd24
karatu,karatu,karatu_5a0df1f2-ad66-44d9-8b7e-ebb5d37aee27
ỹỹj,ɨ̃:j,ỹỹj_5a1c00f9-4ec3-4e16-b5fe-91e9b4916735
ʃaːh,ʃa:h,ʃaːh_5b3da68a-6968-434c-b4b0-7f6f03dba96a
bäp paah,bʌp pa:h,bäp paah_5b916bfd-0668-4638-82cc-6e980917b4aa
bakõm,bakõm,bakõm_5b96fb5b-7007-416d-a88e-90c0d01888c3
jabaɾuːt,jabaru:t,jabaɾuːt_5bad5a7b-1227-4ba0-aaca-042c0906d02f
yiti,jiti,yiti_5bfb89d7-3578-42e9-8438-80ffbbac6144
hä̃j ỹỹ,hʌ̃j ɨ̃:,hä̃j ỹỹ_5c1a1620-d4fc-4dd4-9a32-7179744fe43f
jëm,jəm,jëm_5c2a82e1-ebb7-4287-90df-d3a28ccaa053
ji,ji,ji_5c846915-d6fc-437b-8c7d-67cffc4f1362
bahʹood,baho̰:d,bahʹood_5cc0dedf-d5e2-4ecc-bcfd-2380f2e3b861
tsahë,cahə,tsahë_5cfa9979-b8ca-4393-9234-ec3d6f1654a4
nahõ,nahõ,nahõ_5d0902e6-8cf1-438b-b3fd-5e9c35046af4
wät,wʌt,wät1_5d09351b-974c-44f1-80d1-83bd54c0c5c3
awëënh,awə:ɲ,awëënh_5d354e7a-373f-43e7-a04d-51fa7ec24097
wapiːt,wapi:t,wapiːt_5d48e59f-e89b-450f-a91e-94535ea368c6
tsebee,cebe:,tsebee_5d57c0a2-1c6e-414c-bb6f-95d298c46385
paah,pa:h,paah_5d6b8726-aa64-4b93-9329-884a1e4b1af8
ju,ju,ju_5dae869a-3b1b-46a6-8326-74a340630984
tatóg,tatɔg,tatóg_5dbc36fa-c1b5-4ad1-a024-87bd445212cb
moo nʹaa kawʹaad,mo: na̰: kawa̰:d,moo nʹaa kawʹaad_5def2f37-5800-4787-845c-d76a8cb9435c
panaar,pana:r,panaar_5df6f1bc-f203-4ab8-a0c6-d9a93b1400f2
tä,tʌ,tä_5ea024ce-8d5b-461c-ae96-97daffe5dbb0
asung,aʃuŋ,asung_5eb52b6b-ef0f-4d9d-aca8-90a2eb3d10dd
egʹook,ego̰:k,egʹook_5ec7aac4-cca0-47a4-a577-0600f5e9d0f2
masxãah,maʃã̰:h,masxãah_5ecd9230-e108-4922-aecb-9b7a921ae9b2
ahõng,ahõŋ,ahõng_5eceaf57-d989-4dc1-9a1f-72045734eeed
dasẽm,daʃẽm,dasẽm_5ed89376-15d1-459a-92d5-e3257cac88d0
awëë,awə:,awëë_5f29ef42-d977-431b-b92e-22c38ee3a8cc
mawyyt,mawɨ:t,mawyyt_5f74d4a3-54da-44ba-8ba4-d5ab20a32d82
esʹaak,eʃa̰:k,esʹaak_5f8affce-0fec-4b50-95ae-c2f3a8c3ad73
lxood,ro̰:d,lxood_6014263a-2bf5-4bc5-9ea3-0189c7dd05cb
tooh,to:h,tooh_6043f2b6-842d-49d1-9764-2fd9ab21b3ba
Wajats Byy,Wajac Bɨ:,Wajats Byy_60a238fe-96bd-4552-a789-6bae10ebad20
abʹëëh,abə̰:h,abʹëëh_61005ddd-f254-40c6-b2cd-2f1a0e5ce7b4
yóóh,jɔ:h,yóóh_610712e1-1290-4290-82f3-37d1b18d75d4
hamäh,hamʌh,hamäh_611ef3be-8c5e-49a9-94c9-f1121405e643
egës,egəʃ,egës_61488996-6900-4ab7-8a68-cd73cc594136
ejäm,ejʌm,ejäm_617a8588-a4c9-4f09-9bac-7006c8e84e31
bʹëëp,bə̰:p,bʹëëp_61864f59-37ff-4169-92dc-b8034e5db3e3
hʹỹỹb,hɨ̰̃:b,hʹỹỹb_619d57b3-8d4b-4700-b236-f85239dd9576
ahyy,ahɨ:,ahyy1_61e60646-ec61-45fe-ad25-484258f826ec
karag,karag,karag_62409d92-e1a8-40e3-88f3-053f8d755bcb
basoo,baʃo:,basoo_627305fe-b9ca-4756-a2db-7d18e6125b3a
awad,awad,awad3_62a55d3c-fa39-4a7a-8dbf-01f9b2c196bd
awad,awad,awad1_62af62ce-e032-4079-87dd-c24ef0653b3d
boog,bo:g,boog1_62ca10cf-1f6b-4649-90fa-b022c5c34283
mabaa j’aa,maba: ja̰:,mabaa j’aa_62ec0703-d3bc-4f3b-a7c5-e747a908ad48
mäh,mʌh,mäh_63073248-c558-4fc1-8f4c-63527c9e11c7
myym,mɨ:m,myym_632462d5-0968-40f4-a457-813d01824927
ʃoːʔ,ʃo:,ʃoːʔ_634a34c1-ac25-46b2-88d0-2498c1253e6f
ji gamehỹỹ doo,ji gamehɨ̃: do:,ji gamehỹỹ doo_636377d7-1beb-43af-9847-12601662d920
hẽnh,hẽɲ,hẽnh_63c8102a-b241-4712-a838-70b21b5a086e
kamepi,kamepi,kamepi_6426627c-3e6d-4182-be13-42d60e931451
tuʔ,tu,tuʔ1_642a1cd9-3436-4208-94d8-0df53611f237
nyy,nɨ:,nyy_643d5c8a-5d5e-45f2-8593-948d3196fec9
esoom,eʃo:m,esoom_643f0104-b9a7-4133-b4f9-46670305d01e
karahʹëëts,karahə̰:c,karahʹëëts_64589d1d-687e-431a-9434-15abd1193369
nadëb,nadəb,nadëb1_64797e4a-07d3-4f0b-a899-0a27e395ea25
ɟawɨb,cawɨb,ɟawɨb_648111f5-c15d-4352-891c-04045cc48f02
nãbɤːh,nãbə:h,nãbɤːh_651b7186-2efe-494e-bd70-791d86938189
hajẽm,hajẽm,hajẽm_651f8cf6-18b6-4b11-9e4c-ef83d23e51d8
hỹỹ kä,hɨ̃: kʌ,hỹỹ kä_6528ead9-964c-4e32-81dc-b4d3af78022f
txõom,tõ̰:m,txõom_65668337-e2b9-496c-80a9-264d9e8e24a1
adäng,adʌŋ,adäng_6578aad5-11c4-4780-ab89-5f33251e5c3e
terʹood,tero̰:d,terʹood_65ad6eee-f8b9-44d1-8184-e611ee027971
ty,tɨ,ty1_661588a1-d6ed-4426-a16d-c316492616e3
ejoom,ejo:m,ejoom_6619529f-3c74-4534-9c94-58b32e97e01a
kaja,kaja,kaja_661cf15c-fe73-4d92-997c-a7572c531f9b
pʹop,po̰p,pʹop_663cf027-4684-4541-a231-ff7dea82110f
mariij,mari:j,mariij_666383bb-b09a-4b6f-ac6e-83dcafaf8ed5
tsararẽ,cararẽ,tsararẽ2_66896dbf-a84f-4a97-aad9-0d1abb8199e7
hiːh,hi:h,hiːh_66d26891-79d8-4e55-bd38-4345ac314076
akaaj yb,aka:j ɨb,akaaj yb_67407264-1414-46ba-9fff-54a210cc433c
hʹyy gaʹẽẽnh,hɨ̰: gaḛ̃:ɲ,hʹyy gaʹẽẽnh_6757fa7a-e3a0-4c5c-bd31-9cf0544a16c6
sëëj,ʃə:j,sëëj2_676891fe-11be-4098-ba43-4c4bd187bf1f
wiːʔ,wi:,wiːʔ_6775cf67-0f92-4ae5-a67c-dcd6102dce40
paawä,pa:wʌ,paawä_677bdab2-0a3d-4cd2-baf5-fa4d83f56c34
jaɾaːk,jara:k,jaɾaːk_67892484-cc37-4642-b7d8-f72b736f6254
maɾahuːd,marahu:d,maɾahuːd1_679546ee-b5b5-4815-a4dd-08862405b791
awẽn,awẽn,awẽn_67ab9868-f5fd-4e70-ba5e-05f6f1fc08f3
hetsyd,hecɨd,hetsyd_680a43db-9291-4adb-9a2f-cb28b8494760
jabas,jabaʃ,jabas_680ab096-1c0d-4af3-9dc8-92f2320e067e
waraja,waraja,waraja_683c1d7f-eef3-4a57-a336-e0efda31e702
ahaa,aha:,ahaa_686c862e-f8bb-4b61-8c2d-d07f36bd5a6a
ʃawɯk,ʃawɨk,ʃawɯk_687394cd-d7e8-4953-99e3-6c1caa551f59
ããh,ã:h,ããh_687bdf1f-bff9-478e-97f1-33aacaf092cf
wɛːɟ,wɛ:c,wɛːɟ_6884ab96-6eac-4ba5-928f-9d985edf2221
noo gasaats,no: gaʃa:c,noo gasaats_68f7c0da-4f7f-453c-825f-9cc7657e0e94
patug,patug,patug1_68ff8d38-34fa-472c-87a3-4bada7ef12a6
ra,ra,ra_691deaf6-11ec-4636-828c-82636a8e4eac
me,me,me1_69935547-234c-452b-a397-06c63051952f
ʔoːw,o:w,ʔoːw2_69b65da0-efcb-44b5-aec4-0fcab8590956
ỹỹ,ɨ̃:,ỹỹ1_69bb7e8c-5cfd-44b4-ae68-52a804cc60ed
dyyk,dɨ:k,dyyk_6a1391bb-1f7a-4415-8f8e-23390fb46721
kook,ko:k,kook_6a2444a1-51f9-429d-83ad-2dbc45c37cc6
säg,ʃʌg,säg1_6a527141-817f-4a53-a47f-032cdbde864b
ma wëëd,ma wə:d,ma wëëd_6a5a6d9b-e53c-43d3-899a-cc60e56ffab8
hewõs,hewõʃ,hewõs_6a72a230-5be6-4f74-bedc-23bea92fa0be
boːh,bo:h,boːh_6a7b644a-7672-4290-94f5-4f812ad24772
haa,ha:,haa_6a83eb37-c1ab-4dc2-8210-1d9195abca43
naʔəŋ,naəŋ,naʔəŋ1_6a936ca2-4b81-4ef8-9523-96493e28028f
sʹoow,ʃo̰:w,sʹoow_6a95cdaa-7d5e-4688-95a3-6ecb4731f4a4
apëëh,apə:h,apëëh_6a9e3b06-de1f-422d-a058-053dfc248b66
kajero,kajero,kajero2_6b30fdcb-86a6-436d-af31-21759a33458b
ta=,ta ,ta=_6b321888-48e5-4284-8888-97bf4c031f6b
ba,ba,ba_6b7a5021-dce2-4c28-9d18-c59209596756
ja̰ːʔ,ja̰:,ja̰ːʔ_6b9116ec-f02f-4b64-8159-8be45e5e7321
ajooh,ajo:h,ajooh_6b941ece-fe4f-4d4e-a905-9b463ae697d4
jɔ(ː)n,jɔ(:)n,jɔ(ː)n_6baf0fad-5cbf-43ae-ab67-5b57b7caaccd
nu hajóh,nu hajɔh,nu hajóh_6bf1f3bb-dcb1-4824-a92d-de6b44718126
majẽ ỹỹ,majẽ ɨ̃:,majẽ ỹỹ_6c0165cc-4959-42c0-93b9-412aca283abd
kalaak,kara:k,kalaak_6c0ebcef-768a-4881-8c44-9ab7a2e1b943
ehëën,ehə:n,ehëën_6c137c3e-c6ba-42fc-8e6c-d92b4e367289
watuːɾ,watu:r,watuːɾ_6c6d6af3-914f-4223-af5b-893f529f5156
daːb,da:b,daːb_6c6f913f-603e-4dd7-99d1-c9122d333283
tug,tug,tug_6c751529-23ec-405f-bec2-ac9a1cd2a826
agõõh,agõ:h,agõõh_6c755d0f-ffd9-4912-88d2-daaf488e9cf3
agʹëëm,agə̰:m,agʹëëm_6c7780ef-c5f7-4b37-aeb1-04d62d9fcad3
arijap,arijap,arijap_6c8b4bd9-72a1-4a11-888a-1bcf195706d0
gekyyd,gekɨ:d,gekyyd_6ca636af-94eb-4d80-9f67-97948451f2bc
wapad,wapad,wapad_6d1f39e4-a447-4cba-b3ff-b4b8f1eed9ae
jahamad,jahamad,jahamad_6d3a98b8-7a59-4188-ab3b-8ebcdb2d3359
mahang,mahaŋ,mahang_6da7140a-20bc-4055-a9dd-9fe336967a74
betoo,beto:,betoo_6daa649e-681d-471b-a907-1a64264040fb
wakããn,wakã:n,wakããn_6de60702-4c52-4083-8679-c1460f9d3143
saah,ʃa:h,saah_6e02a210-1c01-428c-a1b3-d6080453fb63
ji waa hood,ji wa: ho:d,ji waa hood1_6e04e910-8a07-4997-b6d1-12f9d592c7ae
wakan,wakan,wakan_6e0690f6-875a-434f-aebf-7505b7094008
datu,datu,datu_6e26e381-4219-4b74-9333-70f0ea5f6d4c
ti,ti,ti_6e529536-55b7-49da-b65f-093cf90a0686
abëëh,abə:h,abëëh_6e59c75d-2c2e-434c-b175-579c2363b6c5
mahõk,mahõk,mahõk_6e9f39fd-5ff5-47ac-b69e-1c9432b66c90
jɔ̃ːw,jɔ̃:w,jɔ̃ːw1_6ebd14c0-8179-41f0-ab5e-4b513be56743
yahuun,jahu:n,yahuun_6ec5b2d9-53a2-4e8b-8527-bb67d204eb18
ʃɔːp,ʃɔ:p,ʃɔːp_6ed80681-abaa-4ad6-894e-771dfb41aa9c
darung,daruŋ,darung_6eef50fb-81f8-4589-9a04-d859e7d005b9
kadiib,kadi:b,kadiib_6efe9b35-c580-474e-921c-c2b5a0ac665e
karak,karak,karak_6f6f498f-e045-44a7-b814-505bba4b8eb4
napits,napic,napits2_6f7520d1-88be-4ec1-85e9-1dd2931da488
pisããn,piʃã:n,pisããn_6f7bd4d3-06db-495d-94ed-c56633293344
wät,wʌt,wät2_6f82fc68-dc2b-409a-86de-9dcd3f28347e
ty kawʹõõd,tɨ kawõ̰:d,ty kawʹõõd_6feabb71-d7d5-49ea-8177-21a79088b2eb
ɾãj,rãj,ɾãj_6febe128-074d-4333-95c3-ec6d614a6d52
benyyh,benɨ:h,benyyh_6fefb953-1586-49fc-9d1d-b2dd3084933a
heg’ããs,hegã̰:ʃ,heg’ããs_701ede49-6082-49ba-9bb8-839bb0f857e8
ag,ag,ag_702442e0-1dd7-4ab1-a6a8-7f142bf7e823
nu kasewä̃n,nu kaʃewʌ̃n,nu kasewä̃n_703eb3cb-7eb8-40b3-a918-1577508e601d
pɔ̰̃ːd,pɔ̰̃:d,pɔ̰̃ːd1_708f622c-e2c2-456a-a655-0df9b7f44ae1
gawaja(h),gawaja(h),gawaja(h)_70a91ef0-c2f3-423a-9b33-f394a9ea55af
gëëw,gə:w,gëëw_70fc9c7c-beca-459a-a973-51d3d66e4ec4
ahʹũũm,ahṵ̃:m,ahʹũũm_7101b90d-ca9a-4580-9d2a-d92b4ebe63d7
wʹoo,wo̰:,wʹoo_7129100e-d981-4dd4-bc48-1b86037bb2d4
takʹëp,takə̰p,takʹëp_713254c9-c9a3-408e-89d8-f85183abb1e8
wawʹoos,wawo̰:ʃ,wawʹoos_713c2e49-683d-4b4c-b21a-cb6fbd07c005
ʔɛːj,ɛ:j,ʔɛːj_71537484-6042-45a2-b10b-0e64b182d75e
asʹoop,aʃo̰:p,asʹoop_71c0e137-a8b7-42b8-9ae2-97f2f748b234
tamaːh,tama:h,tamaːh_71db4032-746b-4431-8e46-c8e548fc84e8
tabɔd,tabɔd,tabɔd_722cdc06-b06b-423a-a68b-5eaf8634afd2
hoːg,ho:g,hoːg_723e50e1-90fb-40f4-bc9c-896a5af946c3
ny noo gó,nɨ no: gɔ,ny noo gó_72787a80-12a4-4c42-9382-ae718c231d83
tamiih,tami:h,tamiih_727b15c7-d50c-4a5b-bdf2-25524d64064d
dakëë,dakə:,dakëë_72943245-797e-4342-b159-2272bb0b1243
so,ʃo,so_72a73287-e2c7-4dff-9dc7-0822773c112e
ji tyyng,ji tɨ:ŋ,ji tyyng_72aa4577-3522-4de8-83c7-e71442e19efd
hiwiʔ,hiwi,hiwiʔ_72b3cc1c-0855-48c3-a313-77ddde846f2a
enä,enʌ,enä_7325b2db-5108-4af0-a8cd-e247a9f21bba
hataa,hata:,hataa_7341f5d4-0dea-4b5d-b519-76b8be9caaca
karaba,karaba,karaba_7354ca9f-c488-41c2-aec5-27ce9f1a2a6c
majoːɾ,majo:r,majoːɾ_736c5590-b31b-4510-b141-5baa8624fc3f
jaah,ja:h,jaah_73c5535f-972b-4711-b80a-904d9c468a08
ʔɯm,ɨm,ʔɯm1_73d74d6f-08f3-463a-adc3-37a43c4c0786
kane,kane,kane_73d83938-7dd3-4d14-8827-94003b6ffa18
tat'aah,tata̰:h,tat&apos;aah_73df0f03-b64d-4afc-a11b-8558da89c891
nu k’ëë,nu kə̰:,nu k’ëë_740bd66c-bce6-41f0-b0db-badc43e94128
taɾabḭɾ,tarabḭr,taɾabḭɾ_7419cdf8-6b8c-44f5-9517-0b846de8ecca
dab,dab,dab_743da3f0-1447-4165-a2ee-5679ce305399
ji soog,ji ʃo:g,ji soog_74595da6-313c-4cb2-b5a7-77ef65a283f6
ji ma poo oow péh,ji ma po: o:w pɛh,ji ma poo oow péh_7461304a-4ba5-4aec-bdc6-221a73962407
hʹoo,ho̰:,hʹoo1_746c2ad7-35e8-4088-9b55-252da268e7a8
ʔʌ̃ɲ,ʌ̃ɲ,ʔʌ̃ɲ_747ec3c6-e1ec-454b-a23b-043d66e7611b
ahyyh,ahɨ:h,ahyyh1_7491ca4e-d841-47c4-9f9e-cfc66b856aa8
aä̃,aʌ̃,aä̃_74df2d38-d4c9-40fb-98a2-8b980f93bfde
tii bä,ti: bʌ,tii bä_75358cb5-8680-43f0-bb72-90e5bd7595ff
arook,aro:k,arook1_755a9854-5522-45a5-81f3-48a5d642443c
paːɟ,pa:c,paːɟ_7569e0f9-e595-4b3e-8f10-829c81231901
har’ëëng,harə̰:ŋ,har’ëëng_75809c11-9e9f-4fef-a92c-c3fa46828610
abooh,abo:h,abooh_75980a60-b041-4e09-8baa-7c31b0755126
depaa,depa:,depaa_75bd1f7c-9858-415e-b5af-2dd2e7fe79ab
ɨh,ɨh,ɨh_75c83f39-6f85-4520-ac43-01d873a3fc0f
kaan,ka:n,kaan_7614d499-7ba2-4fe8-8764-704e13c61d5f
wah’ëë säg,wahə̰: ʃʌg,wah’ëë säg_761d05d9-bb09-467e-b1fc-f9eb4975877a
daar,da:r,daar_76bad5b4-e619-4d3c-b911-8e14ae184d16
ä̃h,ʌ̃h,ä̃h_76c0c9b7-a018-4dfc-914d-28f21d9c1e80
txaah,ta̰:h,txaah_76c1c025-6ed8-4cf0-9263-067a23730875
adäk,adʌk,adäk1_774abf52-37f4-472c-9e05-0d6566bafdfe
tsararʹẽẽ,cararḛ̃:,tsararʹẽẽ_7782df10-d3ef-4a40-9740-8e8a32c0d2ad
ʃɤːʔ,ʃə:,ʃɤːʔ_77981701-bff1-498b-a88b-f2ff0d46a7a2
eba(h),eba(h),eba(h)_7865f86a-bc3f-4cbc-94a2-1b2a25389631
anaak,ana:k,anaak_786a66da-ee64-4cd0-b5d7-d98c0ee6d3be
awʹõõj,awõ̰:j,awʹõõj_787ee2a4-05a5-4f61-8dd9-caf10e842f21
wʹëët,wə̰:t,wʹëët_78cc870c-148a-4b0a-b684-18e13bce9b43
goor,go:r,goor_78eea66c-9fe0-4ee5-a7ca-79a089efa999
papuuj,papu:j,papuuj_7915d923-4f4c-4561-b7d2-ae701a0032ec
awaar,awa:r,awaar_7941eab2-6521-4894-ab06-a769c7e59eba
dõm karekẽẽt,dõm karekẽ:t,dõm karekẽẽt_79484fd0-7647-445a-8385-9f00f9238675
myyj,mɨ:j,myyj_79d22043-a50a-490e-92dc-1dc765665621
gada,gada,gada_79da67ca-9ef7-4e25-9934-3fa80326f1e7
aoot,ao:t,aoot_7a2019e0-f465-4197-8fb1-9a054260d1db
ɾaːt,ra:t,ɾaːt_7a8a7378-0ed1-4ee0-a3ca-81703d09c2af
ʔɯb,ɨb,ʔɯb_7a96d893-f9f5-416c-9fa2-2cfd5ef8f8e7
tahʹũũg,tahṵ̃:g,tahʹũũg_7aa8a715-eb2d-4621-9155-2f1f0e2ba1a0
seeh,ʃe:h,seeh1_7ae1b6f3-336e-4130-bcf5-7e76f3853f42
aha,aha,aha_7b0d5ed4-7e8a-427a-a07d-90a64f3094db
eriih,eri:h,eriih_7b220d07-1e11-4f11-b07f-4cefc59183e6
óów,ɔ:w,óów_7b46d0e4-14b6-4aba-9b6d-703bd75a6885
gewäs,gewʌʃ,gewäs_7b637ee7-984b-4a3f-8165-1af25e1fb93a
gahõh,gahõh,gahõh_7b6d0386-b6e8-493c-9fa8-4369a9497543
samad,ʃamad,samad_7b965db4-8b15-4022-97e1-3380bd18799a
mowããd,mowã:d,mowããd_7bad8945-7ac3-4a5d-8f0b-4478f6ba744c
juʔ,ju,juʔ1_7bb13b61-6e0f-4bd3-9889-18139d7bb2ac
kajäk,kajʌk,kajäk_7bb241fa-1304-4ef6-bd39-03fb1346b699
habëë,habə:,habëë_7bb289f9-6ac8-4f7f-8a8f-363b81b3c205
kaherʹõõnh,kaherõ̰:ɲ,kaherʹõõnh_7bbf61e9-e439-4aff-be90-873582668e04
mahyh,mahɨh,mahyh_7bc16434-7bac-4022-be8d-1787b33858fe
noo kenʹaak,no: kena̰:k,noo kenʹaak_7c184abd-1399-4ba0-b334-0a56f7ead37c
najiis,naji:ʃ,najiis_7c288356-e6a0-4e2b-8f29-8c7cc96675d9
sëëw,ʃə:w,sëëw_7c511834-586a-456c-884a-02fda6ccd6aa
karepé,karepɛ,karepé_7c800678-ce5e-401e-abba-a2b95fbbf65c
rogada,rogada,rogada_7c987dc6-5e5e-4d02-bf66-50682951c138
jiʔ,ji,jiʔ2_7cc7a2a6-10ab-4e17-9302-2227fac559d9
mɨ̰j,mɨ̰j,mɨ̰j_7cd38671-1bfe-4dd7-99cc-7339b1622ddc
mana,mana,mana2_7cf0d1ff-d22c-4d11-afd0-5c89203d1b2a
adʹẽẽb,adḛ̃:b,adʹẽẽb_7d5408c4-713b-432c-86ec-8b9a573d8468
tahóh,tahɔh,tahóh_7d735435-5f43-4a8a-94db-87f4e51b960a
moo kamehããg,mo: kamehã:g,moo kamehããg_7d7d5a40-00e6-4495-92d8-70c2f41170b6
maj’ëe,majə̰e,maj’ëe_7d9b566b-8897-43aa-aa2c-44c3136b2409
bahõd,bahõd,bahõd1_7dc2be21-5b5d-4801-b1af-d8ef1d40de67
hã,hã,hã2_7dc98556-c00c-45e0-bb45-9b98ef27b492
tatog,tatog,tatog_7e034a17-1aef-4189-97fc-9379a4e1a5d3
apëëm,apə:m,apëëm_7e41cce1-029f-43d8-9624-51e60ee383a2
atëëh,atə:h,atëëh_7e4715cc-02ed-41de-b7e8-6d2b30d174cd
ʃakut,ʃakut,ʃakut_7e862d74-cc61-4b8d-ab41-8e1fc59c0592
kasarõõ,kaʃarõ:,kasarõõ_7eaf28d1-1aab-4a34-a6b4-de0eed6eb7b7
jarana,jarana,jarana1_7ed1327f-e40d-4e09-8a0e-7b022090c381
atsuuk,acu:k,atsuuk_7ed2ad67-026d-4534-83c1-b37b8b08324d
gajeenh,gaje:ɲ,gajeenh_7ed65294-18c4-4aec-a788-637cd21a6b3a
tabanas’aa,tabanaʃa̰:,tabanas’aa_7ee2ef4a-e224-4290-872c-2655d6eb5060
hɔ̃k,hɔ̃k,hɔ̃k_7ee84e60-c92c-46bb-bfdb-1ba24ed847f4
salãap,ʃarã:p,salãap_7f093b97-1ce4-4164-a722-fec8830ed2b3
toːh,to:h,toːh_7f0b89bd-c145-4365-b20a-74fab09a5887
t’ëëng,tə̰:ŋ,t’ëëng_7fad6677-006f-46f7-991e-8fd6199e5d12
jawʹëëj,jawə̰:j,jawʹëëj_7fe321e9-23f6-4491-9470-7bad482bbd8e
wób,wɔb,wób_7fe65044-e9d0-4f98-b4ba-d4a27fd13172
hɔ̃ŋ,hɔ̃ŋ,hɔ̃ŋ_80287da4-afa8-4514-bff8-69b869150d60
hepõ,hepõ,hepõ_804ba3dc-742b-4d69-ba4c-969cb0d34c1f
sok (sog?),ʃok (ʃog),sok (sog?)_80913b3d-28ba-4da4-8c82-93874db73850
wanakud,wanakud,wanakud_809c660e-34ea-41f0-bb23-4570f1ea6373
du gahõõh,du gahõ:h,du gahõõh_80c7e610-2b7f-4a71-adf4-08f48dd3968c
gëët,gə:t,gëët_80dd9aea-7e89-4714-a295-f1bddb8ebdda
kasuk,kaʃuk,kasuk_80e22748-ddc0-473f-87d0-b27542f25c00
karẽn,karẽn,karẽn1_80e42cbd-c06a-483c-b021-b0358dc74458
kaɾak,karak,kaɾak_81039392-2c4a-4292-bd5a-c8108e4dbc50
awa,awa,awa_81084abe-5872-41b3-bb65-8b687a3b00a1
yd,ɨd,yd1_81932843-b81d-48e9-988f-c34c461ec695
maɾaka(ː)w,maraka(:)w,maɾaka(ː)w_81a4f1d6-0f63-4473-8154-e6377deca3a7
dahééh,dahɛ:h,dahééh2_820701d9-b96e-4451-b336-a4d5eb75162e
hajaar,haja:r,hajaar_8214f460-f0df-4453-97a7-9b50fa6d0cb4
gatoj,gatoj,gatoj2_821cf217-373a-468c-809d-befd11a285c3
dõm,dõm,dõm_821df784-fbcb-40de-a505-a26f965d09ed
jadatok,jadatok,jadatok_822037e0-e6c9-4f26-b81f-c14857de83fb
moo nʹaa kawʹaat,mo: na̰: kawa̰:t,moo nʹaa kawʹaat_82d0dccc-bff7-4bfb-802a-812407c55172
koːk,ko:k,koːk1_82ddb37b-3544-4e8b-87c9-34ef6a494b5f
padäg,padʌg,padäg1_82f3367d-8f49-4938-b2ad-fda2f8534143
kxʉʉ,kə̰:,kxʉʉ_83036f6e-eb27-4866-9e07-b59e2136ce94
ỹỹn,ɨ̃:n,ỹỹn1_834d53d4-10c0-49d7-803d-00921ec62593
matsehỹỹk,macehɨ̃:k,matsehỹỹk_8350fd0c-6736-486f-9b02-85b4d1fe85d4
p’ooh,po̰:h,p’ooh1_8351b529-6dec-4374-bbcc-30b2cb59847d
ta̰ːh,ta̰:h,ta̰ːh_837c9033-a858-4c46-805d-0c6f7aaa1dbe
bahe,bahe,bahe1_838757f3-eee2-4b0d-a274-7241484e3c22
akuus,aku:ʃ,akuus_8388b674-a9f9-418b-8a3a-ec5046b448aa
kajaa,kaja:,kajaa_83922ee0-946f-468f-b13d-bdba82d957ba
awëëh,awə:h,awëëh2_8393e2f2-37ff-47c8-a761-cb942a7e9830
basooh,baʃo:h,basooh1_8408d89c-9412-4407-be64-483c830901dd
jã̰ːɾ,jã̰:r,jã̰ːɾ_84285bfb-a147-47a4-a0d0-30818be5a223
nɨng,nɨŋ,nɨng1_843e00b2-7a3a-4cfd-bf66-e56a125e44d3
ɾaːb,ra:b,ɾaːb_844bc49d-15ff-46f9-9bbc-334bd10da620
agyyt,agɨ:t,agyyt_844f1202-4d2e-4db2-bdb5-08c5213c41af
asuu,aʃu:,asuu_844f59f2-271d-44ac-98c6-25f13b1b75cf
ëk tyd,ək tɨd,ëk tyd_84595ae0-72c2-42e8-81cd-c8fa5cba2e10
mo hajʹaa,mo haja̰:,mo hajʹaa_848df29e-e1a4-4336-95fe-fa222b76d202
ɟɯːʔ,cɨ:,ɟɯːʔ2_848fc074-d423-48a0-92ca-90f8e8726e7e
wabu,wabu,wabu_84cbb199-70f7-4c20-a174-1eeec4c14225
noo gesas,no: geʃaʃ,noo gesas_84eda790-0a62-4669-99fe-ecf1595dc479
masʹuunh,maʃṵ:ɲ,masʹuunh_8559bd94-3002-47fa-9bdb-d233c00c1b13
gẽẽ,gẽ:,gẽẽ_858f47d7-80ff-4b93-886a-a0df148bff9b
bana,bana,bana_85922b78-3029-43c8-a2f0-eff81b81374f
hasus,haʃuʃ,hasus_8597d570-4acf-46a7-b412-a4930d5ecada
tʉg,təg,tʉg_859e91f2-79fa-457a-8bc6-ed37f1d8738e
nooh,no:h,nooh_85e5d65c-81a9-43ba-8b05-e1d0cb3a0943
gõõj,gõ:j,gõõj_86038736-f33e-4c25-9cbc-fc2ad0515d28
naëënh,naə:ɲ,naëënh_8604bf25-763e-4f74-9f62-1229dc8c1305
waëë,waə:,waëë_860ebf6f-0614-4d29-b3a5-bc6d391c2301
p’eets hẽ,pḛ:c hẽ,p’eets hẽ_861f321d-8e0a-420b-ade0-944ee4181915
tatʹaah,tata̰:h,tatʹaah_8655a1bc-a95f-4192-a901-75f8cb59008d
hooj,ho:j,hooj1_8685f141-0aa5-4267-b4cb-681284bbe011
ahoog,aho:g,ahoog_86909127-d6a9-47da-afae-0e5865240388
TEST-Oct23,TEST Oct23,TEST-Oct23_8717e7d0-d24d-47d5-b374-7cb36a00fc67
éé,ɛ:,éé2_875e56c4-82d8-40d5-8e1c-c1ccfd207727
asog,aʃog,asog_87882610-dbd6-4886-8420-10e5264fbfd6
kalapéé,karapɛ:,kalapéé_87b78cb7-da0a-4921-af02-465002851aad
anäng,anʌŋ,anäng_87bfc426-0444-4acf-b0cd-90d0356238ad
bakäng,bakʌŋ,bakäng_87ce9273-a96f-4695-a969-96fee8d7ef56
tyyw,tɨ:w,tyyw_87e0c426-d593-4ca1-8704-61dc46d5dc73
ʃḭːʔ,ʃḭ:,ʃḭːʔ_87e2a37f-5fa9-4360-8557-ae895c42d81e
tɯ̰ːŋ,tɨ̰:ŋ,tɯ̰ːŋ_8809f33f-e595-4f96-8d4d-cd4b936414ca
tarog,tarog,tarog_881c607c-3829-44af-929d-caa7a9a1c811
kasʹỹỹn,kaʃɨ̰̃:n,kasʹỹỹn_884bad00-f1bd-4d0d-8a8c-495d4b5d4796
jʹooh,jo̰:h,jʹooh_88a205a3-9984-4a54-9fe3-064317482daa
gawar’ÿÿb,gawar?̰:b,gawar’ëëb/gawar’yyb_88f5442a-e153-4784-ba0c-d6f0dd629fb3
pɔw,pɔw,pɔw2_88f9d903-03e8-48a9-96ad-346c13f8af41
gasyyp,gaʃɨ:p,gasyyp_892b7b19-8365-483e-8237-9c74d12d8d0f
haɾum,harum,haɾum_89301e28-b653-49bf-bcdd-fac7eb6414e6
awad,awad,awad2_89445911-1a22-4be0-8351-b396b535c72a
wʌːʔ,wʌ:,wʌːʔ_8959362b-3825-4848-9eba-1c72cb36d5d4
aj'eenh,ajḛ:ɲ,aj&apos;eenh_8999f255-71ae-494a-b7f2-80b9925dc4ec
sëën,ʃə:n,sëën_89e12256-aa4d-4789-a64e-fc333256a009
ʃaduŋ,ʃaduŋ,ʃaduŋ_89eb9d16-7646-448f-8094-acc78f173f14
baras’ĩĩnh,baraʃḭ̃:ɲ,baras’ĩĩnh_8a137ae8-04bc-445f-a244-e594703fa289
ʔɨ̃ːn,ɨ̃:n,ʔɨ̃ːn3_8a3f7405-eec1-49f8-b745-65fb7c006f0c
wii,wi:,wii_8a4348e9-3bfb-46f0-8cd1-c70242ed07b9
ehõõh,ehõ:h,ehõõh_8a64bc2d-367b-41f9-a428-09949c286e1f
awyb,awɨb,awyb_8a8b6eb1-52f7-4bc3-b7e1-c59a825a8e62
wapëën,wapə:n,wapëën_8a904b9a-c1a7-49ff-aeea-a5390a5181f6
kʹaaw,ka̰:w,kʹaaw_8aae375a-cd2c-4685-85d4-10982a359288
dahäng,dahʌŋ,dahäng_8ab640ce-f06d-48f7-bdac-ab47cd48ff0a
k’ããts tsyg,kã̰:c cɨg,k’ããts tsyg_8ac18045-bd45-4c72-b53f-1a45c1a34510
kaɾabaʔ,karaba,kaɾabaʔ2_8ae97929-9a49-4389-8dab-54fb2d7a4e19
karããj tyd,karã:j tɨd,karããj tyd_8af32bd9-77a4-48a4-a78f-3069c07fd4a2
pasu,paʃu,pasu_8af74d2a-1563-4ce6-8093-50ac023117f5
etʹëëh,etə̰:h,etʹëëh1_8b0c5455-57ba-4527-b221-f5feb1dc4944
hajẽẽw,hajẽ:w,hajẽẽw_8b0edc48-833c-490b-b363-8e9f882ac0c8
kajahaar,kajaha:r,kajahaar_8b1b6651-97b4-4f62-bd90-7c6bbbde6a15
né hẽ,nɛ hẽ,né hẽ_8b6c97f9-bff4-4755-a9b1-3d71dbc9938e
kasä̃n,kaʃʌ̃n,kasä̃n_8ba37229-8fdd-4338-923a-0b13b066d936
barajaa,baraja:,barajaa1_8bcc805c-c353-4304-baca-d3128a24e769
ɾaːd,ra:d,ɾaːd_8bdb5180-2068-4a94-9105-f4464640bb56
gä,gʌ,gä_8c3e9683-efa0-43fd-b2c6-7fb130828ae8
soo,ʃo:,soo2_8c72a4e6-a298-4991-89a0-a108f36216ae
duːh,du:h,duːh2_8cad8cbe-211f-4aa3-bd6e-b9d4d6bcebb8
hóh,hɔh,hóh_8d4bb317-f8b3-4aad-955a-878306ba217e
soo,ʃo:,soo1_8d4ce206-887a-448d-a7db-8239d7cbeccf
ʃɔ̰ːʔ,ʃɔ̰:,ʃɔ̰ːʔ_8d669ad1-8a35-4d91-bda3-160c4dbf2671
tóh,tɔh,tóh_8d972ca7-eb48-44bc-8a28-75acfa8f6be2
ʔɛɟɔːh,ɛcɔ:h,ʔɛɟɔːh_8da470eb-b47f-424c-aae7-83ae212b24af
bä,bʌ,bä1_8df25412-204a-46bc-a787-3ef67101e1cd
nu hajooh,nu hajo:h,nu hajooh_8e0156d2-2c71-4332-bc8c-c9374b905b4e
wag,wag,wag_8e115e84-a585-4b9b-b928-f6f64aa36701
tób,tɔb,tób_8e356cef-e3f2-4646-8e11-7c62d369a9fd
ʃɔ̃j,ʃɔ̃j,ʃɔ̃j_8e6a0cb5-acf9-4b5c-9e9a-934623fb6e8e
jamog,jamog,jamog_8e957d4c-e10d-4870-87b6-9dfd6ee44b85
sareej,ʃare:j,sareej2_8e9915c4-691e-4a64-a726-6e20a0b8d7ac
yʉ́k,jə́k,yʉ́k_8ea98caa-1b27-401e-bea3-7d9728cb33e4
tʹëën,tə̰:n,tʹëën_8ed3ef95-47fe-4b11-84da-14d3e25614ca
pëë,pə:,pëë_8eeb53c7-1d25-48da-8b2d-51f5314aa791
ʔɯ̃ːm,ɨ̃:m,ʔɯ̃ːm_8eef767c-3fb7-4571-9881-73f96ce8c26b
tɨng,tɨŋ,tɨng1_8ef7e938-fe6a-492d-96b1-39cea57d23a8
gëëbã,gə:bã,gëëbã_8f10f39a-ec63-481b-9f21-33a2727a45b9
tamaa,tama:,tamaa_8f24b528-f97d-4d68-8bb1-3f78a7be44c1
kasʹuut,kaʃṵ:t,kasʹuut_8f5945ef-1d1b-4b9e-8534-3cf3147fa009
kajarẽẽ,kajarẽ:,kajarẽẽ_8f8e0285-0789-4ee6-8f8b-3cb37c8699f9
doo,do:,doo4_8f96a134-db02-4580-a0d5-0599f0a181e1
sarahõd,ʃarahõd,sarahõd_8fbb70f8-e0fa-479b-b558-7fd970830beb
ʃim,ʃim,ʃim_8fcc8ace-4a78-4e08-b476-999f1c035aac
awëëj,awə:j,awëëj_8ff17ad3-9807-456b-bb12-d3247732d93d
nu kasewʹỹỹn,nu kaʃewɨ̰̃:n,nu kasewʹỹỹn_905727be-2f8d-48b1-ab46-01a0aeb93aa7
wojapəm,wojapəm,wojapəm_90933864-369d-4eee-b3c2-cdc2141a85b2
hadoo,hado:,hadoo_91228118-6e36-4bb1-8876-c6ca8cf2491d
rahana,rahana,rahana_9124a74d-9b78-4331-acbf-99f4a85482e2
hëë,hə:,hëë_91665d7c-02fc-42cc-ac63-c3b81b7f4576
hagãã,hagã:,hagãã_9183270e-5327-4a33-a59f-40e4d8f81281
ɟɨ̃m gapɛd,cɨ̃m gapɛd,ɟɨ̃m gapɛd_923b7333-4f71-4df4-969c-a7edf22922a9
wʉ́t,wə́t,wʉ́t2_92514816-5d4f-4e07-960c-a341b4e35ba3
sa,ʃa,sa_9258a56c-b681-4637-922d-c15c3cc4d777
hehʹoos,heho̰:ʃ,hehʹoos_926b4665-f0d5-44ff-a36c-deda9950778a
gabok,gabok,gabok_9288536e-4047-4b13-aedb-1a10b207ea07
awaʔ,awa,awaʔ_92c6bcbe-6618-4d87-9e3f-b3f982cce9d9
ji adyyk,ji adɨ:k,ji adyyk_92d91dde-a281-4932-9d6e-d70144dbad45
h’yy katón,hɨ̰: katɔn,h’yy katón_931239f4-7482-44c5-9eca-a3f41d7abc7c
dɔ̃m,dɔ̃m,dɔ̃m_93459811-747b-4906-8f97-6105912ab61e
ahyng,ahɨŋ,ahyng2_93bb3cb3-59d5-4623-be9c-d38df3e2842c
s’yyb,ʃɨ̰:b,s’yyb_93f3b98a-9634-4f16-9471-67ae1cd527af
tatoog,tato:g,tatoog_93f60423-0ba3-41f6-8740-087e56257443
ỹỹ,ɨ̃:,ỹỹ2_940740bd-e5dd-4023-b3e3-83d09a805727
gʹẽẽ,gḛ̃:,gʹẽẽ1_940cc5b0-93a4-4d38-ad1a-77c33f6a1ca2
nyy bä,nɨ: bʌ,nyy bä_944e0023-3f41-48d4-be6a-36e2e59a4ead
up,up,up_9453ebb2-95f3-4c63-99be-f8fd8d157001
dakë,dakə,dakë_9477178e-c20a-43b8-b4e9-7a91edfad5f8
wɤːʔ,wə:,wɤːʔ_9485bb49-c230-459f-b30e-231a60b19150
ahyng,ahɨŋ,ahyng1_948af76d-5c81-4b9d-b78b-770ef275326e
mag'ëë,magə̰:,mag&apos;ëë_9494af93-135d-4a7b-bca7-aecc213e08b4
karããj,karã:j,karããj_94a54452-233f-4080-8b72-4f8490eb6956
awät,awʌt,awät_94af7d8a-ba5e-4b2b-9ef7-cfa69923b978
gʉʉh,gə:h,gʉʉh_94b140c8-32b8-4618-846e-6d093fbdb67d
ekëë,ekə:,ekëë_94c4c70f-1fb6-4aed-bb53-f7bfc3022767
kabë,kabə,kabë2_95545367-b996-4a77-88a4-91898494b4b3
tatuɟ,tatuc,tatuɟ_95665b00-9d5a-441d-9b43-a1c6000ebd62
gagããm,gagã:m,gagããm_9586128d-3a48-4a17-8edb-6ba1b01ee47d
atëëd,atə:d,atëëd1_95b72b78-8ccd-4c61-a213-45127865783a
mayb,maɨb,mayb2_95cb9f80-3207-4f7e-8ca5-f258d4800f3e
karõnh,karõɲ,karõnh_95ddf4af-ee8c-44db-bddf-51f729601920
ts’ëëg,cə̰:g,ts’ëëg_95dec863-c133-43ea-b839-25af3fbb4312
patʹuuk,patṵ:k,patʹuuk_95ecf63c-72cb-4662-a1a4-a330039fb0be
hajõng,hajõŋ,hajõng_95f4de6d-163c-402c-b86e-db380334691a
etsʹiip,ecḭ:p,etsʹiip_960c07c6-153e-4dfa-a2ae-494e5b37ed87
bëëh,bə:h,bëëh1_962a8de8-7f65-4e60-b8a4-c16d27943a32
ɟug,cug,ɟug_96302045-3340-4193-98f5-4d19048d0d48
gasuut,gaʃu:t,gasuut_9632a1a7-9906-4402-a57d-f36a3ae766f1
du sʹuus,du ʃṵ:ʃ,du sʹuus_96690a92-0b23-4da2-a7bb-ed285e52eb63
mariij t’aah,mari:j ta̰:h,mariij t’aah_966cdbff-a337-4753-b971-2813b0c4b292
kabʹëë,kabə̰:,kabʹëë_9688ec88-f529-4209-8733-51b35e8edfce
mana,mana,mana1_969e27e7-634a-41d6-8edd-afaee3c494ab
jahuːn,jahu:n,jahuːn1_96adc364-2c67-4c22-b66e-b19f9cc7368b
tsararẽ,cararẽ,tsararẽ1_96b419bd-f0c2-42c9-a596-bdce3e86020d
hooj,ho:j,hooj2_96c60cce-1d22-4b41-8ed3-e5948e58cd74
doo,do:,doo1_96f3879f-cf4c-469d-ac46-4a89f9d8374d
ekëë doo,ekə: do:,ekëë doo_9710386f-19fa-44d9-ae2e-128d33cbf1d5
napiɟ,napic,napiɟ_9716137b-ba5f-43d2-81d0-331a1d5db9db
bɤːw,bə:w,bɤːw_972164d7-37ea-414b-a588-f329a9ce02f8
mỹỹm,mɨ̃:m,mỹỹm_97557290-0196-462e-8057-e1ef84dc9ee7
jabaruut,jabaru:t,jabaruut_97730e1c-4b00-42dd-bf5f-ae67b93de788
nu sawʹaak,nu ʃawa̰:k,nu sawʹaak_977412f9-7590-45ca-9916-9fae2e70aaba
waɟɨb,wacɨb,waɟɨb_97883aff-4f45-46d0-ae6e-b097ebfabcff
tahʹỹỹb,tahɨ̰̃:b,tahʹỹỹb_979a8c31-a85b-459d-b598-414010f8b465
tsyym saä̃g,cɨ:m ʃaʌ̃g,tsyym saä̃g_97e34555-4d0b-4147-8a9a-70e47767437c
noo gó,no: gɔ,noo gó_980060a8-219d-4d8e-b3cb-c96d520fdd2a
kamarab,kamarab,kamarab_9834bf06-b6ae-4946-9bdc-ee67fec8e3be
tu,tu,tu_983b21ad-1243-49cf-850f-b9211c029c37
woːɾ,wo:r,woːɾ_987658fd-862d-4798-a95c-5b4a299259c5
pʹaa hẽnh,pa̰: hẽɲ,pʹaa hẽnh_988a43b7-7d72-4d87-be1d-c63c761e1dc2
adëëh hỹng,adə:h hɨ̃ŋ,adëëh hỹng_989b21e0-acb9-4328-a6ee-5a7508189a0a
nuuh,nu:h,nuuh_98b2fa13-5514-4958-bbe6-86001f73c6a4
kamehããg,kamehã:g,kamehããg_98b534b6-4fcc-4f15-9b6c-5eba5298d530
awyyd,awɨ:d,awyyd_98bfe604-99a5-4e00-b2b6-35b535dd8535
a=,a ,a=_98d55498-71bc-4897-9198-3842f5c02b2f
wəm/wɨːm,wəm/wɨ:m,wəm/wɨːm_990d5cb5-98be-420d-9662-a39d1662fc24
mahyyh,mahɨ:h,mahyyh_99331f07-019a-4e63-ba08-9b2b6308fe5c
asʹããm,aʃã̰:m,asʹããm_99362fa3-10cc-4f03-a0ce-6e14fa37d7c0
its,ic,its_99625113-8523-406c-8fae-c6121a0adc82
ebʹooh,ebo̰:h,ebʹooh_9993bde4-2888-40e6-b27e-800fa235ee59
ji tsyym suun,ji cɨ:m ʃu:n,ji tsyym suun_99af168e-828f-4a70-a764-469f0957ad9d
taah,ta:h,taah_99b0a266-dc6e-4a1b-8497-c387452a1e64
ʔaʃɔ̰p,aʃɔ̰p,ʔaʃɔ̰p_9a0f45b4-47f9-4328-94d5-a9404e31e4ef
ɟiːp/ɟḭːp,ci:p/cḭ:p,ɟiːp/ɟḭːp_9a1d8781-8bc7-4ade-89a7-d994b581a966
ʃiːʔ,ʃi:,ʃiːʔ_9aa368a0-1f4c-484d-836b-4c974b506fd5
wɤʔ,wə,wɤʔ_9acd178b-0827-43db-8efb-131bced2c948
ʃʌ̃k,ʃʌ̃k,ʃʌ̃k_9b694680-1ac9-4aca-a464-37162aab008f
ʃaɾiʔ,ʃari,ʃaɾiʔ_9bab4546-0543-401f-9870-1f73db2dbb5d
ʔãːɲ,ã:ɲ,ʔãːɲ2_9bc7cbd8-5d64-4c37-973f-fcde6b72cd60
tsém hẽ,cɛm hẽ,tsém hẽ_9bf0a714-c259-43b7-a1b5-8cacc9636db3
jewa,jewa,jewa_9c0cf6aa-efa5-4b29-8d85-d6352dab56a2
häng,hʌŋ,häng_9c3d24d0-89e3-4dbc-87a1-9a9ceca642a6
bʉ́,bə́,bʉ́_9c5a8183-7e90-4fe7-95fd-6b9e17603291
papɨ̃ːj,papɨ̃:j,papɨ̃ːj_9c5efada-f2ba-4e84-a163-5a5325c9fb8c
kasẽẽt,kaʃẽ:t,kasẽẽt_9ccc8900-65aa-408d-a918-f8282939f9b9
tɔ̰̃ːp,tɔ̰̃:p,tɔ̰̃ːp2_9cceec82-ec11-4fd0-9417-c81d9b1b5b71
masoo,maʃo:,masoo_9ce33e0d-aa4c-444b-921e-bcdca4f98778
etʹẽẽk,etḛ̃:k,etʹẽẽk_9ce91b9e-1b17-4b89-bea4-8a10eba076c1
wʉ́ʉ́h,wə́ə́h,wʉ́ʉ́h_9d0b411e-72c8-4dcf-9065-99e30f1d6d23
ee t’aah paah,e: ta̰:h pa:h,ee t’aah paah_9d0d4be9-51f3-4cda-8783-9f2d038d68c1
edʹoo,edo̰:,edʹoo_9d49d8be-1c00-44f7-aebd-6bc58199553d
manaa,mana:,manaa2_9d913c36-75d0-408c-a3f3-51b799cf6cf3
wɨɨd,wɨ:d,wɨɨd_9d9354e7-2fe3-4abe-a360-cc883a42bff6
hehoots,heho:c,hehoots_9d94fe0a-9859-4994-a991-bc666f320016
ä̃nh,ʌ̃ɲ,ä̃nh_9d9c4409-ab43-42d2-9381-3d54485636ca
sadʹẽẽd,ʃadḛ̃:d,sadʹẽẽd_9dc3227d-b38f-49b5-84fc-3b90e543fce0
tsʹoog,co̰:g,tsʹoog_9e1ed034-5c26-4a40-a9ed-6952de801cd2
hʹëëd,hə̰:d,hʹëëd2_9e74513c-440f-4e3d-9106-81f0bcd89d90
maruus,maru:ʃ,maruus_9e8a8696-6179-4389-bd3e-277c6064a6ba
gawʹëës,gawə̰:ʃ,gawʹëës_9e8c3242-9648-4b6e-8915-90a6b6dc4036
hapäh,hapʌh,hapäh_9e969d72-f8b2-48ba-83ac-3472669f4a98
agä,agʌ,agä1_9e97d488-8f8e-490b-89a8-290893ddccc7
esʹëëb,eʃə̰:b,esʹëëb_9f29486e-c14a-498d-b807-a3b7daaa0252
syyj,ʃɨ:j,syyj_9f339257-1bc7-4ea1-897f-ad0099dbb709
warahen,warahen,warahen2_9f60eea4-12af-4bff-b76f-4b605295b5a8
pʹãã,pã̰:,pʹãã_9fab38fa-5fc0-4ee4-b82e-c53f098b21ac
ʃəːn,ʃə:n,ʃəːn_9ff6ef51-bc0d-4bbc-b462-525c60f0df2f
patsä,pacʌ,patsä_a001213b-da2d-4a32-9275-f46be961428a
tón,tɔn,tón_a00d1bb1-25e3-4c3d-953c-57dd3b546cd4
jëë,jə:,jëë_a0520e71-1c6b-440a-bfb4-073d8767e810
ɟa̰ːʔ,ca̰:,ɟa̰ːʔ1_a058b08f-ae3d-4e0a-8148-0072620999d7
dó,dɔ,dó2_a08df22d-80e3-4118-9cee-83f37742f065
karajã,karajã,karajã_a0ac890e-cb19-4271-ade3-82776860f9a6
etẽẽng,etẽ:ŋ,etẽẽng_a0db919e-cf78-4b10-a7cc-cca6acba0bd0
sigõõh,ʃigõ:h,sigõõh_a0ff43b0-a745-4f28-a13b-b693eab760a5
tsabud,cabud,tsabud_a11cacd5-6a89-4610-a116-102feb4799f7
busuuh,buʃu:h,busuuh_a1465308-0514-409a-bd7b-d802129976d5
waːʔ,wa:,waːʔ_a18d164c-7c73-40c4-90d8-a92ba34c3a2d
kajamaah,kajama:h,kajamaah_a1977c14-2ca4-4b0e-b40a-5f0653e2e6c0
kajajä̃n,kajajʌ̃n,kajajä̃n_a198d2fa-be4a-4054-8fb1-7ab2159a74d9
badahẽẽw,badahẽ:w,badahẽẽw_a1a81754-9a42-4da6-9176-c2483bce5756
sahõnh,ʃahõɲ,sahõnh_a1ab4219-36f5-430c-a606-58f9e05fbf5d
taso,taʃo,taso_a1fdbd00-3580-4c9e-9ee9-4c8fd4f4ded0
ahỹỹd,ahɨ̃:d,ahỹỹd_a2061f1b-ce83-48f5-8762-78c35e84e54a
awʹẽẽn,awḛ̃:n,awʹẽẽn_a22c479e-38d0-468c-b169-fd203006e2ce
patuk ỹỹ,patuk ɨ̃:,patuk ỹỹ_a22ec753-2a35-49b2-b385-7c338a490e70
mɨɨm,mɨ:m,mɨɨm2_a2418be7-62d2-404b-8f3e-6ebd2c5de915
saramah?,ʃaramah,saramah?_a2519fe9-0a2c-4903-bc8e-dfcd093afe4e
nag’aad,naga̰:d,nag’aad_a2653c1c-526b-4da1-aaeb-c2f393797942
ganapog,ganapog,ganapog_a26b08ff-079c-493f-b809-9f9d8b7d9474
ajäm,ajʌm,ajäm_a28f3a39-1a03-4329-9382-9bab24145953
eduug,edu:g,eduug_a29d5713-9f30-4d79-81a8-adc977ac1a6f
tʹyyd mehĩĩn,tɨ̰:d mehĩ:n,tʹyyd mehĩĩn_a2ac6aa9-e27b-4f3c-a9e0-9a9562bc0bce
gawajaah,gawaja:h,gawajaah2_a2ce689e-bdf8-4a72-86b5-2372cff080e8
jawii,jawi:,jawii_a2ec988a-b045-49a0-8f4c-f240b2ebbe7d
ahy,ahɨ,ahy_a30f5324-3ce8-466a-bc10-6c3b80ae6656
ji wii,ji wi:,ji wii_a32a18a4-6f7b-485f-970d-b32459229373
dén,dɛn,dén_a34486b3-8510-4e08-b3a3-222244121a73
etʹyy,etɨ̰:,etʹyy_a39997f8-1af1-4566-b7a9-c7b7b33e8687
gaah,ga:h,gaah_a3c75190-8a05-4f88-928a-b902d20e8ad0
wakã̰ːb,wakã̰:b,wakã̰ːb_a3e3e61a-ea8b-4f65-ad5a-28ae00a931f6
sarin,ʃarin,sarin_a3e45e2f-99e7-44d1-a279-20f03a1e0d70
maa ena,ma: ena,maa ena_a462059e-7c9b-4426-90f3-c6f15c6241c3
ebaan,eba:n,ebaan_a4743021-4fb5-4c67-a96c-b605a21e6d44
tahoh,tahoh,tahoh_a4a0b6ab-42e7-4223-95dc-11ad8b23e9ee
ahyyh,ahɨ:h,ahyyh2_a4db2ba4-29b1-42d6-ba71-d03347f7bf88
kadoo,kado:,kadoo_a513c054-bea8-4c2d-8908-2cad00d509c8
hʹyy gadajang,hɨ̰: gadajaŋ,hʹyy gadajang_a5194e98-c0fc-42dd-83b2-c4d9365b077e
kaat,ka:t,kaat2_a5690f1b-30a7-41b2-86b0-7b6d2c413aa5
wʉ́t,wə́t,wʉ́t1_a574b177-894b-435c-ba2f-b38e65f9a21b
amaaj,ama:j,amaaj_a5a8c5a4-ff77-48be-a14c-a8dd2d196e96
puh,puh,puh3_a5bb9430-9753-43ce-9a45-921f401b2cf1
hʹëëd,hə̰:d,hʹëëd1_a60368d9-bc6d-49b9-aeef-eaa8980142fa
tsahã,cahã,tsahã_a603bcea-d99c-4de3-91ae-71277e16d7ac
awas,awaʃ,awas_a6203a13-3843-4ad1-87a4-8df273641d0a
takod,takod,takod2_a630902b-b26a-4906-870e-2c4c62b001b1
abaa,aba:,abaa_a63cbbfd-f8a0-4c22-91de-25701e663018
séd bód,ʃɛd bɔd,séd bód_a6612756-16f0-45df-9219-91a8f81b61e6
asëëk,aʃə:k,asëëk_a66ea5e8-0c6b-4415-bf0f-ed7c04faaca2
eëëk,eə:k,eëëk_a6772535-05f5-4859-8007-ff6a89c86664
mabaah,maba:h,mabaah2_a7203acf-034b-4299-9e1a-f9382783d0ae
japũũn,japũ:n,japũũn_a77d9223-0041-4bcf-b223-2f5b7ba7a1dc
madɯːk,madɨ:k,madɯːk_a79dbe05-2ba9-47a7-8e82-412e1dcbc089
getsëk,gecək,getsëk_a7a832cd-2d78-4d1b-9e52-5a79e3c734ce
kʹyy esog,kɨ̰: eʃog,kʹyy esog_a7b00882-9a97-493e-a1fe-18ab5df56fc6
hajʹẽẽm,hajḛ̃:m,hajʹẽẽm_a7baa953-5476-4b76-817d-c30cd4ab3735
tä̃h,tʌ̃h,tä̃h_a7c9df87-679d-4f00-b9d6-c15af816ae8e
wë,wə,wë1_a802edee-a71f-41cf-b15a-48d2cd10f3e5
gʹaad hẽnh,ga̰:d hẽɲ,gʹaad hẽnh_a823ec1b-7c9e-457a-8b30-7bd4fa76f088
adyyk,adɨ:k,adyyk_a8313ccc-413c-4657-b4ef-14f1259891a3
edaa,eda:,edaa_a88660fb-0dda-4512-a162-a5b314f0bd68
kããn s’ëëb,kã:n ʃə̰:b,kããn s’ëëb_a88957b3-2fb8-4636-9c28-fc547cc51306
nu mam’ets,nu mamḛc,nu mam’ets_a8c51389-ad02-44b3-918d-af90e6e438ba
hoːh,ho:h,hoːh_a8ed36ac-b900-49b9-9623-69d3aa0f1558
ehõ,ehõ,ehõ1_a8fa89b0-15ca-4fdd-ac22-2cbe425fae9d
jat,jat,jat_a953c0b2-bd7e-45ad-8a54-821e3aa417b3
napits,napic,napits1_a954c4fb-344a-484a-b3ff-fd8834174c41
ajʹëëm,ajə̰:m,ajʹëëm_a98bd84d-6f62-4ef1-810c-16bea0535dee
d'uuj,dṵ:j,d&apos;uuj_aa238362-6f1a-4a52-a41b-27843f79a688
ewʹoop,ewo̰:p,ewʹoop_aa484e52-5ec5-4386-8ced-13080fe509af
tyyg,tɨ:g,tyyg_aa58bcaf-dbda-4802-ad73-a4a3d2881445
kawɛd,kawɛd,kawɛd_aa7dd9c5-709a-4646-b503-eed11dae5567
wëë,wə:,wëë_aa8555ee-bca6-4074-a9cd-061cb1c06ff5
watoːɾ,wato:r,watoːɾ_aab6381d-36d6-4393-8125-63736f1d57b6
is,iʃ,is_aabbc7a1-8b5c-4a46-a8f8-348d31b31613
dinaa,dina:,dinaa_aaca7cab-aaaf-4ef1-a74a-337cc4f186cb
kajero,kajero,kajero1_ab07f191-a5da-4848-bfbc-82ba4420609d
pɔ̰̃ːd,pɔ̰̃:d,pɔ̰̃ːd2_ab0cfaae-c21c-4d6f-a26c-b1212aa99936
kyyh,kɨ:h,kyyh_abaed6a6-acab-4bad-9909-83f48cf3c884
ooj,o:j,ooj_abc3063b-7d75-430c-9300-005e926c6475
pɔːʔ,pɔ:,pɔːʔ_abd72bf1-41ab-46d9-8ee8-9d92b5dc1615
ajóh,ajɔh,ajóh_abefaf32-c075-4340-95bc-412ed3c9b5bc
maliiy,mari:j,maliiy_abf85421-63bf-4020-8f2d-353872522fae
edah,edah,edah_ac55eff6-e4fa-45d2-a17d-90446273b3f0
dawug,dawug,dawug1_ac591af6-0795-4611-a12b-d1011e5600b1
asëg,aʃəg,asëg_ac8f4d84-5780-4b14-8da3-43c75e21035c
kad,kad,kad1_ac90fcde-0e6b-43ae-a428-b693aca454e0
kanapĩh,kanapĩh,kanapĩh_acaedd39-1e2a-40d8-8ed5-c35abb7ae198
harʹëëng,harə̰:ŋ,harʹëëng_acb44c41-79ab-4a47-b9b0-40038d45c8bf
erii,eri:,erii_acd22ffd-8fe5-4349-baeb-04dca25ccb2c
ỹ,ɨ̃,ỹ_acdb0c0b-2c0f-454f-91d1-eea4498bebf7
pagä,pagʌ,pagä_ad273850-e38f-4dc0-99c6-e480470ff15f
gõng,gõŋ,gõng_ad75e40d-e34f-4639-8ee4-f2636198b312
wajats,wajac,wajats2_ad8e1685-a540-42c7-a1a6-345f1d62a409
awëh,awəh,awëh_ad9e6c80-0862-401d-9958-6bba1d783910
tadĩĩm,tadĩ:m,tadĩĩm_adc251b9-6b3a-4d1d-adbc-d83d8fa8fcdb
esoos,eʃo:ʃ,esoos_add3968e-1af1-48bc-8f56-5f24adf3025e
kawaju,kawaju,kawaju_ae0b82e4-6370-4005-8fc5-a9af47f703c1
erʹiih,erḭ:h,erʹiih_ae31ae98-7acb-45bd-aa66-ec86365b6ebc
wɨk,wɨk,wɨk_ae9733f8-5392-4f65-9a45-e0b93ea9affd
dokyyh,dokɨ:h,dokyyh_aebd2424-5dde-472b-b19f-3b6a55834e5a
ji tsyym sahõnh hẽ,ji cɨ:m ʃahõɲ hẽ,ji tsyym sahõnh hẽ_aeffdfca-557a-4b2e-84d8-63802e1f73f5
tsëk,cək,tsëk_af17fc38-6498-4d80-a76e-ee0c115cd3ab
kamara,kamara,kamara_af85b9e0-1a4c-4e8f-8374-b9591d91f1fc
adëb,adəb,adëb_af8db4b9-6dae-4999-9503-d81a5bfa101e
j’ããr,jã̰:r,j’ããr_afb2c658-3980-4715-a1ca-bed049b872a9
gód,gɔd,gód2_afb44df8-075a-40c9-8eed-b4be294caa89
pɤːw,pə:w,pɤːw_afd1d56f-ca8f-4cca-9561-cec36292ec9d
ty,tɨ,ty2_aff14eee-a080-4359-931b-8e0eba6379ba
redʹoo,redo̰:,redʹoo_b006437b-912f-4b7b-a643-0be0f56b7cab
ɟawaːj,cawa:j,ɟawaːj_b03fc85e-ed55-4fb1-a5b5-02f36f54c659
mahãk,mahãk,mahãk_b0401ac4-598b-400e-a2bf-4a8f36e25144
hxóóh,hɔ̰:h,hxóóh2_b044b02d-9a90-4a89-97f6-6723b314e380
makakã,makakã,makakã_b0ac6299-fc0a-4e7d-a667-2d0f766f4d63
jʌh,jʌh,jʌh_b0d8a76b-9203-4a28-8c7f-ec22668b2dc0
tsapap,capap,tsapap_b158b9b9-46e9-4298-9779-2b01c1e2d72a
hyb n’aa newëë,hɨb na̰: newə:,hyb n’aa newëë_b19ae730-3f6e-42da-b0b5-1354d9e044d1
éé,ɛ:,éé1_b19c52f4-5052-4e8e-9a2d-6a29d18a7b33
apuk,apuk,apuk_b1c2bae7-61bc-4df5-9668-1e1b467b926b
ɟũːʔ,cũ:,ɟũːʔ_b1dac10d-56f1-43db-a0be-8b6756973d9a
kawãːn,kawã:n,kawãːn_b2161ae4-e32b-4e83-b308-65961453d021
tëëg,tə:g,tëëg_b227568f-8dc2-4857-96ad-54678f3975b5
hajõõ,hajõ:,hajõõ_b23141fb-d829-45df-8736-bc21544328dc
huːd,hu:d,huːd_b2369c93-dd34-408b-8ca3-82a40aa1adee
ʔɨ̃ːn,ɨ̃:n,ʔɨ̃ːn1_b2459517-1de7-40b7-a7c5-4ac09afc65b9
tuʔ,tu,tuʔ2_b248ee55-a422-4c2e-80f5-bd1273f20230
makaw,makaw,makaw_b24906ef-a2ca-4269-ba43-42bf64eb4f27
hetsyyd doo,hecɨ:d do:,hetsyyd doo_b252c124-b4cc-4123-ba55-830489440869
riw,riw,riw_b2627ce9-6b29-4b7f-9e0a-a1e5246074b6
banʹoo,bano̰:,banʹoo_b28597b2-bb8b-4ed0-b970-d41b6317903c
ub,ub,ub_b2935fa1-6836-45aa-91fb-4b6f277f70dc
hahũːɲ,hahũ:ɲ,hahũːɲ_b2946afb-4e39-47bc-8fb7-1d8057a69dad
kanũːd,kanũ:d,kanũːd_b2baabe1-7db5-4e9b-bbdc-12589f894eff
biin,bi:n,biin1_b2e517bb-acfb-4a33-9270-f9596069cab5
óng,ɔŋ,óng2_b2f5d0a7-8aba-4c37-9bda-ac5494c75035
pxóóyub,pɔ̰:jub,pxóóyub_b3363668-3ab6-466f-af47-ad43777e43e2
dó,dɔ,dó1_b34c70de-07c4-4851-930b-b7d6ef30937c
ji me heet péh,ji me he:t pɛh,ji me heet péh_b35586b7-4165-4c55-9d36-7b810719c0c1
doo,do:,doo3_b37dc192-f0fc-4fc4-acf9-e4423cdd81e1
abong,aboŋ,abong_b38517f0-46a2-413f-8d38-3a185a63b3c6
gatỹỹj,gatɨ̃:j,gatỹỹj_b41f45cc-ee2a-4d27-b5c8-acb1f83c2c6a
wɔːw,wɔ:w,wɔːw_b43560f7-1fc8-4600-a763-8c285c65977f
agä,agʌ,agä2_b43dfe1e-4d9c-44c4-966b-7cdca5ef5b85
takod,takod,takod1_b4a9928d-a6e7-43f6-8956-769d02980cf9
sadẽẽt,ʃadẽ:t,sadẽẽt_b4bb873a-91b3-44d4-9851-31fd723dfe30
duːh,du:h,duːh1_b4bc3933-afcd-45d9-9eea-c1dc19d0f3b5
 =kóm,  kɔm, =kóm1_b4ef6f78-08bb-4d23-9cba-f68a176930c7
ỹỹh,ɨ̃:h,ỹỹh_b5117bd5-2007-42dc-8931-e60f4bb08b70
hɔ̃ːh,hɔ̃:h,hɔ̃ːh_b51b4e2e-351b-48eb-a8b3-66978cee8e77
kanatëë,kanatə:,kanatëë_b52f3773-bc20-403b-8bbc-23b463b34b49
nahëëh,nahə:h,nahëëh_b54a9153-964b-464c-a3e5-72767ea0d315
gehõk,gehõk,gehõk_b5552c55-9b4f-4af3-b075-530fed54518b
adẽẽ,adẽ:,adẽẽ_b5b121da-8daf-42a8-bb9e-a95c5c8b0bda
adʹaap,ada̰:p,adʹaap_b6087de4-9aff-4376-b037-e35865967b9f
buuk,bu:k,buuk_b60c8d12-f0b8-4e0c-a1aa-9a794fc0ebcb
me,me,me2_b636faa8-d192-455f-a9c4-c233998d4085
ejẽng,ejẽŋ,ejẽng_b646a9ff-5753-4793-9bd3-f980e9de5400
kawerii,kaweri:,kawerii_b720f0b6-f708-4a0a-9112-7536ef9695e3
tʹëër,tə̰:r,tʹëër_b73b72e2-30b4-4809-9908-9d868d068771
kän,kʌn,kän_b741c8ef-a073-4471-bcae-05183a264d67
hebyy n'aa,hebɨ: na̰:,hebyy n&apos;aa_b784dbc3-8ec8-4e7d-b277-d853f6f2ecaa
j’aa,ja̰:,j’aa_b7a0d5d6-dde2-42b6-ab7b-0d0db44ad378
makũũh,makũ:h,makũũh_b7eaf28f-6761-49ec-ac7f-df774057c02b
wã̰ːj,wã̰:j,wã̰ːj_b7f7bcc6-d22c-4598-833a-df8db3b72e71
ỹỹm,ɨ̃:m,ỹỹm2_b7f8608c-1aaa-4014-b04d-968cde2f7f87
mapah,mapah,mapah1_b822e839-8c6d-40df-b269-0a5a65773509
b’aa tooh,ba̰: to:h,b’aa tooh_b825287d-3aa4-4dc9-9011-07bab380e384
hehud,hehud,hehud_b82a47dc-46f1-456c-8ef2-a60b69edde18
ehãm,ehãm,ehãm_b8594aa4-2eff-46d6-be59-412a2bc8c629
kawɤ̰ːg,kawə̰:g,kawɤ̰ːg_b88a3875-3619-4304-b62c-9646b1161137
baheʔ,bahe,baheʔ_b892b074-66d7-4798-957b-c47f6bcb5e01
hỹỹj,hɨ̃:j,hỹỹj1_b8de92d9-5f80-44ee-a6c1-83a6ea312225
s’ỹỹw,ʃɨ̰̃:w,s’ỹỹw_b90d8855-d8de-43c3-a4b2-c876c27d497c
moo wät,mo: wʌt,moo wät_b93d35b5-362a-4a1e-9cc9-ebca8539a59b
edas,edaʃ,edas_b9570cff-1945-4547-b57e-71047f8dc573
kamehʹããk,kamehã̰:k,kamehʹããk_b9854493-0765-4b65-b7db-af82e21453d5
akãã,akã:,akãã_b98e7e00-49af-471c-bb4a-1cbc7265657d
manaa,mana:,manaa1_b999ce06-0ede-4cd1-850c-f0321b9a34c1
karese,kareʃe,karese_b9d3c621-d2c9-41de-88b3-c40939cb6741
gawʹẽẽn,gawḛ̃:n,gawʹẽẽn_b9edea85-8937-43c2-84c8-a464e854301f
sëh,ʃəh,sëh_b9ee0750-e9ca-42a4-b61c-4fb14998e2c4
taju,taju,taju_b9feb5fe-8bc7-4677-bb98-57e7f4463a3d
hʹyy gaẽẽj,hɨ̰: gaẽ:j,hʹyy gaẽẽj_ba147749-703a-4649-96cf-c1cd7d24052e
hʹyy gaẽẽnh,hɨ̰: gaẽ:ɲ,hʹyy gaẽẽnh_ba2b5a64-2e14-4e6d-9866-8002f7689342
tsʹooh,co̰:h,tsʹooh_ba2c8ff0-d117-4d2f-bb75-32e1760fe9de
gatsooh,gaco:h,gatsooh_ba2fdaf6-2fb2-4698-b700-76773ab5976a
nũːh,nũ:h,nũːh_ba8e92bb-bb4e-4c35-8130-8f8904c855b7
masook,maʃo:k,masook2_bad07ccf-c8ca-47a3-b227-48abab0ed633
awëëh,awə:h,awëëh1_bae5902d-b878-446f-9bd5-90947c8ab976
gʹẽẽ,gḛ̃:,gʹẽẽ2_bb15228e-b935-4dde-918a-fc235e9393cd
gawaja,gawaja,gawaja_bb44afa9-15eb-4d8f-91fb-f8ec0e2129cd
ji metyy doo,ji metɨ: do:,ji metyy doo_bb981eb0-8686-4579-88a8-2fd9c910caa5
jari,jari,jari2_bbaa0f20-3585-42c0-b1c0-d282645f34a0
ʃanãjoːʔ,ʃanãjo:,ʃanãjoːʔ_bbb30dd3-8d2d-4e61-9338-801fbdf58e0a
ehʹããm,ehã̰:m,ehʹããm_bbd4f12e-b495-4a13-93ac-e28286042fcd
karasee,karaʃe:,karasee1_bbead827-d2c2-4ae6-b7d5-bcfcf27ce44a
rakonan,rakonan,rakonan_bc08bf85-fb0c-4686-8a4c-522ff7904200
pud,pud,pud_bc1dd6d3-4e78-41a7-888f-9200c232f3bc
pëëw,pə:w,pëëw_bc51e1f0-68ce-4051-b925-7b7eef2ce693
karahyyr,karahɨ:r,karahyyr_bc5a171a-c00c-4782-93b5-020b90692266
ahʹỹỹt,ahɨ̰̃:t,ahʹỹỹt_bc76a4f6-6266-4537-88b9-2837a102a9e1
atón,atɔn,atón_bc968ce0-9509-4ec9-b8d1-a524b3bef356
kamag,kamag,kamag_bc987b37-12a6-49c4-a1b8-209cf0f6a9f6
tahoːh,taho:h,tahoːh_bccaeab6-2645-401a-a5e2-394defe8de7d
wë puh,wə puh,wë puh_bccdd7a1-dbe5-4700-8b3a-cc3e9a91ae38
s’oow,ʃo̰:w,s’oow_bd149bf3-7f4c-42b9-901c-045655c034c8
jarana,jarana,jarana2_bd32e479-6d6f-4eb6-9231-117817f4d9e0
abii,abi:,abii_bd3c588b-d116-42fc-b238-1c92088338e2
tsawaaj,cawa:j,tsawaaj_bd4ddf53-09b2-485e-bb4b-06c84d176264
suked,ʃuked,suked_bd59b4dc-a884-4239-8082-4a8024871370
kanapiih,kanapi:h,kanapiih2_bd918020-46ec-4386-951e-fac4fbba4784
sõts,ʃõc,sõts_bda18a4b-25b2-46d9-a02e-8c971679f674
awʌn,awʌn,awʌn_bdb900a7-eb03-4db1-bcc3-312f4043d469
agëë,agə:,agëë_bdbe2a73-dfa7-47aa-b8cd-9221c668ec1d
pooh,po:h,pooh_bdd27c96-ea96-4676-845e-c97461c4e435
mataːp,mata:p,mataːp_bdf299b5-88bf-4c21-b8e8-ab6aa7c846e3
yb,ɨb,yb1_be173977-3ad8-4fa1-8f07-e08f165fa2a3
ʃɛ̃ɲ,ʃɛ̃ɲ,ʃɛ̃ɲ_be21c4df-a499-4845-8c05-11cf77d20d3e
maɾahud,marahud,maɾahud_be32a4cd-3200-41a9-bd5c-98c7e9a363c3
ỹỹm,ɨ̃:m,ỹỹm3_be33ca3b-f6a1-4066-b50a-97e305ec90bb
baɾajaːʔ,baraja:,baɾajaːʔ_be39ff9b-9dbb-4c1d-a9d1-2057f788873a
geda,geda,geda_be647e19-7632-4129-9578-86ae00434ad4
tsʹaa,ca̰:,tsʹaa_be6ef049-4a0b-4431-ade9-063237e7fde5
atä,atʌ,atä_bea2f230-58cd-4dad-b1ce-8c45fb65e026
gawẽn,gawẽn,gawẽn_becd4522-bfee-498e-b034-69e35d3915d9
sĩĩn,ʃĩ:n,sĩĩn_bef46c0d-3efb-4cc7-b2c4-1a829fc17d96
wət,wət,wət1_bf0b465d-a55f-45c6-ae53-b098bad8cf12
ehũũ,ehũ:,ehũũ_bf3a2c09-ff50-4944-89c6-bf4650437ac1
awäng,awʌŋ,awäng_bf428c83-f99e-46c5-9eda-3733b60a7d09
kamaag hood,kama:g ho:d,kamaag hood_bfcbd753-6acb-4a87-8983-edc001ca8493
mehëëm doo,mehə:m do:,mehëëm doo_bfd36b12-009d-4741-aa26-24642c4403ca
tatɨʔ,tatɨ,tatɨʔ_bff6445e-d390-4aad-ab41-55bd70892fac
awyp,awɨp,awyp_c03f1cde-a2d3-4391-b4fb-7570ba1cd909
wuug,wu:g,wuug_c0870f59-5f40-4989-a45d-50672fc64c3e
ta,ta,ta_c0e73567-fba2-4e50-87f1-ea99f887fc7c
haːk,ha:k,haːk_c0fa3ce4-38f4-40ac-bb8c-1f8ae64f949f
wajaɟ,wajac,wajaɟ_c1817866-514a-499b-9b91-4dc9f2c9ccb8
edaah,eda:h,edaah_c18c1c3c-293f-4cf8-92a4-360e2914fa16
wawii,wawi:,wawii_c1914a3d-013e-48cb-a439-131acd70b45e
mabëng,mabəŋ,mabëng_c197d537-44e1-4a6f-abe7-fa15aead02e7
ahũũm,ahũ:m,ahũũm_c1aba4f1-8144-4560-a16e-b9f106f47381
bahɨ̃nh,bahɨ̃ɲ,bahɨ̃nh_c1c40f94-2c13-43af-bf91-5659b2fe5eaf
ji etook doo,ji eto:k do:,ji etook doo_c1ddf700-e8d5-4369-a3ea-1e2cd3593151
 =tsyym,  cɨ:m, =tsyym_c1e709fa-6d3b-4ad6-b4aa-725e949fa179
patug,patug,patug2_c1f04c5c-89ef-403c-988f-4236d1de4a15
sét nado,ʃɛt nado,sét nado_c209e7dd-129a-49b3-b491-4d9f0b62e191
hɨng,hɨŋ,hɨng_c2196b35-b617-4183-bf93-d69cdaf45800
abang,abaŋ,abang_c231c7a7-80a3-4ddf-91a7-d9852624e44d
boj,boj,boj_c23a0ba2-7d0a-4ada-838e-7864cf0a7b9c
s’ëëh,ʃə̰:h,s’ëëh_c2500249-3e46-4056-8e86-6d258b177a45
majoor,majo:r,majoor_c276c6b7-c47e-43a9-a101-732c26dbba0d
gas’yys,gaʃɨ̰:ʃ,gas’yys_c31e8d45-61a7-47bf-b5aa-296c58a8d731
ahëë,ahə:,ahëë_c341ea39-5565-4c4d-9307-015889a92233
dawÿÿt,daw?:t,dawëët_c3758ea2-d00a-4913-904a-8eee6d7c0ae1
mäs,mʌʃ,mäs_c3900618-266d-43a6-960f-e941a433d706
jag,jag,jag2_c3965c56-0a44-4337-9442-b76f3f1ecc37
mehëëm,mehə:m,mehëëm_c39cb70f-124b-4188-9602-3aca227cbe94
gatang,gataŋ,gatang_c3d5c7cf-15fc-4c13-a443-47272ec2577e
padëëk,padə:k,padëëk1_c3d960d6-c8b1-4659-b1e3-8e2b632633bb
tsäng,cʌŋ,tsäng_c466f8d0-c63e-4dce-83d9-8000648a6ee9
hawoonh,hawo:ɲ,hawoonh_c4822651-6418-430f-a956-7ab380a06bff
masook,maʃo:k,masook1_c48a21f1-805b-46a2-b9e7-706d9679045a
manäh,manʌh,manäh_c495f6aa-c045-4ac5-93b7-4893ac314a2a
nahäh ỹỹ,nahʌh ɨ̃:,nahäh ỹỹ_c49c8eea-482e-4211-b79a-788706696428
manayyn,manaɨ:n,manayyn_c4a009b5-b17a-4f90-8a6d-7a9563252e24
rimaw,rimaw,rimaw_c4b1c39e-d94e-4ae7-90e4-c3298b833a96
dawɯd,dawɨd,dawɯd_c4b366b9-6429-4cf6-9f6e-a0848ac48085
aw’yy nuuh,awɨ̰: nu:h,aw’yy nuuh_c4e8f44d-6deb-45e8-87ca-8a86b31912eb
kapỹỹj,kapɨ̃:j,kapỹỹj_c53cf0e0-0078-4164-9467-2f4e98268e6d
jÿÿ,j?:,jyy/jëë_c53e1be6-fcc4-4b25-8462-e9e376e1f553
ỹỹm,ɨ̃:m,ỹỹm1_c5454b3c-10c6-4bf4-936d-38c30dd989de
tahũũk,tahũ:k,tahũũk_c560af5a-d243-4a19-8738-f3c43449f3b8
jɔ̃ːp,jɔ̃:p,jɔ̃ːp2_c56ce826-50e3-4f9b-aef4-29cd0e65913e
wéén tëëg,wɛ:n tə:g,wéén tëëg_c58137ca-5fbf-4bf7-9557-d9503bd26be0
p’yym,pɨ̰:m,p’yym1_c58f3f30-b24e-49b3-89c7-a8dbbcc5fc5b
ɟabud,cabud,ɟabud_c59dda44-a224-4265-8c63-5a694be26e01
padëëk,padə:k,padëëk2_c5a1d925-6abb-4768-b075-d78b9ce0ee53
pa,pa,pa2_c5ad89ed-d105-49bc-bedc-a759b5d8f327
ʔajat,ajat,ʔajat_c5b4a15c-8d79-4996-b956-443c2143e1b7
byyh,bɨ:h,byyh_c6283908-ed9f-4529-ab22-f0a452ed88b6
ajuuj,aju:j,ajuuj_c636872d-4da0-470d-930a-3449077f4643
ɟakod,cakod,ɟakod_c6a20b3f-d2ad-402a-bcf7-ced8a9d76729
gɤːw,gə:w,gɤːw_c6bf71e3-c56e-4d86-87d2-0c8e3dbf086d
ʔaɾuːm,aru:m,ʔaɾuːm_c6fbd4fe-be1a-4ff5-ab9b-e9f863abceef
basooh,baʃo:h,basooh2_c72d9c5c-d8fc-4c06-9f6d-f9ef9f262f1a
kaj-pa,kaj pa,kaj-pa_c75e2b47-943e-494b-84fa-6a2c5cd7d6d3
asʹyyh,aʃɨ̰:h,asʹyyh_c75f7d44-6fb0-498b-9a97-862dd984bf7b
tah ỹỹ,tah ɨ̃:,tah ỹỹ_c75fda82-11b8-4ddd-bdc3-0158fbd996ce
ɾuɲ,ruɲ,ɾuɲ_c78e3c36-0f7b-4e27-ae42-5391ecaa33b0
tatsëë,tacə:,tatsëë_c7995d79-a53a-4ee3-ba03-b6b43eeea58c
awʹyy,awɨ̰:,awʹyy_c7d163a6-e5e2-430a-86e3-739acf52b061
bahõd,bahõd,bahõd2_c7fb0386-4f9c-4e01-b63e-98d57aeff3a4
gamatsih,gamacih,gamatsih_c81030cf-af27-4010-b3eb-e745b2f13d26
abi,abi,abi_c8927501-771f-4db0-afa6-9ca9ca67d32b
gód,gɔd,gód1_c8bf4c45-4267-46ab-b762-3812481e1fef
 =kóm,  kɔm, =kóm2_c8ff3ede-cd52-435e-aa16-b8e6ad9ac937
aëëk,aə:k,aëëk_c92360d1-bfc8-45ff-acd1-12983ebc7aee
ty kawõõt,tɨ kawõ:t,ty kawõõt_c9573917-f207-4d1c-b308-940b99075dc7
h’ooh,ho̰:h,h’ooh_c95ea861-4c45-4a1a-8ef3-688bec4eb1f7
ejooh,ejo:h,ejooh_c974a407-e86b-4fe2-9a3d-fadf2bbb7e83
wə̃ːɟ,wə̃:c,wə̃ːɟ_c98bdbf6-4334-4e41-84b3-071df627fad3
aỹỹh,aɨ̃:h,aỹỹh_c99a1e11-f4d3-4fbd-b8e4-ef98dc3ac38b
hahỹỹh,hahɨ̃:h,hahỹỹh_c9b7d1df-1bb9-48d2-a71c-af0fdd38ed70
akʹuuts,akṵ:c,akʹuuts_c9e21d27-da30-451c-b986-8b1d12530f77
tɨːw,tɨ:w,tɨːw_c9ecfce1-ed8a-4335-8793-9b265a3f6bd5
gyyj,gɨ:j,gyyj1_ca272553-839d-43eb-b187-20be948754f3
jaw’ëëj,jawə̰:j,jaw’ëëj_ca32c043-64c6-4e57-bc22-bf16c5a11551
bebuu kóm,bebu: kɔm,bebuu kóm_ca3c72b0-2bff-4c90-9d48-a0ade79d3177
saroor,ʃaro:r,saroor1_ca5bfa8b-4463-4b3d-a0be-200a2bac12b9
bet’ëëh,betə̰:h,bet’ëëh_ca922974-ef94-4898-9d91-2105dc5d6641
pʌʔ,pʌ,pʌʔ1_cad2429f-304a-437a-ac65-bad608ba9e61
etẽẽk,etẽ:k,etẽẽk_cafac62b-9970-4b3d-b84b-058a5f4f5c89
hʉbnxaa,həbna̰:,hʉbnxaa_cb31e5a8-cf19-4967-8c75-ed31937289d9
nabuuj,nabu:j,nabuuj_cb6fe9b5-c752-4979-abff-e6d8db6d476b
nuujé,nu:jɛ,nuujé_cb9e8dad-2386-4f1b-a020-011a13313b11
ji waa hood,ji wa: ho:d,ji waa hood3_cbb41e7c-9ec2-42ff-84aa-d2129273d074
gɔːɾ,gɔ:r,gɔːɾ_cbc735ec-3a11-421f-82fa-4ca23abfd0c0
mukuɾojaʔ,mukuroja,mukuɾojaʔ_cbd1a457-c564-4810-bf4d-507fbe4cb22a
enʹyyh,enɨ̰:h,enʹyyh_cbe8134d-62cd-4d0d-9468-b2c7810b1282
nʹoo däk,no̰: dʌk,nʹoo däk_cc15196d-be8a-4cee-9ea2-11386c0cbb43
aä̃h,aʌ̃h,aä̃h_cc1d9e62-4139-45c2-8acc-9b552effdc3d
jamɔg,jamɔg,jamɔg_cc35fe75-2dbf-432f-a1fa-1c3e802dd99d
benäng,benʌŋ,benäng_cc9d7f0b-5b7b-4bea-afb4-a27edf0f81fc
jɔʔ,jɔ,jɔʔ_ccb2b652-242e-40c6-a623-0abd516d2ee9
mukuːɾ,muku:r,mukuːɾ_ccdfe262-1dfa-4e69-8ef1-13f330e1de52
hũːt,hũ:t,hũːt1_ccfd21a0-acc5-4821-95f9-e6b5b9d5570d
maa newyy,ma: newɨ:,maa newyy_cd04d1f4-798e-4386-a0b1-32115fafe1fc
ejóh,ejɔh,ejóh_cd0d2eeb-7ad1-4f6f-862a-80c48b0b1aac
jɔ̃ːp,jɔ̃:p,jɔ̃ːp1_cd1b5ad6-d2f8-4f22-ac9f-05ee86062d55
h’ÿÿw,h?̰:w,h’ëëw/h’yyw_cd431f73-caef-44e2-8c8c-bfdab027a9f5
ỹỹn,ɨ̃:n,ỹỹn2_cd68549e-1a6e-4765-94fe-b4d379bdf417
yt hẽ,ɨt hẽ,yt hẽ_cd8fb829-67d8-4a04-a238-3aded439a29f
hʹooh,ho̰:h,hʹooh_cdd344c3-6d2f-4e37-b2a3-cf9d784437f7
gasʹuut,gaʃṵ:t,gasʹuut_ce036a88-6b65-4bfd-817b-ba8e1b160321
dejëp doo sapanang,dejəp do: ʃapanaŋ,dejëp doo sapanang_ce7f36f4-c947-4f55-a671-bca112964da8
wahɤ̰ːh,wahə̰:h,wahɤ̰ːh_ce80171b-4d63-4f72-9f46-5068f63719ab
hɯ̃p,hɨ̃p,hɯ̃p_ceabb022-1ecb-48b9-b5d2-01c836094d5f
kuruj-du,kuruj du,kuruj-du_cee3da30-09cb-4fe7-8929-c2a990e5caa8
waa,wa:,waa2_cef9c55c-f3fb-48ad-a6de-8dcfe1dd8214
wakʹããb,wakã̰:b,wakʹããb_cf26659f-f581-4ec4-917d-f7b2a3a9ec61
ewëën,ewə:n,ewëën_cf2ba2cf-1b12-4871-8529-c04cfe09aa5f
abaanh,aba:ɲ,abaanh_cf5c8b30-9e96-42af-a731-e2fa95c608df
sanajooh,ʃanajo:h,sanajooh_cf70f282-1827-4664-bc8f-4edb4e054802
tʉ́,tə́,tʉ́1_d009493f-0c14-4cfc-a8a5-0d54484ed84b
oow,o:w,oow2_d04af342-ffb6-4ca8-806b-a630870f74ee
pɔ̰p,pɔ̰p,pɔ̰p_d09386a8-6bbf-4a0f-8a4b-6ab7693b239a
sũũs,ʃũ:ʃ,sũũs_d0c4a398-72c0-465e-b5f5-09f1d2d9152a
awʹëënh,awə̰:ɲ,awʹëënh_d154c3a3-1087-4193-8222-fe3e794662eb
wʹëënh,wə̰:ɲ,wʹëënh_d1568243-8849-4f87-835e-bc168b791fa3
ajëk,ajək,ajëk1_d188f989-00c1-406f-a993-84ae8a95254d
warahen,warahen,warahen1_d19ed409-f161-40d6-90a9-dede5c019714
karaweng-weng,karaweŋ weŋ,karaweng-weng_d1f591ae-c4a3-4fbb-b389-ebee5796aee9
pʹooj up,po̰:j up,pʹooj up_d243caec-72a6-40fa-a4e3-d9422bad97fc
kejëm doo,kejəm do:,kejëm doo_d261fa7b-8471-4574-9d0f-7ea415f23a8f
adäg,adʌg,adäg_d289f0e6-47b0-44cd-86fb-ad0272176d13
dɛn,dɛn,dɛn_d2b3947a-62a9-499f-a2db-b953e9ae2cd0
dahẽẽm,dahẽ:m,dahẽẽm_d2ef8ac9-8765-486d-b457-05cee687a454
hɯ̰̃ːw,hɨ̰̃:w,hɯ̰̃ːw_d2f0e9be-4c7f-41dc-960b-912373df737f
atëëd,atə:d,atëëd2_d301533a-4748-4f8d-bbfc-ef485aae93c3
awoob,awo:b,awoob_d3d5776a-9436-4663-adca-234b779ecc89
tii,ti:,tii2_d3db1b0f-4558-4e63-94dc-a2d6b0d31def
masããh,maʃã:h,masããh_d3e5e124-59db-47e3-b010-06d79c06c710
etyy,etɨ:,etyy_d3ed1004-2b4c-480f-85bc-2da46c75a6b8
noo gasʹaas,no: gaʃa̰:ʃ,noo gasʹaas_d401b78b-b150-4992-8cd2-064c1842603b
nu sawaag,nu ʃawa:g,nu sawaag_d4230c17-b08e-494c-a5de-7c931fd7e20c
herʹoot,hero̰:t,herʹoot_d42677cf-1d23-49c3-b1ed-1d7c4b59b99c
ɨɨm,ɨ:m,ɨɨm_d43b320e-3a28-431e-897d-97757c461f9f
jahuun,jahu:n,jahuun_d45899a6-5980-4a1c-86ef-a41ea8848147
ji yd makametëëk doo,ji ɨd makametə:k do:,ji yd makametëëk doo_d46a034f-0c4b-45be-a0e2-6eb34d95ab3b
tabëëj,tabə:j,tabëëj_d4908e65-d8aa-4e7d-8966-be47f303219e
jawén,jawɛn,jawén_d4b4578b-11f9-4b84-8c03-57d29bc5c8e2
mabooh,mabo:h,mabooh_d4cd0f8d-7eb6-444d-988a-892e659baad6
getsʹyyt,gecɨ̰:t,getsʹyyt_d4cda079-ada5-4609-b46f-a33588cca221
jaw’ëëj yb,jawə̰:j ɨb,jaw’ëëj yb_d4cdd465-b55a-4bd7-8f21-2ceac090d175
manajuu,manaju:,manajuu_d4d1cf7b-605e-4a66-a138-780c8ba1e6a3
datés,datɛʃ,datés_d4d8658e-0692-4022-8f66-d7ff445c29c8
mahũũr,mahũ:r,mahũũr1_d5012807-382c-4ce2-ae64-fe70e83272d7
badoh,badoh,badoh_d512d2a8-ef7d-4a6c-9ee5-e0b11c89a6aa
karejãã,karejã:,karejãã_d51e3f98-6b8f-4c4a-a358-4c5ac370c8a7
ʃaɾəːɲ,ʃarə:ɲ,ʃaɾəːɲ_d5249446-277e-4b50-9885-5c1c872e4254
yʉʉh,jə:h,yʉʉh_d594696f-9f99-4a8a-bf42-436ae849f0c5
saroor,ʃaro:r,saroor2_d5e2a7f5-0b77-41ec-aebc-0f8c9ce1602c
biin,bi:n,biin2_d5f5134a-adda-4de8-949a-b01dde299ee5
näng,nʌŋ,näng_d60ff176-1202-4425-98d3-4a3ae5fa1644
təːg,tə:g,təːg_d66c1b30-0dde-4131-8a4c-b3729eefddf7
kujṵj,kujṵj,kujṵj_d674eeda-bfa4-47b0-86d8-ce128cfc5d92
wë,wə,wë3_d683ed0f-5336-42bd-973a-dd2b94750fd0
nu gesʹõõm,nu geʃõ̰:m,nu gesʹõõm_d6c8f2ab-2832-4af0-8120-e601cb6bbe5e
heduk,heduk,heduk_d6de556b-cde9-46ca-b990-7e56b4c53cf0
tsiw,ciw,tsiw_d6f851ea-76b0-4c5d-a0a5-24e88039b1b9
wɨm,wɨm,wɨm_d70249ce-c638-4f54-9217-c3728f3fc3e5
edoon,edo:n,edoon_d7029ea0-1d77-423d-ab5d-d19e1296fa60
kabəʔ,kabə,kabəʔ_d70c2c74-ace0-4bcf-b320-69051e676ebd
bä,bʌ,bä2_d715fe9e-35d6-4cb9-b7dd-ca28a1e3c7a4
tẽng,tẽŋ,tẽng_d71b1195-dd8d-4155-bd40-b725f3228e12
sxóów,ʃɔ̰:w,sxóów_d752672e-6661-479c-bdf7-29b0468d85a3
gʌːw,gʌ:w,gʌːw_d75c6521-2155-4784-a864-2198b50b7ec4
séd nado,ʃɛd nado,séd nado_d7873eaf-cf36-464a-a057-08f1f705e07b
mayyn,maɨ:n,mayyn_d78aebcd-72b7-4625-9c88-32586feea810
wo̰ːɾ,wo̰:r,wo̰ːɾ2_d7b314a9-7a00-477f-803e-70d2b5f9eef0
po̰ːp,po̰:p,po̰ːp2_d7c15097-e7aa-466b-b75b-f54b0e2625da
gakyyt,gakɨ:t,gakyyt_d7ffc2f2-96d2-4489-8dba-332f78a9d1f0
tä nyy,tʌ nɨ:,tä nyy_d81ab449-4825-4c3d-868e-da12f084ab35
tama,tama,tama_d841c6e5-6cae-4f89-a59a-6873a985a44d
wɛ̃m,wɛ̃m,wɛ̃m_d85377b8-bd2e-46c4-b056-cf8c3e2a4e87
asõõnh,aʃõ:ɲ,asõõnh_d8625861-b01b-44af-93d5-88d49e688367
nayyw hẽ,naɨ:w hẽ,nayyw hẽ_d8797b50-39a1-4c28-a241-3bf28bc7215b
tëëg hood,tə:g ho:d,tëëg hood_d8c36eed-f9d1-43ea-a049-1b237a789149
hëëj,hə:j,hëëj_d8cd3b39-bb36-4332-b938-a6f4b9560376
maɾuʃ,maruʃ,maɾuʃ_d8e843eb-0a99-4a26-963c-fcf20299fb1f
ha,ha,ha_d8ff5f99-7c38-4ed3-ae5a-ceba827841bf
ta=tym,ta tɨm,ta=tym_d9031622-383f-4139-84bb-f30c04f84fcd
yd,ɨd,yd2_d910005f-ac8b-4310-9ed0-79680c7a88fd
ma,ma,ma2_d9520bd1-d3cc-41e0-a4b4-ca44534c8219
tɔ̰̃ːm,tɔ̰̃:m,tɔ̰̃ːm1_d95571f5-ea34-4361-bbc3-460b2723ced6
hʹyy gadaja,hɨ̰: gadaja,hʹyy gadaja_d963132e-822f-4bbd-a36a-54d8c61f0326
pahëëw,pahə:w,pahëëw_d96d5d0b-d7d0-4a83-bba8-d73b7c44fbc0
naëëj,naə:j,naëëj_d9ca85c7-ea29-47cc-9bf8-0624e99f4f92
doːh,do:h,doːh1_d9caa3ff-06cc-413b-a9c7-398060ef979c
dʉ́ng,də́ŋ,dʉ́ng_da019cd9-ee6c-4770-86c2-2894aa3e5733
yasuuh,ɨaʃu:h,yasuuh_da900b5e-4e52-47a4-bd9d-01f7d6d64609
oehyyb,oehɨ:b,oehyyb_dafde805-1e00-43a5-a7df-5bb17a060379
ʔaʃoːp,aʃo:p,ʔaʃoːp_db2e58e0-1b35-4b39-9593-40e2679f821f
bakuuj,baku:j,bakuuj_db3327f2-ee1c-4fee-b454-d1e886110587
eỹỹm,eɨ̃:m,eỹỹm_db33bb76-0902-4cd5-a8db-eb1f7bdaefba
hyng,hjŋ,hyng_db4ae79c-798a-4209-b026-517e5edf7160
hajaa,haja:,hajaa_db4bc457-c4d3-407e-9132-32165df1027e
gadẽẽ,gadẽ:,gadẽẽ_db5a6e7e-9de8-4d46-9bee-a9b8d6999741
mɨɨm,mɨ:m,mɨɨm1_db9988e2-952d-4c97-9459-82d6e116e782
dõm karekẽd,dõm karekẽd,dõm karekẽd_dba9ba48-2912-4dc8-bedc-4b8441e09274
puuw,pu:w,puuw_dba9c1c2-cc38-4314-b9f5-c5df5138a06a
sasõm,ʃaʃõm,sasõm_dc2f33b4-b656-4d8d-bed8-224abc74d1a0
saaj,ʃa:j,saaj_dc3953b0-31fc-42e9-80cd-d36a8c270fb5
gʉʉt,gə:t,gʉʉt_dc396093-f137-47ef-80dc-2bb879a4cf28
epóh,epɔh,epóh_dca109c5-da4e-472e-84e8-927a1bcab4fb
hə:j,hə:j,hə:j_dcce0c15-b25b-4991-88a9-5dc42079fd0c
badahẽẽm,badahẽ:m,badahẽẽm_dd443ef2-4297-420e-9e76-8ecf6b92b8fc
gajénh,gajɛɲ,gajénh_dd695d2b-de3a-48cb-8d65-cc1432ed82da
esóts,eʃɔc,esóts_dd8eac93-4aef-4404-9da4-dc21a8389f50
wakaar,waka:r,wakaar_dd93a5b2-8f23-49e2-bd6c-9c0e0d7b83b3
makahe bëh,makahe bəh,makahe bëh_dd945543-0b14-435c-bb3f-30f393078ef0
nad’ëëd,nadə̰:d,nad’ëëd_dd993279-961b-4e7e-aaf2-0286f5a2b9e1
ëk,ək,ëk_ddd21a10-4d81-464a-a237-cf3195a8f0c5
taba̰ːh,taba̰:h,taba̰ːh_de71206e-e9a3-466d-9f04-99311263ecfd
gagoos,gago:ʃ,gagoos_de997ca7-a685-4d77-b111-15c3c63971fc
kewan t’ëëh,kewan tə̰:h,kewan t’ëëh_dec39ffe-7d21-44ce-b1db-304de4924879
séd dó,ʃɛd dɔ,séd dó_dec64b24-27e5-4a0b-9b8d-4a7cb969f5b6
ajyy,ajɨ:,ajyy_df084789-d41c-4e8a-9b94-bded23eaa2d8
jëng,jəŋ,jëng_df0ab2f6-c78d-4ce7-b940-9f522b137fa9
ehë̃p,ehə̃p,ehë̃p_df3af308-6431-4a3e-aea7-e9264917d791
kamak,kamak,kamak_dfae89f9-0470-48cd-9b48-c0d0ab77f609
wo̰ːɾ,wo̰:r,wo̰ːɾ1_dffe077c-a1e2-4234-84d0-b75afeaf0660
heen nʹaa,he:n na̰:,heen nʹaa_e00ea0a4-a593-43c3-b339-f3933a66bdca
eỹm,eɨ̃m,eỹm_e0157363-f854-42f4-acfa-dedc5b175515
gahõõh,gahõ:h,gahõõh_e0491dc8-f388-4a44-b49f-9a41f3b1e52a
daheeh,dahe:h,daheeh_e0654f7b-5bac-428c-9f96-6021ec1257b3
nu jadatoog,nu jadato:g,nu jadatoog_e201b7a5-265d-4e84-8d16-27c0ea05ac4b
tsyym gagỹỹw,cɨ:m gagɨ̃:w,tsyym gagỹỹw_e22fef50-ce5d-4409-b5a1-f114f7d50ea0
kedʹaas,keda̰:ʃ,kedʹaas_e2551ae2-7094-4445-98e6-3f71b7b4f191
puh,puh,puh2_e25be93c-0c6b-462c-8c1d-846391d9cb7d
bagä,bagʌ,bagä_e27bf773-9778-44d5-936b-d75996aaef64
nehãw,nehãw,nehãw_e28b3457-b326-4d75-8e50-d800e365a895
hỹỹh,hɨ̃:h,hỹỹh_e2aac6ce-87d1-4108-8519-38b7d7501b1a
tɨːŋ,tɨ:ŋ,tɨːŋ_e2b5fecf-076d-455e-afca-70e5369e1d22
eréd,erɛd,eréd_e2d456f2-b58b-42af-8dfb-538033b5131b
dapuuh,dapu:h,dapuuh_e2fa23b4-ba19-43c9-bbbb-954097c46f42
ana,ana,ana_e31f4062-bf6c-4316-ba96-271f1e728541
jabarato,jabarato,jabarato_e37808c2-72a0-408b-ba1f-a90b65dd3c81
hado,hado,hado_e38efbe1-2b31-4b13-8f02-ffda0c1b3ff7
akä,akʌ,akä_e3bbdea8-01c6-43f4-bf94-d8fab2822864
hÿÿw,h?:w,hëëw/hyyw_e3e69eca-b141-4371-89c7-fb0f3deefb05
karaak,kara:k,karaak1_e3fbee0f-140f-4414-9435-89051dc09107
hahëëm,hahə:m,hahëëm_e3fd55a7-d7df-464d-8b02-0174750804c5
wokã̰ːn,wokã̰:n,wokã̰ːn_e413f904-0415-456d-8124-04c40bb9b68f
awänh,awʌɲ,awänh_e47da50d-5c62-4eec-b99a-3bea55c9fa4d
mar’ããs ma,marã̰:ʃ ma,mar’ããs ma_e484acce-74a9-4e3c-a1be-ab05b83c5614
paːn,pa:n,paːn_e4920278-36b2-4b6c-b266-9c72f3055cce
atëëk,atə:k,atëëk_e4926732-ea43-4a15-986d-9d6de8130da2
gasud,gaʃud,gasud_e4ab1a59-cfa0-4c4e-92be-da6ffff659be
tɨɨ,tɨ:,tɨɨ_e4e003b3-b87d-4e64-853a-137ee8f53b2f
barajaa,baraja:,barajaa2_e50cdd50-e263-4c36-8427-a1576df4ce0c
ajʉm,ajəm,ajʉm_e532759c-75f9-441c-967d-f4322a5dd35c
b’aa bód,ba̰: bɔd,b’aa bód_e56b6ecc-a8f7-4458-8e40-6c4736adab82
wa,wa,wa_e58b4b2e-785b-436d-b8c1-c5e899be438f
nɔ̃ːh,nɔ̃:h,nɔ̃ːh_e5a9b44a-535d-4fbc-a143-4da67996e110
kaɾabaʔ,karaba,kaɾabaʔ1_e5b1bd43-23ef-4e3f-b224-c4d00c9030b5
kekõõn,kekõ:n,kekõõn_e5ee3de2-9579-4635-afa2-5654c3753104
ʃeɾiːʔ/ʃɛɾiːʔ,ʃeri:/ʃɛri:,ʃeɾiːʔ/ʃɛɾiːʔ_e61dabba-1fcd-4f05-b237-1b741495f92a
mejõ,mejõ,mejõ_e61e8c0f-1d91-40bf-af30-85c14aa432e1
eoom,eo:m,eoom_e666abf2-eabe-4681-948b-72a9af0c2ed9
biin,bi:n,biin3_e6e5bae8-d2ad-412e-b701-c994681eb9d5
du gahõh,du gahõh,du gahõh_e6e93f5e-5975-47f5-b06e-f0b1bb893ed1
gadep’aah,gadepa̰:h,gadep’aah_e6ee1ebc-3879-4131-aaac-57b58e115be0
toːɲ,to:ɲ,toːɲ_e752388b-a427-4713-8632-3f0b9c9ed891
esõõnh,eʃõ:ɲ,esõõnh_e7932464-4a1c-406d-9424-b009ca00ab40
hʹyyb tawén,hɨ̰:b tawɛn,hʹyyb tawén_e7ad8433-6d98-4bf5-8ca6-f34248363ac9
haɾũm,harũm,haɾũm2_e7c19295-e5b4-4fbe-afa0-407f81dde475
matëëh,matə:h,matëëh_e7e8d396-6ffd-46a2-9c45-2ba9d806df54
badah,badah,badah_e82440f2-0d44-46ba-b8ba-777dbf1a0eb3
h’ëëb tym,hə̰:b tɨm,h’ëëb tym_e85dddba-34fd-4ea5-af27-e708019a241b
etʹëë,etə̰:,etʹëë_e8722275-3877-4fed-99c7-d79cb00d40ae
kesuk,keʃuk,kesuk_e88be7eb-f37b-4e0c-a513-0e71556555c9
tʉ́,tə́,tʉ́2_e8a45bd9-e67b-4f28-ac1a-5e55f7c05c03
egʹaak,ega̰:k,egʹaak_e8a55d4c-33f7-4c02-9f26-544a6ffd5243
ehõ,ehõ,ehõ2_e8d832f6-e4fc-46b0-89fb-c0b872c4030e
karõõj,karõ:j,karõõj_e8f19e2a-6c05-4d67-8f66-edb8470907ed
kapuuh,kapu:h,kapuuh_e90c36ba-3868-47da-8357-f8826991dcad
kanés,kanɛʃ,kanés_e9993a8e-4b5d-4020-ba21-8dcd58e347b8
gõj,gõj,gõj_e9a4ed5d-91c0-4580-8d52-9e06d2e7efbd
sooh,ʃo:h,sooh_e9c38f60-21ca-4df6-98bc-73b6d002930b
sëëj,ʃə:j,sëëj1_ea18d5a2-e0a3-4174-859f-b42bbb3d5e93
ʃaʔõʃ,ʃaõʃ,ʃaʔõʃ_ea2fcbc7-8d01-4d64-ad33-5612d0244ee5
kahʹỹỹt,kahɨ̰̃:t,kahʹỹỹt_ea2fe099-2a0c-4037-8cc3-845740fe5a85
 =gʹaad,  ga̰:d, =gʹaad_ea75dfe4-c1ed-4061-9274-9d1552506703
ʉʉn,ə:n,ʉʉn_eb201827-9f6d-4018-a8dd-e4f259bf9838
gʹõõh,gõ̰:h,gʹõõh_eb41f0ed-d6f9-4d6e-85b3-36781b9f4840
joːm,jo:m,joːm_eb5c00b0-2af8-40ce-b71f-aab109532cec
jëëpits,jə:pic,jëëpits_eb704e72-9f60-4593-a8e4-b26a718a0183
oow,o:w,oow1_eb8de02c-9b06-4ddc-af7a-cba13637ac34
badɯːk,badɨ:k,badɯːk_ec4b457c-f57d-40da-9afc-1a28497674a0
ỹỹnh,ɨ̃:ɲ,ỹỹnh_ec6a849a-8e80-4b1a-8a4d-aa9eca6aa9b8
pʹeets hẽ,pḛ:c hẽ,pʹeets hẽ_ec73ec5a-97dd-47c9-8c8c-1d937b51073f
ajʹyy,ajɨ̰:,ajʹyy_ece00d00-4ed6-47ba-9536-ac3be8cafafe
hỹ,hɨ̃,hỹ_ed75fc76-6ba5-45fa-9836-fcd4fd502dd0
wʹyym,wɨ̰:m,wʹyym_eda10c90-25f4-4535-b7cf-80e5d874e628
hawät,hawʌt,hawät_ee5984fe-4b74-4ff7-994b-e1c68e1486b6
sawyym,ʃawɨ:m,sawyym_ee869356-dc53-4210-9fa0-608972e8e311
péh,pɛh,péh1_ee911202-c9b9-436e-8f4e-23aff9b0cbb6
ʃagõh,ʃagõh,ʃagõh_eeca1ffc-f132-4006-8f31-6c7c3afed52b
karahon boj,karahon boj,karahon boj_eecec626-b989-43bf-9319-61e477fa651f
ji etook doo hood,ji eto:k do: ho:d,ji etook doo hood_eef3a85c-3621-4ed5-961a-49585ddaa9a1
jṵːʔ,jṵ:,jṵːʔ_eef40a70-5ad0-4fc4-bc34-11960085d1f3
hepũũ,hepũ:,hepũũ_ef03e002-08aa-40c2-9509-41327e679084
egaag,ega:g,egaag_ef05545d-dce0-494b-9a22-3d3474a9c500
maɾahuːd,marahu:d,maɾahuːd2_ef1c8465-a5e4-4269-b0ee-40fed97f627b
esok,eʃok,esok_ef9574fd-7c87-4d19-93d3-681bd9792262
nahʉ́ʉ́h,nahə́ə́h,nahʉ́ʉ́h_efde7ae3-ad6d-4780-bc2d-938e26a751b2
du do,du do,du do_f04e460e-1fca-47d3-a451-15fe4f773b94
sagõõh yb,ʃagõ:h ɨb,sagõõh yb_f083511e-addf-40a3-a079-eb13664e75e9
doːh,do:h,doːh2_f09ac595-bfa8-49ef-8682-d9715ae4591b
parako,parako,parako_f0ce7f61-8215-40c6-8517-c80a35ded67f
baga̰ːd,baga̰:d,baga̰ːd_f0d950b3-584b-403f-b03a-ffde77ce3067
asʹoob,aʃo̰:b,asʹoob_f12910bc-5840-465c-a9f7-213f9742fa53
pä,pʌ,pä_f147e3d8-5601-4640-b31b-4fd6d06fa113
karahi,karahi,karahi_f160e9f4-8046-4b12-a202-2663128d0ad7
atë,atə,atë_f220b4c8-df69-4f7d-bdce-35307c815909
tsabaad,caba:d,tsabaad_f222e48e-84ab-4825-ad8f-88b9481a8a1b
samỹỹj,ʃamɨ̃:j,samỹỹj_f2424339-1bdb-47b7-8946-f46a9d8685e2
pajëëh,pajə:h,pajëëh_f2432392-3a38-477e-b433-28593f111324
hëp,həp,hëp_f26a22e6-6630-411c-8f0f-240d649e6f57
hɔ̃ːj,hɔ̃:j,hɔ̃ːj_f27ab227-b4d9-44ac-b8bb-36a951f02a80
datyyw,datɨ:w,datyyw_f27f2550-ca80-4719-96a6-9b6f7e39c6d0
kurid,kurid,kurid_f2e1c000-9369-44af-abbb-74551674cbcf
ji makoot doo,ji mako:t do:,ji makoot doo_f30f481a-0ab2-41d2-98dd-da990f69c020
eh (v. eeh),eh (v. e:h),eh (v. eeh)_f34fc58d-6e5c-4fe8-9604-2572208081d8
hyb nʹaa,hɨb na̰:,hyb nʹaa_f36368e5-54f1-4cad-87fd-7c40436bda6f
datuu,datu:,datuu_f396e744-4d1e-4834-a1c8-eaea968bcfed
mooh,mo:h,mooh1_f3b52f1a-d90c-47a3-a82e-0f14c1209ae3
mapaːd,mapa:d,mapaːd_f3c7d2d0-2b4f-4816-9890-82193821aa5b
pajʹëëh,pajə̰:h,pajʹëëh_f3e58350-fdf3-4dcb-a18a-2902268e4a9f
kabë,kabə,kabë1_f3f3eac8-03b9-4b3b-be87-4d8a15178bc3
pṵːh,pṵ:h,pṵːh_f3f47438-a4db-4f2e-96e1-095798984f93
kat,kat,kat_f40fa792-adc4-41f2-ad6e-b5120cb7051a
b’aa patuuh,ba̰: patu:h,b’aa patuuh_f41bfeac-969b-452c-923a-8744d160d591
dahééh,dahɛ:h,dahééh1_f421a677-2b60-483b-9e40-2b88cbdc4fba
ʔoːw,o:w,ʔoːw1_f450e27e-ab41-4277-a9ec-2d5c346698a5
hadʹyyt hẽ,hadɨ̰:t hẽ,hadʹyyt hẽ_f4a7e747-1632-4a49-9a51-80aae93ecc2a
esëk,eʃək,esëk_f4ab64fe-1bc5-4f2c-9380-673fa8b919ac
gʉ́ʉ́w,gə́ə́w,gʉ́ʉ́w_f4e616c0-d970-4598-9274-5277a8930d61
powóp,powɔp,powóp_f4fa58ea-3563-4a73-9241-66d524638a2f
dooh,do:h,dooh2_f50666b1-7d7e-449a-8205-0cda6a02f920
abʹii,abḭ:,abʹii_f51c2d5a-deec-4c2c-9958-e47868ad495d
ahëëh,ahə:h,ahëëh_f552375d-10e3-4742-a485-933874754632
karʹẽẽn,karḛ̃:n,karʹẽẽn_f5926d3f-fb91-496a-9777-ce724a4960ba
dʉ́k,də́k,dʉ́k_f5ccdeb4-f609-45e0-ba1d-6bb5082adeb6
tɔ̰̃p,tɔ̰̃p,tɔ̰̃p_f5d2c6fc-7483-4978-a80f-1a12a7d69426
ʔaʃop,aʃop,ʔaʃop_f5f8196a-3021-4af8-b22f-7317b5d12710
 =dab,  dab, =dab_f62551f3-a0a5-4ba4-93d1-54fcd72b4088
kahỹỹd,kahɨ̃:d,kahỹỹd_f636972a-af07-4a05-91fe-c4deb510fe6e
tɔ̰̃ːm,tɔ̰̃:m,tɔ̰̃ːm2_f647e473-9fc9-480b-8c69-61c9bb1a68d5
dɛ̃ːm,dɛ̃:m,dɛ̃ːm_f67b3dd1-32b3-4231-9398-a409d5859b93
kawewʹaam,kawewa̰:m,kawewʹaam_f6a8428b-b48d-4651-ac4d-28fa4ca4aafc
atsõb,acõb,atsõb_f71894c0-8fab-4c50-85f1-40d22a323e72
kaat,ka:t,kaat3_f725bf08-256e-40b3-9475-6bbf23806316
ahỹỹh,ahɨ̃:h,ahỹỹh_f733ec49-2377-44b4-8f60-a93e6a22ff4e
jawaraah,jawara:h,jawaraah_f756f1e6-f236-4c54-acc9-915b99f10ba4
dagõn,dagõn,dagõn_f7d8ca73-7f0c-4b90-914b-ea59c8e057e1
tëëg yb,tə:g ɨb,tëëg yb_f8951250-2fb0-48b9-b08c-6e0875754bde
dõn,dõn,dõn_f8aa9537-e5b1-447e-b490-141ff2218678
hɔːh,hɔ:h,hɔːh_f900068e-bcdb-4841-8547-ba76b0bd11be
hob (n.i. hoob),hob (n.i. ho:b),hob (n.i. hoob)_f9032c63-521f-401e-b6d3-0c7d547ec066
patsëë,pacə:,patsëë_f975debe-d1b6-4a5a-94a8-562e89f3b5a6
kawajad,kawajad,kawajad1_f97b2e7e-498c-44ee-bd8b-e78d47d7c9c5
byy,bɨ:,byy_f9c7c3ad-da4f-4387-9548-a0bbcc776ce5
 =hooh,  ho:h, =hooh_fa7ac57e-791f-4525-9c54-71001ec97629
na,na,na3_fa915d92-ea88-4f0a-9ced-ef2f7a30fe8d
pong jé,poŋ jɛ,pong jé _fadaa0b0-6f45-41cc-9141-fa00934632fc
satëëh,ʃatə:h,satëëh_faede2ca-26e4-47e4-82b7-9b5b0517a521
asoop,aʃo:p,asoop_fb0ac1ce-3487-4841-8c1e-1d831b4bedc9
abʹaap,aba̰:p,abʹaap_fb163b95-c7fc-49f2-a57f-52ccffdb1ec2
sëët,ʃə:t,sëët_fba5372b-8eca-4bc9-9c0d-44ee540ee828
etʹëëh,etə̰:h,etʹëëh2_fc228f01-64d1-4339-a57d-a5ac1cab8d3f
toog,to:g,toog1_fc56d0a8-16ea-459f-9fff-c846b615c3e0
hũũt,hũ:t,hũũt_fcbc9a08-ecac-4e11-b568-cad430854b14
nebʹooh,nebo̰:h,nebʹooh_fcc511a9-b015-46f3-8650-601b10c498fd
asëk,aʃək,asëk_fcd2a200-7c82-4ef6-8810-d5f7c93bd8fc
w’eets,wḛ:c,w’eets _fcd31ae9-c266-4ab2-a2ef-60eb3eff61c3
her’oot,hero̰:t,her’oot_fcd85a56-cfb3-4e88-b636-3a81739ffd26
apug,apug,apug_fcdd071b-d492-4898-9a12-0b068c0c3557
karaj’aah,karaja̰:h,karaj’aah_fcec02bf-7c8a-4731-97ef-941063dabe16
noo,no:,noo_fd121132-52a5-48ea-bd08-47e6db5af53b
sóóm,ʃɔ:m,sóóm_fd2f84a4-1299-4c5e-92f2-d44f1681cf10
wʉh (n.i. wʉʉh),wəh (n.i. wə:h),wʉh (n.i. wʉʉh)_fd3e48ba-64e1-44b1-994c-c83710ef13a4
matadeeh doo,matade:h do:,matadeeh doo_fd50f769-044b-4495-ada5-d35df21409b8
ketsëk,kecək,ketsëk_fd6da278-89a5-4bbf-92ab-6535f4c01f91
hahëëw,hahə:w,hahëëw_fd77a6ed-fbcc-4d9a-9f75-6c822da7adec
do,do,do_fd9bc761-cadc-4cb2-8af8-d271ab95e039
erih,erih,erih_fda709d5-d037-4b44-9d89-2168a98aa9c6
tʹëëng,tə̰:ŋ,tʹëëng_fddfb54c-17be-4610-a9d5-8a92c52ddb9e
rii,ri:,rii_fe01223b-1dfb-48ca-b4be-80ae1b04e1db
jeriih,jeri:h,jeriih_fe86d66f-64e6-4f0a-a39d-960b1baf9ba4
adoos,ado:ʃ,adoos_fea54376-31de-48f3-a357-35305ea6a55d
adẽ,adẽ,adẽ_feb78c65-64e1-4a77-b195-9c73ece43108
agëëw,agə:w,agëëw_fed1af91-ed98-4f70-8102-6ace3ab29b77
heju,heju,heju_fedba8b8-eb2a-485b-921b-5cf055f61895
hỹỹ,hɨ̃:,hỹỹ_fee5a672-b4ee-4f11-a91a-ddb6298bf761
j'ooh,jo̰:h,j&apos;ooh_ff2984bb-c88c-4390-b49c-de234bf22ec5
jajé,jajɛ,jajé     _ff33ec40-692f-454d-915f-ee99245cc6f7
jahamaːd,jahama:d,jahamaːd_ff8ca9d5-b389-4faf-88b6-3714f610b696
adoo,ado:,adoo _ffb10994-9087-43c5-a1e5-3f3380e7547a
ta=bóg,ta bɔg,ta=bóg_ffd05df4-c222-4abc-9780-d5e06413c1f1
