form,match_form,def,match_def,status,entry_id,match_id
atsóm,acõb,swim;nadar,ura/berno,ignore,atsóm_02a79639-e72e-482a-98fe-e2a3e76d3f81,acõb_f71894c0-8fab-4c50-85f140d22a323e73
naëng,nahə:h,water;água,doença,ignore,naëng_031a7339-0644-4618-af27-88f71d6565db,nahə:h_b54a9153-964b-464c-a3e572767ea0d316
asooh,aʃu:,sit;sentar,costurar,ignore,asooh_045c762b-0b2e-4233-a013-7e921270d050,aʃu:_844f59f2-271d-44ac-98c625f13b1b75d0
baad,pëëd,well;bem,?;cunuri,ignore,baad_068ae71c-c922-438c-9569-dad5b2122f74,pëëd_575e234e-0e14-44a8-a947-b90d4f165f7b
baad,pa:n,well;bem,igual,ignore,baad_068ae71c-c922-438c-9569-dad5b2122f74,pa:n_e4920278-36b2-4b6c-b2669c72f3055ccf
madyyk,badɨ:k,açaí.palm;açaí,socar terra,ignore,madyyk_09e54f3c-410b-415c-8850-75ea270e4552,badɨ:k_ec4b457c-f57d-40da-9afc1a28497674a1
toog,tug,daughter;filha,tarde,ignore,toog2_0f2dbd4f-1cba-4a76-b278-c720efdc0c0f,tug_6c751529-23ec-405f-bec2ac9a1cd2a827
jawëk,jawyk,japurá;japurá,heavy;pesado,ignore,jawëk_11b99d8c-9b68-4e6b-869d-e3530425e72b,jawyk_4e1f40a1-8c39-45c3-86b9-92a152d8e952
jawëk,jawäk,japurá;japurá,japurá;japurá,merge,jawëk_11b99d8c-9b68-4e6b-869d-e3530425e72b,jawäk_11b99d8c-9b68-4e6b-869d-e3530425e72b
wawët,mawyyt,wild.dog;cachorro.do.mato,tie.up.wood.with.cipó;amarrar.pau.com.cipó,ignore,wawët_135af2d2-bd6b-445c-a1ed-837cb137c40d,mawyyt_5f74d4a3-54da-44ba-8ba4-d5ab20a32d82
ëër,ër,1PLincl;1PLincl,1PLincl;1PLincl,"make short default, long unspec. Variant",ëër_139ca9bb-450f-4124-8497-3fa5f304fa62,ër_139ca9bb-450f-4124-8497-3fa5f304fa62
masug,masook,fishing.stick;vara.pesca,manioc.meal;farinha,ignore,masug_14f4dbd3-bbac-4f9e-b5f5-3da0f0b5daa1,masook2_bad07ccf-c8ca-47a3-b227-48abab0ed633
masug,baʃoŋ,fishing.stick;vara.pesca,ter.cheiro,ignore,masug_14f4dbd3-bbac-4f9e-b5f5-3da0f0b5daa1,baʃoŋ_061b4156-051a-46d0-8236cd083292686
etsoos,eʃo:ʃ,spit;cuspir,procurar,ignore,etsoos_16359e87-c88a-48ca-b5dd-a04ea7d5f6cd,eʃo:ʃ_add3968e-1af1-48bc-8f565f24adf3025f
awän,awad,waterfall;cachoeira,jaguar;onca,ignore,awän_16edbafa-9f23-4587-bd92-330bd1726f90,awad3_62a55d3c-fa39-4a7a-8dbf-01f9b2c196bd
etsʹëëk,eʃa̰:k,steal;roubar,pescar.com.rede,ignore,etsʹëëk_1975647d-1f5d-470e-93b1-509b4f0e1773,eʃa̰:k_5f8affce-0fec-4b50-95aec2f3a8c3ad74
jood,jóón,anaconda;sucuri,cuati;cuati,ignore,jood_1a844f70-b0d5-4165-b568-d695b8a70f0a,jóón_45d960e0-b762-437d-bca3-d9c02c5339c6
janati,janati,maize;milho,maize;milho,merge,janati1_1bd7a005-8171-46fd-a65d-69898076947f,janati2_44596d86-91ab-40aa-bd2d-c32eead8c0bf
janati,janati,maize;milho,maize;milho,merge,janati1_1bd7a005-8171-46fd-a65d-69898076947f,janati_1bd7a005-8171-46fd-a65d-69898076947f
gawajah,gawajaah,,hunt;caçar,merge,gawajah_1c43c5f6-18af-437e-90c9-8506069bb3d1,gawajaah3_473237ec-7ec5-4fc0-88e7-d5033497445e
gawajah,gawaja:h,,correr.atrás.de.caça,merge,gawajah_1c43c5f6-18af-437e-90c9-8506069bb3d1,gawaja:h_a2ce689e-bdf8-4a72-86b52372cff080e9
naam,da:b,louse;piolho,fazer rede,ignore,naam_1c6836f3-ad20-47d5-bcce-190b8102d9ed,da:b_6c6f913f-603e-4dd7-99d1c9122d333284
yb,ỹỹm,father;pai,wife;esposa,ignore,yb2_1cc95316-b9fe-4093-9b14-e9c016496d4a,ỹỹm3_be33ca3b-f6a1-4066-b50a-97e305ec90bb
yb,ɨm,father;pai,ficar,ignore,yb2_1cc95316-b9fe-4093-9b14-e9c016496d4a,ɨm_73d74d6f-08f3-463a-adc337a43c4c0787
yb,ɨ̃:m,father;pai,fear;ter.medo,ignore,yb2_1cc95316-b9fe-4093-9b14-e9c016496d4a,ɨ̃:m_b7f8608c-1aaa-4014-b04d968cde2f7f88
yb,ỹỹm,father;pai,esposa,ignore,yb2_1cc95316-b9fe-4093-9b14-e9c016496d4a,ỹỹm1_c5454b3c-10c6-4bf4-936d-38c30dd989de
yyh,ỹ,fire.ant;formiga.de.fogo,,ignore,yyh_1dc877e3-ce0f-43ad-817b-0844fa5ccca8,ỹ_acdb0c0b-2c0f-454f-91d1-eea4498bebf7
yyh,ɨh,fire.ant;formiga.de.fogo,sleep n.i.,ignore,yyh_1dc877e3-ce0f-43ad-817b-0844fa5ccca8,ɨh_75c83f39-6f85-4520-ac431d873a3fc10
yyh,ỹỹ,fire.ant;formiga.de.fogo,1sg;1sg,ignore,yyh_1dc877e3-ce0f-43ad-817b-0844fa5ccca8,ỹỹ_b5117bd5-2007-42dc-8931e60f4bb08b71
bʹaah,bëëh,tree;árvore,2PL;2PL,ignore,bʹaah_20a69c66-ccf7-44e3-80f2-9c04da85502d,bëëh2_59d8bf5a-dd20-44e8-b7a9-5081bab044ae
bʹaah,pa:h,tree;árvore,passado,ignore,bʹaah_20a69c66-ccf7-44e3-80f2-9c04da85502d,pa:h_5d6b8726-aa64-4b93-9329884a1e4b1af9
bʹaah,bə:h,tree;árvore,suco,ignore,bʹaah_20a69c66-ccf7-44e3-80f2-9c04da85502d,bə:h_962a8de8-7f65-4e60-b8a4c16d27943a33
bʹaah,pã̰:,tree;árvore,devido,ignore,bʹaah_20a69c66-ccf7-44e3-80f2-9c04da85502d,pã̰:_9fab38fa-5fc0-4ee4-b82ec53f098b21ad
bʹaah,bëëh,tree;árvore,suco,ignore,bʹaah_20a69c66-ccf7-44e3-80f2-9c04da85502d,bëëh_962a8de8-7f65-4e60-b8a4-c16d27943a32
bʹaah,bëh,tree;árvore,2PL;2PL,ignore,bʹaah_20a69c66-ccf7-44e3-80f2-9c04da85502d,bëh_59d8bf5a-dd20-44e8-b7a9-5081bab044ae
soog,cug,feather.headdress;cangatara,espécie de planta,ignore,soog_249fa31d-fe1c-46ef-a586-8da434b2d806,cug_96302045-3340-4193-98f54d19048d0d49
soog,co̰:g,feather.headdress;cangatara,cipó.sp,ignore,soog_249fa31d-fe1c-46ef-a586-8da434b2d806,co̰:g_9e1ed034-5c26-4a40-a9ed6952de801cd3
soog,sog,feather.headdress;cangatara,niece;sobrinha,ignore,soog_249fa31d-fe1c-46ef-a586-8da434b2d806,sog_80913b3d-28ba-4da4-8c82-93874db73850
kamaan,kawã:n,beans;feijão,aracu,ignore,kamaan1_258400ae-3889-4708-a9d9-74aa043e8bbd,kawã:n_b2161ae4-e32b-4e83-b30865961453d022
juum,jo:m,vine;cipó,plantação; planta,ignore,juum_288ff678-6dc5-4fc1-961d-0886a4bc84a4,jo:m_eb5c00b0-2af8-40ce-b71faab109532ced
h’yyw,hə̰:w,achiote; Bixa orellana;urucum; Bixa orellana,caiarara,ignore,h’yyw_2ad3994d-6998-48ff-ad86-411a9a67558b,hə̰:w_1925e868-c252-4c83-b71133d6d98f1f6a
h’yyw,hḭ̃:w,achiote; Bixa orellana;urucum; Bixa orellana,som de quebrar,ignore,h’yyw_2ad3994d-6998-48ff-ad86-411a9a67558b,hḭ̃:w_1b5889d9-62f6-4a22-b429fbaee69d90ce
h’yyw,hɨ̰̃:w,achiote; Bixa orellana;urucum; Bixa orellana,o que não presta mais,ignore,h’yyw_2ad3994d-6998-48ff-ad86-411a9a67558b,hɨ̰̃:w_d2f0e9be-4c7f-41dc-960b912373df7380
kad,kaat,pat.uncle;tio paterno,mat.aunt;tia materna,ignore,kad3_2bb9853a-cde8-48bc-bb30-42d80bf6419d,kaat4_2f663e30-e5e2-4436-aa3a-06247ad235b6
kad,kaan,pat.uncle;tio paterno,cacao;cacau,ignore,kad3_2bb9853a-cde8-48bc-bb30-42d80bf6419d,kaan_7614d499-7ba2-4fe8-8764-704e13c61d5f
kad,kã̰:d,pat.uncle;tio paterno,terra,ignore,kad3_2bb9853a-cde8-48bc-bb30-42d80bf6419d,kã̰:d_0e39e610-eab0-434f-95dba602eca2041e
kad,kʌn,pat.uncle;tio paterno,DM,ignore,kad3_2bb9853a-cde8-48bc-bb30-42d80bf6419d,kʌn_b741c8ef-a073-4471-bcae5183a264d68
kad,g'aad,pat.uncle;tio paterno,headwater;cabeçeira,ignore,kad3_2bb9853a-cde8-48bc-bb30-42d80bf6419d,g&apos;aad_ea94d6c7-c31e-417e-a17f-4f560dc6bffa
kad,kën,pat.uncle;tio paterno,INCHO;INCO,ignore,kad3_2bb9853a-cde8-48bc-bb30-42d80bf6419d,kën_6f5b9df8-599e-4700-8e19-161b33fa21a9
h’ëëb,hëp,chest;peito,,ignore,h’ëëb_2d2a4415-053e-4b4e-bf26-6a3fb35e5a49,hëp_f26a22e6-6630-411c-8f0f-240d649e6f57
h’ëëb,hɨ̰̃:b,chest;peito,peixe,ignore,h’ëëb_2d2a4415-053e-4b4e-bf26-6a3fb35e5a49,hɨ̰̃:b_13495014-5582-4f05-84fc3cb0ed8b0ed3
kanés g’aad,kanés gʹaad,roof.thatch.palm;caraná,carana.leaf;folha;caraná,merge,kanés g’aad_2ee0c600-0fc1-45ee-803e-4332e97219c8,kanés gʹaad_338788c5-1d3d-44d0-a465-c5ff6230dc7d
kaat,kã̰:d,mat.aunt;tia materna,terra,ignore,kaat4_2f663e30-e5e2-4436-aa3a-06247ad235b6,kã̰:d_0e39e610-eab0-434f-95dba602eca2041e
kaat,gə:t,mat.aunt;tia materna,apertar,ignore,kaat4_2f663e30-e5e2-4436-aa3a-06247ad235b6,gə:t_80dd9aea-7e89-4714-a295f1bddb8ebddb
kaat,g'aad,mat.aunt;tia materna,headwater;cabeçeira,ignore,kaat4_2f663e30-e5e2-4436-aa3a-06247ad235b6,g&apos;aad_ea94d6c7-c31e-417e-a17f-4f560dc6bffa
mä,wëë,ucuqui;ucuqui,alligator;jacare,ignore,mä_2fbb0d64-ddd8-486d-a94a-5e6d3a1db9fc,wëë_aa8555ee-bca6-4074-a9cd-061cb1c06ff5
mä,wë,ucuqui;ucuqui,sky;céu,ignore,mä_2fbb0d64-ddd8-486d-a94a-5e6d3a1db9fc,wë3_d683ed0f-5336-42bd-973a-dd2b94750fd0
mä,ma,ucuqui;ucuqui,pertences,ignore,mä_2fbb0d64-ddd8-486d-a94a-5e6d3a1db9fc,ma_4264a5f5-d297-4c5e-9ce680ae7193474b
mä,wʌ:,ucuqui;ucuqui,espécie de árvore,ignore,mä_2fbb0d64-ddd8-486d-a94a-5e6d3a1db9fc,wʌ:_8959362b-3825-4848-9eba1c72cb36d5d5
mä,bʌ,ucuqui;ucuqui,na.frente,ignore,mä_2fbb0d64-ddd8-486d-a94a-5e6d3a1db9fc,bʌ_8df25412-204a-46bc-a7873ef67101e1ce
mä,wə:,ucuqui;ucuqui,mato caído,ignore,mä_2fbb0d64-ddd8-486d-a94a-5e6d3a1db9fc,wə:_9485bb49-c230-459f-b30e231a60b19151
mä,wə,ucuqui;ucuqui,ao.lado,ignore,mä_2fbb0d64-ddd8-486d-a94a-5e6d3a1db9fc,wə_a802edee-a71f-41cf-b15a48d2cd10f3e6
mä,ma,ucuqui;ucuqui,make,ignore,mä_2fbb0d64-ddd8-486d-a94a-5e6d3a1db9fc,ma_d9520bd1-d3cc-41e0-a4b4ca44534c821a
mä,bëh,ucuqui;ucuqui,2PL;2PL,ignore,mä_2fbb0d64-ddd8-486d-a94a-5e6d3a1db9fc,bëh_59d8bf5a-dd20-44e8-b7a9-5081bab044ae
mä,mäh,ucuqui;ucuqui,RPT;relatado (abreviação?),ignore,mä_2fbb0d64-ddd8-486d-a94a-5e6d3a1db9fc,mäh_63073248-c558-4fc1-8f4c-63527c9e11c7
sẽẽj,ʃɛ̃ɲ,tapioca.starch;goma,branco,ignore,sẽẽj2_31d20726-ce1f-4f98-a01d-4dabbd5a7721,ʃɛ̃ɲ_be21c4df-a499-4845-8c0511cf77d20d3f
õm,oow,2SG;2SG,grandfather;avô,ignore,õm_31f249cf-2b84-428d-8cd9-657c8d35e6f4,oow2_d04af342-ffb6-4ca8-806b-a630870f74ee
õm,ub,2SG;2SG,INTS;INTS,ignore,õm_31f249cf-2b84-428d-8cd9-657c8d35e6f4,ub_73c90a3f-cfeb-471d-ae53-3c6573e4e5ec
wäng,mäh,seje.palm;patauá,RPT;relatado (abreviação?),ignore,wäng_32c1318b-5ca9-4b72-a7b9-e465bcd32c3a,mäh_63073248-c558-4fc1-8f4c-63527c9e11c7
gó,go:,in;dentro,arrancar,ignore,gó_32db9835-81bc-4809-83fb-6b662dc0682a,go:_335d28a8-83a8-4e3e-9f342756b1b9ea7b
gó,gɔ̰̃:,in;dentro,macaco-prego,ignore,gó_32db9835-81bc-4809-83fb-6b662dc0682a,gɔ̰̃:_3d7b5908-83e6-4232-ad557eb73347179c
hub,hop,right;direito,banhar-se (n.i. hob),ignore,hub_330a07e9-0341-422e-93a0-3e745dff7949,hop_4b4b4a7f-c3b7-42b3-973b26c02b2531d
k’ëë,gə:h,bone;osso,be.sweet,ignore,k’ëë_33265ec6-c2f0-40d5-a1eb-edc43610b9ea,gə:h_94b140c8-32b8-4618-846e6d093fbdb67e
k’ëë,kyyh,bone;osso,speech;fala,ignore,k’ëë_33265ec6-c2f0-40d5-a1eb-edc43610b9ea,kyyh_abaed6a6-acab-4bad-9909-83f48cf3c884
w’oor,wo:r,owl;coruja,espécie de árvore,ignore,w’oor_3430ca49-d3b7-4b34-bff7-96d27c9662e2,wo:r_987658fd-862d-4798-a95c5b4a299259c6
w’oor,w'oor,owl;coruja,owl;coruja,merge,w’oor_3430ca49-d3b7-4b34-bff7-96d27c9662e2,w&apos;oor_3430ca49-d3b7-4b34-bff7-96d27c9662e2
kawajad,kawajããn,deer;veado,be.angry;ser.bravo,ignore,kawajad2_36b45174-a9b6-440b-b816-1d552c94f171,kawajããn_afa28d54-abe7-4f7e-8f88-3198bb0aa7ca
k’ããts,ga̰c,soil;terra,areia,merge,k’ããts_3a94f9ae-6b60-4f40-8241-3d12b67a67be,ga̰c_07f4b7eb-2a95-4855-9a4d8837b5a4006f
tyb,tɨ:p,egg;ovo,lay.egg,ignore,tyb_3bb6a7d0-a26b-4813-80a8-80538d6f0eff,tɨ:p_13f20b79-cfed-486c-8791fb295eb27378
booj,mu:ɲ,traira.fish;traíra,rolinha,ignore,booj_3c9337be-a478-493e-bed4-c0f035f02c63,mu:ɲ_35d0254a-73e3-4fbc-8f5995f2104a384
booj,bu:j,traira.fish;traíra,feitiço,ignore,booj_3c9337be-a478-493e-bed4-c0f035f02c63,bu:j_54613d00-08ea-44ed-b99659610ba3cac7
booj,boj,traira.fish;traíra,pênis,ignore,booj_3c9337be-a478-493e-bed4-c0f035f02c63,boj_c23a0ba2-7d0a-4ada-838e7864cf0a7b9d
t’õõm,dõm,disposable.basket;cesto.descartável,tail;rabo,ignore,t’õõm_3cdcf804-ed94-4d32-8388-d8ed3cf4b239,dõm_821df784-fbcb-40de-a505-a26f965d09ed
t’õõm,do̰:b,disposable.basket;cesto.descartável,japó,ignore,t’õõm_3cdcf804-ed94-4d32-8388-d8ed3cf4b239,do̰:b_47303514-3cb9-4b25-89cd865353c9646b
t’õõm,t'õõm,disposable.basket;cesto.descartável,woven.traditional.backpack;panacu,merge,t’õõm_3cdcf804-ed94-4d32-8388-d8ed3cf4b239,t&apos;õõm_6945fd07-f2f1-4af1-a00a-c25ab150e2a3
t’õõm,tõm,disposable.basket;cesto.descartável,drop;gota,ignore,t’õõm_3cdcf804-ed94-4d32-8388-d8ed3cf4b239,tõm_9c34cae8-d703-4bd1-b57d-7a96c6a5281a
dooh,tooh,NEG;NEG,white.lipped.peccary;queixada,ignore,dooh1_3ce71fc8-bcb6-49e2-aecf-4bba9da31ed4,tooh_6043f2b6-842d-49d1-9764-2fd9ab21b3ba
dooh,nooh,NEG;NEG,mouth;boca,ignore,dooh1_3ce71fc8-bcb6-49e2-aecf-4bba9da31ed4,nooh_85e5d65c-81a9-43ba-8b05-e1d0cb3a0943
dooh,nuuh,NEG;NEG,head;cabeça,ignore,dooh1_3ce71fc8-bcb6-49e2-aecf-4bba9da31ed4,nuuh_98b2fa13-5514-4958-bbe6-86001f73c6a4
dooh,tũ:h,NEG;NEG,no.chão,ignore,dooh1_3ce71fc8-bcb6-49e2-aecf-4bba9da31ed4,tũ:h_1b11b954-a8f9-47e3-8041e7ad344c4fb7
dooh,du:h,NEG;NEG,nádegas,ignore,dooh1_3ce71fc8-bcb6-49e2-aecf-4bba9da31ed4,du:h_1c1e2650-1809-4f40-a14833b3a9902630
dooh,do:,NEG;NEG,be (n.i. do),ignore,dooh1_3ce71fc8-bcb6-49e2-aecf-4bba9da31ed4,do:_53082cdc-d65b-4949-94043a47fd80f8b6
dooh,do:,NEG;NEG,the.one,ignore,dooh1_3ce71fc8-bcb6-49e2-aecf-4bba9da31ed4,do:_8f96a134-db02-4580-a0d5599f0a181e2
dooh,dɔ,NEG;NEG,ainda,ignore,dooh1_3ce71fc8-bcb6-49e2-aecf-4bba9da31ed4,dɔ_b34c70de-07c4-4851-930bb7d6ef30937d
dooh,do:,NEG;NEG,take,ignore,dooh1_3ce71fc8-bcb6-49e2-aecf-4bba9da31ed4,do:_b37dc192-f0fc-4fc4-acf9e4423cdd81e2
dooh,noo,NEG;NEG,mouth;boca,ignore,dooh1_3ce71fc8-bcb6-49e2-aecf-4bba9da31ed4,noo1_85e5d65c-81a9-43ba-8b05-e1d0cb3a0943
atsyg,aʃək,smoke;fumaça,lavrar,ignore,atsyg_3d3ca524-9de1-4dbd-b4ff-793114c0a44a,aʃək_fcd2a200-7c82-4ef6-8810d5f7c93bd8fd
atsyg,asyng,smoke;fumaça,plant.bitter.manioc;plantar.maniva,ignore,atsyg_3d3ca524-9de1-4dbd-b4ff-793114c0a44a,asyng_c623ba7c-cc1f-4512-8633-6f2b396b2291
atsëm,asëm,night;noite,be.arrogant;ser.orgulhoso,ignore,atsëm_3e48f310-3d32-4d81-9074-b841d0ae6f78,asëm_dc855a5e-e265-4869-9faa-8947234d666a
tëg,t’ëëng,tooth;dente,tapir;anta,ignore,tëg_3e9706fe-48bd-40b2-95c5-b58ca6cc9388,t’ëëng_7fad6677-006f-46f7-991e-8fd6199e5d12
tëg,tyyg,tooth;dente,fire;fogo,ignore,tëg_3e9706fe-48bd-40b2-95c5-b58ca6cc9388,tyyg_aa58bcaf-dbda-4802-ad73-a4a3d2881445
tëg,tɨŋ,tooth;dente,support,ignore,tëg_3e9706fe-48bd-40b2-95c5-b58ca6cc9388,tɨŋ_5724ff6d-c354-4517-881fba3c003e92d3
tëg,tɨ:ŋ,tooth;dente,assoalho,ignore,tëg_3e9706fe-48bd-40b2-95c5-b58ca6cc9388,tɨ:ŋ_e2b5fecf-076d-455e-afca70e5369e1d23
tëg,t'ëëng,tooth;dente,tapir;anta,ignore,tëg_3e9706fe-48bd-40b2-95c5-b58ca6cc9388,t&apos;ëëng_7fad6677-006f-46f7-991e-8fd6199e5d12
maỹỹn,mahĩĩn,mother.in.law;sogra,hot;apimentado,ignore,maỹỹn_3ee29e3d-5352-4c3b-adf8-d17f0fcc0206,mahĩĩn_b3b9947d-577e-4f2f-85f6-6f3a3f49c1ef
maëts,ma'ëëts,curupira;Curupira,curupira;Curupira,merge,maëts_401e55d0-b859-4ce4-b1bc-350692fd76a2,ma&apos;ëëts_401e55d0-b859-4ce4-b1bc-350692fd76a2
kawed,gawẽn,macaw.red;arara.vermelha,mexer,ignore,kawed_401e72f5-e1dc-4968-bc4b-e9fc98db9a07,gawẽn_becd4522-bfee-498e-b03469e35d3915da
esëëh,etsaa,dream;sonhar,glue;colar,ignore,esëëh_41147169-f0ca-4b81-8f59-25f9ea75d1e5,etsaa_7d0273f5-bfcc-4597-943c-39bb22d1dfff
wëm,wyyw,bat;morçego,tocandira;tocandira,ignore,wëm_429bd290-09e2-451d-876e-1e9f8f1d97e2,wyyw_53e36f05-f876-4b30-9d3d-4be4ec11a4ec
wëm,wɨm,bat;morçego,quatipuru,ignore,wëm_429bd290-09e2-451d-876e-1e9f8f1d97e2,wɨm_d70249ce-c638-4f54-9217c3728f3fc3e6
wëm,wɨ̰:m,bat;morçego,siririca,ignore,wëm_429bd290-09e2-451d-876e-1e9f8f1d97e2,wɨ̰:m_eda10c90-25f4-4535-b7cf80e5d874e629
wëm,mab,bat;morçego,on.someones.own;sozinho,ignore,wëm_429bd290-09e2-451d-876e-1e9f8f1d97e2,mab_16e3e64e-d991-4ea2-80ce-8e5bd4936d8a
wëm,wëëm,bat;morçego,bat;morcego,merge,wëm_429bd290-09e2-451d-876e-1e9f8f1d97e2,wëëm_990d5cb5-98be-420d-9662-a39d1662fc24
janati,janati,maize;milho,maize;milho,merge,janati2_44596d86-91ab-40aa-bd2d-c32eead8c0bf,janati_1bd7a005-8171-46fd-a65d-69898076947f
bato,badoh,coca;ipadu,não.ter,ignore,bato1_449069a7-b371-4bea-ab7c-b7db4e0eac98,badoh_d512d2a8-ef7d-4a6c-9ee5e0b11c89a6ab
gawajaah,gawaja:h,hunt;caçar,correr.atrás.de.caça,merge,gawajaah3_473237ec-7ec5-4fc0-88e7-d5033497445e,gawaja:h_a2ce689e-bdf8-4a72-86b52372cff080e9
gaw’ëëng,kawə̰:g,mouse;camundongo,manchas escuras na pele,ignore,gaw’ëëng_475a687b-0e2b-4a1c-bf41-4336e322a2b7,kawə̰:g_b88a3875-3619-4304-b62c9646b1161138
wog,wuug,belly;barriga,charm;feitiço,ignore,wog_498db3e4-f431-454a-9be0-f767c01c3ed5,wuug_c0870f59-5f40-4989-a45d-50672fc64c3e
karaak,karak,chicken;galinha,capinar,ignore,karaak2_49cb17c7-16b1-4a6e-a0e1-c1b1b7c2654e,karak_6f6f498f-e045-44a7-b814505bba4b8eb5
s’ỹỹ,s’ëëh,left;esquerda,dream;sonho,ignore,s’ỹỹ1_4b90f87b-b955-4578-a4eb-450e5425a275,s’ëëh_c2500249-3e46-4056-8e86-6d258b177a45
s’ỹỹ,cɨ:,left;esquerda,embrulho de folha,ignore,s’ỹỹ1_4b90f87b-b955-4578-a4eb-450e5425a275,cɨ:_1edee5a9-55fe-42b8-b44ecde6c5f9d4dc
s’ỹỹ,ʃi:,left;esquerda,com,ignore,s’ỹỹ1_4b90f87b-b955-4578-a4eb-450e5425a275,ʃi:_33c93f86-60af-4c20-81f8b9e6c82adc19
s’ỹỹ,ʃə:,left;esquerda,camarão,ignore,s’ỹỹ1_4b90f87b-b955-4578-a4eb-450e5425a275,ʃə:_77981701-bff1-498b-a88bf2ff0d46a7a3
s’ỹỹ,cɨ:,left;esquerda,pupunha,ignore,s’ỹỹ1_4b90f87b-b955-4578-a4eb-450e5425a275,cɨ:_848fc074-d423-48a0-92ca90f8e8726e7f
s’ỹỹ,ʃḭ:,left;esquerda,beliscar (ʃiʔ inf; ʃḭːʔ n.i.),ignore,s’ỹỹ1_4b90f87b-b955-4578-a4eb-450e5425a275,ʃḭ:_87e2a37f-5fa9-4360-8557ae895c42d81f
ma=,ma ,2sg.A;2sg.A,INSTR;INSTR,ignore,ma=_4d9fb59f-a91b-4993-be66-06611c118977,ma _54824c04-d384-4521-8a423b26b9a0c86f
mabaah,mapah,bee;abelha,papaya;mamão,ignore,mabaah1_4fd676f8-cdb4-436b-87e3-2cc5dcfd33d6,mapah1_b822e839-8c6d-40df-b269-0a5a65773509
mabaah,mabëng,bee;abelha,green.acouchi;cutiara,ignore,mabaah1_4fd676f8-cdb4-436b-87e3-2cc5dcfd33d6,mabëng_c197d537-44e1-4a6f-abe7-fa15aead02e7
hỹỹj,hëëj,brother;irmão,forest;mato,ignore,hỹỹj2_53908455-3b39-4ca5-bc5b-bdcd9f258d77,hëëj_d8cd3b39-bb36-4332-b938-a6f4b9560376
hỹỹj,hɨ̃:j,brother;irmão,formiga.sp,ignore,hỹỹj2_53908455-3b39-4ca5-bc5b-bdcd9f258d77,hɨ̃:j_4462532d-74ae-455b-84335a21f802135a
hỹỹj,hɨ:j,brother;irmão,comida.farelo,ignore,hỹỹj2_53908455-3b39-4ca5-bc5b-bdcd9f258d77,hɨ:j_49643aa0-9b00-45bc-9a06f4da8d189eb0
t'aah,t’ëëng,son;filho,tapir;anta,ignore,t&apos;aah_53b37a98-9c06-4c23-b5d8-447f89451984,t’ëëng_7fad6677-006f-46f7-991e-8fd6199e5d12
t'aah,tʌ̰:h,son;filho,tapuru,ignore,t&apos;aah_53b37a98-9c06-4c23-b5d8-447f89451984,tʌ̰:h_32b5d850-3ef4-4d75-b82bf2d5c08972a
t'aah,tah,son;filho,o.próximo,ignore,t&apos;aah_53b37a98-9c06-4c23-b5d8-447f89451984,tah_396fe9f8-b06b-48e2-92a74335e87b321d
t'aah,t'ëëng,son;filho,tapir;anta,ignore,t&apos;aah_53b37a98-9c06-4c23-b5d8-447f89451984,t&apos;ëëng_7fad6677-006f-46f7-991e-8fd6199e5d12
t'aah,tëëng,son;filho,firewood;lenha,ignore,t&apos;aah_53b37a98-9c06-4c23-b5d8-447f89451984,tëëng1_973a6d9c-adec-4a58-98e0-2ac2c9961a59
hood,hũũt,beach;praia,tobaco;tabaco,ignore,hood_53da5edb-5f86-4600-8bbe-1d02414790f6,hũũt_fcbc9a08-ecac-4e11-b568-cad430854b14
hood,hũ:t,beach;praia,derreter (n.i. huːd),ignore,hood_53da5edb-5f86-4600-8bbe-1d02414790f6,hũ:t_ccfd21a0-acc5-4821-95f9e6b5b9d5570e
wyyw,mỹỹm,tocandira;tocandira,stone.axe;machado.de.pedra,ignore,wyyw_53e36f05-f876-4b30-9d3d-4be4ec11a4ec,mỹỹm_97557290-0196-462e-8057-e1ef84dc9ee7
wyyw,wɨm,tocandira;tocandira,quatipuru,ignore,wyyw_53e36f05-f876-4b30-9d3d-4be4ec11a4ec,wɨm_d70249ce-c638-4f54-9217c3728f3fc3e6
wyyw,wɨ̰:m,tocandira;tocandira,siririca,ignore,wyyw_53e36f05-f876-4b30-9d3d-4be4ec11a4ec,wɨ̰:m_eda10c90-25f4-4535-b7cf80e5d874e629
wyyw,wëëm,tocandira;tocandira,bat;morcego,ignore,wyyw_53e36f05-f876-4b30-9d3d-4be4ec11a4ec,wëëm_990d5cb5-98be-420d-9662-a39d1662fc24
kamasi,gamatsih,sloth;bicho.preguiça,tick;carrapato,ignore,kamasi_557c586d-90af-49ad-b78b-b719e6d0ae25,gamatsih_c81030cf-af27-4010-b3eb-e745b2f13d26
pëëd,pa:n,?;cunuri,igual,ignore,pëëd_575e234e-0e14-44a8-a947-b90d4f165f7b,pa:n_e4920278-36b2-4b6c-b2669c72f3055ccf
bëëh,byyh,2PL;2PL,skin;pele,ignore,bëëh2_59d8bf5a-dd20-44e8-b7a9-5081bab044ae,byyh_c6283908-ed9f-4529-ab22-f0a452ed88b6
bëëh,pa:h,2PL;2PL,passado,ignore,bëëh2_59d8bf5a-dd20-44e8-b7a9-5081bab044ae,pa:h_5d6b8726-aa64-4b93-9329884a1e4b1af9
bëëh,bʌ,2PL;2PL,na.frente,ignore,bëëh2_59d8bf5a-dd20-44e8-b7a9-5081bab044ae,bʌ_8df25412-204a-46bc-a7873ef67101e1ce
bëëh,pə:,2PL;2PL,cobra.sp,ignore,bëëh2_59d8bf5a-dd20-44e8-b7a9-5081bab044ae,pə:_8eeb53c7-1d25-48da-8b2d51f5314aa792
bëëh,bə:h,2PL;2PL,suco,ignore,bëëh2_59d8bf5a-dd20-44e8-b7a9-5081bab044ae,bə:h_962a8de8-7f65-4e60-b8a4c16d27943a33
bëëh,bëëh,2PL;2PL,suco,ignore,bëëh2_59d8bf5a-dd20-44e8-b7a9-5081bab044ae,bëëh_962a8de8-7f65-4e60-b8a4-c16d27943a32
bëëh,bëh,2PL;2PL,2PL;2PL,merge,bëëh2_59d8bf5a-dd20-44e8-b7a9-5081bab044ae,bëh_59d8bf5a-dd20-44e8-b7a9-5081bab044ae
bëëh,mäh,2PL;2PL,RPT;relatado (abreviação?),ignore,bëëh2_59d8bf5a-dd20-44e8-b7a9-5081bab044ae,mäh_63073248-c558-4fc1-8f4c-63527c9e11c7
tsahë,cahã,wet;molhado,pica-pau.sp,ignore,tsahë_5cfa9979-b8ca-4393-9234-ec3d6f1654a4,cahã_a603bcea-d99c-4de3-91ae71277e16d7ad
tooh,tũ:h,white.lipped.peccary;queixada,no.chão,ignore,tooh_6043f2b6-842d-49d1-9764-2fd9ab21b3ba,tũ:h_1b11b954-a8f9-47e3-8041e7ad344c4fb7
tooh,du:h,white.lipped.peccary;queixada,nádegas,ignore,tooh_6043f2b6-842d-49d1-9764-2fd9ab21b3ba,du:h_1c1e2650-1809-4f40-a14833b3a9902630
tooh,tũ:,white.lipped.peccary;queixada,floor;ground,ignore,tooh_6043f2b6-842d-49d1-9764-2fd9ab21b3ba,tũ:_22152a27-e164-405e-b4b5f3b9d7f6331e
tooh,do:,white.lipped.peccary;queixada,be (n.i. do),ignore,tooh_6043f2b6-842d-49d1-9764-2fd9ab21b3ba,do:_53082cdc-d65b-4949-94043a47fd80f8b6
tooh,do:,white.lipped.peccary;queixada,the.one,ignore,tooh_6043f2b6-842d-49d1-9764-2fd9ab21b3ba,do:_8f96a134-db02-4580-a0d5599f0a181e2
tooh,tu,white.lipped.peccary;queixada,esteio,ignore,tooh_6043f2b6-842d-49d1-9764-2fd9ab21b3ba,tu_983b21ad-1243-49cf-850fb9211c029c38
tooh,do:,white.lipped.peccary;queixada,take,ignore,tooh_6043f2b6-842d-49d1-9764-2fd9ab21b3ba,do:_b37dc192-f0fc-4fc4-acf9e4423cdd81e2
awad,awät,jaguar;onca,walk;andar,ignore,awad3_62a55d3c-fa39-4a7a-8dbf-01f9b2c196bd,awät_94af7d8a-ba5e-4b2b-9ef7-cfa69923b978
boog,buŋ,bitter.manioc;maniva,mutuca,ignore,boog1_62ca10cf-1f6b-4649-90fa-b022c5c34283,buŋ_5748fd7b-1d89-45b1-9f10c880f23bf816
boog,bu:k,bitter.manioc;maniva,cipó.sp,ignore,boog1_62ca10cf-1f6b-4649-90fa-b022c5c34283,bu:k_b60c8d12-f0b8-4e0c-a1aa9a794fc0ebcc
boog,boog,bitter.manioc;maniva,bitter.manioc;maniva,merge,boog1_62ca10cf-1f6b-4649-90fa-b022c5c34283,boog_62ca10cf-1f6b-4649-90fa-b022c5c34283
nadëb,nadëp,nadëb;nadëb,non.nadëb.person;pessoa.não.nadëb,ignore,nadëb1_64797e4a-07d3-4f0b-a899-0a27e395ea25,nadëp_327fc9f7-ee23-4503-bfa4-af3406fd1684
sëëj,syyj,scorpion;escorpião,grease;gordura,ignore,sëëj2_676891fe-11be-4098-ba43-4c4bd187bf1f,syyj_9f339257-1bc7-4ea1-897f-ad0099dbb709
sëëj,saaj,scorpion;escorpião,skirt;saia,ignore,sëëj2_676891fe-11be-4098-ba43-4c4bd187bf1f,saaj_dc3953b0-31fc-42e9-80cd-d36a8c270fb5
ããh,ʌ̃h,1PLexcl;1PLexcl,dias,ignore,ããh_687bdf1f-bff9-478e-97f1-33aacaf092cf,ʌ̃h_76c0c9b7-a018-4dfc-914d28f21d9c1e81
säg,tsäng,old;velho,clay;barro,ignore,säg1_6a527141-817f-4a53-a47f-032cdbde864b,tsäng_c466f8d0-c63e-4dce-83d9-8000648a6ee9
säg,ʃʌg,old;velho,mandioca.massa,ignore,säg1_6a527141-817f-4a53-a47f-032cdbde864b,ʃʌg_2d575f27-16ba-4d8b-b93bc3707a2b03f9
säg,ʃʌ̃k,old;velho,tamatá,ignore,säg1_6a527141-817f-4a53-a47f-032cdbde864b,ʃʌ̃k_9b694680-1ac9-4aca-a46437162aab0090
haa,hëë,1sg.POSS.PL;1sg.POSS.PL,paddle;remo,ignore,haa_6a83eb37-c1ab-4dc2-8210-1d9195abca43,hëë_91665d7c-02fc-42cc-ac63-c3b81b7f4576
haa,hã,1sg.POSS.PL;1sg.POSS.PL,DAT,ignore,haa_6a83eb37-c1ab-4dc2-8210-1d9195abca43,hã_394e29a8-d5e6-4ae4-ab8e521acec8fd7
haa,ha,1sg.POSS.PL;1sg.POSS.PL,REL;REL,ignore,haa_6a83eb37-c1ab-4dc2-8210-1d9195abca43,ha1_d8ff5f99-7c38-4ed3-ae5a-ceba827841bf
apëëh,abə̰:h,green;verde,em.pé,ignore,apëëh_6a9e3b06-de1f-422d-a058-053dfc248b66,abə̰:h_61005ddd-f254-40c6-b2cd2f1a0e5ce7b5
ag,ëk,fruit;fruta,gourd.dipper;cuia,ignore,ag_702442e0-1dd7-4ab1-a6a8-7f142bf7e823,ëk_ddd21a10-4d81-464a-a237-cf3195a8f0c5
jaah,jëë,who;quem,peach.palm;pupunha,ignore,jaah_73c5535f-972b-4711-b80a-904d9c468a08,jëë_a0520e71-1c6b-440a-bfb4-073d8767e810
jaah,j’aa,who;quem,faeces;fezes,ignore,jaah_73c5535f-972b-4711-b80a-904d9c468a08,j’aa_b7a0d5d6-dde2-42b6-ab7b-0d0db44ad378
jaah,jʌ:,who;quem,espécie de fruta,ignore,jaah_73c5535f-972b-4711-b80a-904d9c468a08,jʌ:_1616cced-2437-4bb6-b9cc463ba48ec04c
jaah,jə:,who;quem,close,ignore,jaah_73c5535f-972b-4711-b80a-904d9c468a08,jə:_2c080526-9fce-432c-a1b147f3bcf43968
jaah,jʌh,who;quem,mira; alvo,ignore,jaah_73c5535f-972b-4711-b80a-904d9c468a08,jʌh_b0d8a76b-9203-4a28-8c7fec22668b2dc1
jaah,jə:h,who;quem,return n.i.,ignore,jaah_73c5535f-972b-4711-b80a-904d9c468a08,jə:h_d594696f-9f99-4a8a-bf42436ae849f0c6
jaah,jəŋ,who;quem,sapo.sp,ignore,jaah_73c5535f-972b-4711-b80a-904d9c468a08,jəŋ_df0ab2f6-c78d-4ce7-b9409f522b137faa
kaan,kã̰:d,cacao;cacau,terra,ignore,kaan_7614d499-7ba2-4fe8-8764-704e13c61d5f,kã̰:d_0e39e610-eab0-434f-95dba602eca2041e
kaan,kʌn,cacao;cacau,DM,ignore,kaan_7614d499-7ba2-4fe8-8764-704e13c61d5f,kʌn_b741c8ef-a073-4471-bcae5183a264d68
kaan,g'aad,cacao;cacau,headwater;cabeçeira,ignore,kaan_7614d499-7ba2-4fe8-8764-704e13c61d5f,g&apos;aad_ea94d6c7-c31e-417e-a17f-4f560dc6bffa
kaan,kën,cacao;cacau,INCHO;INCO,ignore,kaan_7614d499-7ba2-4fe8-8764-704e13c61d5f,kën_6f5b9df8-599e-4700-8e19-161b33fa21a9
daar,tə̰:r,cicada.sp;cigarra.sp,filho/a,ignore,daar_76bad5b4-e619-4d3c-b911-8e14ae184d16,tə̰:r_b73b72e2-30b4-4809-99089d868d068772
anaak,adʌk,yummy;gostoso,estar,ignore,anaak_786a66da-ee64-4cd0-b5d7-d98c0ee6d3be,adʌk_774abf52-37f4-472c-9e05d6566bafdff
sëëw,s’ỹỹw,shaman;pajé,taoca;taoca,ignore,sëëw_7c511834-586a-456c-884a-02fda6ccd6aa,s’ỹỹw_b90d8855-d8de-43c3-a4b2-c876c27d497c
tahóh,tahoh,pimple;espinha,cortar cabelo,ignore,tahóh_7d735435-5f43-4a8a-94db-87f4e51b960a,tahoh_a4a0b6ab-42e7-4223-95dc11ad8b23e9ef
maj’ëe,maj’ëeh,toad;sapo,toad;sapo,ignore,maj’ëe_7d9b566b-8897-43aa-aa2c-44c3136b2409,maj’ëeh_7d9b566b-8897-43aa-aa2c-44c3136b2409
atsuuk,asok,itch;coçar,collect.manioc;arrancar.mandioca,ignore,atsuuk_7ed2ad67-026d-4534-83c1-b37b8b08324d,asok_3b09d234-1d9d-43fa-8d85-1600b775eff2
t’ëëng,tyyg,tapir;anta,fire;fogo,ignore,t’ëëng_7fad6677-006f-46f7-991e-8fd6199e5d12,tyyg_aa58bcaf-dbda-4802-ad73-a4a3d2881445
t’ëëng,tʌ̰:h,tapir;anta,tapuru,ignore,t’ëëng_7fad6677-006f-46f7-991e-8fd6199e5d12,tʌ̰:h_32b5d850-3ef4-4d75-b82bf2d5c08972a
t’ëëng,tɨŋ,tapir;anta,support,ignore,t’ëëng_7fad6677-006f-46f7-991e-8fd6199e5d12,tɨŋ_5724ff6d-c354-4517-881fba3c003e92d3
t’ëëng,tɨ:ŋ,tapir;anta,assoalho,ignore,t’ëëng_7fad6677-006f-46f7-991e-8fd6199e5d12,tɨ:ŋ_e2b5fecf-076d-455e-afca70e5369e1d23
t’ëëng,t'ëëng,tapir;anta,tapir;anta,merge,t’ëëng_7fad6677-006f-46f7-991e-8fd6199e5d12,t&apos;ëëng_7fad6677-006f-46f7-991e-8fd6199e5d12
t’ëëng,tëëng,tapir;anta,firewood;lenha,ignore,t’ëëng_7fad6677-006f-46f7-991e-8fd6199e5d12,tëëng1_973a6d9c-adec-4a58-98e0-2ac2c9961a59
awa,awëh,eat;comer,eat;comer,awa- eat (not meat)  awëh- eat meat,awa_81084abe-5872-41b3-bb65-8b687a3b00a1,awëh_ad9e6c80-0862-401d-9958-6bba1d783910
dõm,t'õõm,tail;rabo,woven.traditional.backpack;panacu,ignore,dõm_821df784-fbcb-40de-a505-a26f965d09ed,t&apos;õõm_6945fd07-f2f1-4af1-a00a-c25ab150e2a3
dõm,tõm,tail;rabo,drop;gota,ignore,dõm_821df784-fbcb-40de-a505-a26f965d09ed,tõm_9c34cae8-d703-4bd1-b57d-7a96c6a5281a
p’ooh,pooh,hot.pepper;pimenta,nose;nariz,ignore,p’ooh1_8351b529-6dec-4374-bbcc-30b2cb59847d,pooh_bdd27c96-ea96-4676-845e-c97461c4e435
p’ooh,po̰:h,hot.pepper;pimenta,roça,ignore,p’ooh1_8351b529-6dec-4374-bbcc-30b2cb59847d,po̰:h_0978090e-f818-4a26-b58cf420dbef4260
p’ooh,bɔ:h,hot.pepper;pimenta,sobrinha,ignore,p’ooh1_8351b529-6dec-4374-bbcc-30b2cb59847d,bɔ:h_39fbb0d2-2f48-4e16-85622d552408a467
p’ooh,puh,hot.pepper;pimenta,espuma,ignore,p’ooh1_8351b529-6dec-4374-bbcc-30b2cb59847d,puh_57bb72df-4cf6-4402-bd614bed152962c1
p’ooh,bo:h,hot.pepper;pimenta,mistura para coca,ignore,p’ooh1_8351b529-6dec-4374-bbcc-30b2cb59847d,bo:h_6a7b644a-7672-4290-94f54f812ad24773
p’ooh,pɔ:,hot.pepper;pimenta,nariz,ignore,p’ooh1_8351b529-6dec-4374-bbcc-30b2cb59847d,pɔ:_abd72bf1-41ab-46d9-8ee89d92b5dc1616
p’ooh,puh,hot.pepper;pimenta,peixe.sp,ignore,p’ooh1_8351b529-6dec-4374-bbcc-30b2cb59847d,puh_e25be93c-0c6b-462c-8c1d846391d9cb7e
p’ooh,pṵ:h,hot.pepper;pimenta,espécie de árvore,ignore,p’ooh1_8351b529-6dec-4374-bbcc-30b2cb59847d,pṵ:h_f3f47438-a4db-4f2e-96e195798984f94
p’ooh,p’ooh,hot.pepper;pimenta,hot.pepper;pimenta,merge,p’ooh1_8351b529-6dec-4374-bbcc-30b2cb59847d,p’ooh_8351b529-6dec-4374-bbcc-30b2cb59847d
nooh,nuuh,mouth;boca,head;cabeça,ignore,nooh_85e5d65c-81a9-43ba-8b05-e1d0cb3a0943,nuuh_98b2fa13-5514-4958-bbe6-86001f73c6a4
nooh,du:h,mouth;boca,nádegas,ignore,nooh_85e5d65c-81a9-43ba-8b05-e1d0cb3a0943,du:h_1c1e2650-1809-4f40-a14833b3a9902630
nooh,nɔ̃:,mouth;boca,dar (nɔ̃ʔ inf.; nɔ̰̃ːʔ n.i.),ignore,nooh_85e5d65c-81a9-43ba-8b05-e1d0cb3a0943,nɔ̃:_41cd8839-c928-4e16-9eab2f43ea87fec1
nooh,do:,mouth;boca,be (n.i. do),ignore,nooh_85e5d65c-81a9-43ba-8b05-e1d0cb3a0943,do:_53082cdc-d65b-4949-94043a47fd80f8b6
nooh,do:,mouth;boca,the.one,ignore,nooh_85e5d65c-81a9-43ba-8b05-e1d0cb3a0943,do:_8f96a134-db02-4580-a0d5599f0a181e2
nooh,do:,mouth;boca,take,ignore,nooh_85e5d65c-81a9-43ba-8b05-e1d0cb3a0943,do:_b37dc192-f0fc-4fc4-acf9e4423cdd81e2
nooh,noo,mouth;boca,mouth;boca,merge,nooh_85e5d65c-81a9-43ba-8b05-e1d0cb3a0943,noo1_85e5d65c-81a9-43ba-8b05-e1d0cb3a0943
hooj,hooj,white.cará;cará.branco,grandmother;avó,ignore,hooj1_8685f141-0aa5-4267-b4cb-681284bbe011,hooj2_96c60cce-1d22-4b41-8ed3-e5948e58cd74
hooj,hɔ̃:j,white.cará;cará.branco,escrever n.i.,ignore,hooj1_8685f141-0aa5-4267-b4cb-681284bbe011,hɔ̃:j_f27ab227-b4d9-44ac-b8bb36a951f02a81
sëën,ʃã̰:n,hair;cabelo,chifre,ignore,sëën_89e12256-aa4d-4789-a64e-fc333256a009,ʃã̰:n_256f7d52-7743-4413-9b3bc73ca66b9c96
wapëën,wapad,turn.around;virar,piaba.fish;piaba,ignore,wapëën_8a904b9a-c1a7-49ff-aeea-a5390a5181f6,wapad_6d1f39e4-a447-4cba-b3ffb4b8f1eed9af
wapëën,mapa:d,turn.around;virar,espécie de taioba,ignore,wapëën_8a904b9a-c1a7-49ff-aeea-a5390a5181f6,mapa:d_f3c7d2d0-2b4f-4816-989082193821aa5c
tób,tõm,house;casa,drop;gota,ignore,tób_8e356cef-e3f2-4646-8e11-7c62d369a9fd,tõm_9c34cae8-d703-4bd1-b57d-7a96c6a5281a
hëë,hã,paddle;remo,DAT,ignore,hëë_91665d7c-02fc-42cc-ac63-c3b81b7f4576,hã_394e29a8-d5e6-4ae4-ab8e521acec8fd7
hëë,hɨ:h,paddle;remo,DEM,ignore,hëë_91665d7c-02fc-42cc-ac63-c3b81b7f4576,hɨ:h_4a6af09e-19e4-45b8-8276edcd7b1ff9
hëë,ha,paddle;remo,REL;REL,ignore,hëë_91665d7c-02fc-42cc-ac63-c3b81b7f4576,ha1_d8ff5f99-7c38-4ed3-ae5a-ceba827841bf
tatoog,tatɔk,granddaughter;neta,picar,ignore,tatoog_93f60423-0ba3-41f6-8740-087e56257443,tatɔk_543193f1-37f9-46ea-8153ae2c27968998
kabë,kabə:,coatamundi;quati,balançar.na.rede,ignore,kabë2_95545367-b996-4a77-88a4-91898494b4b3,kabə:_1cd66356-7a6f-4152-b323ad2a5c5aabaf
hooj,hɔ̃:j,grandmother;avó,escrever n.i.,ignore,hooj2_96c60cce-1d22-4b41-8ed3-e5948e58cd74,hɔ̃:j_f27ab227-b4d9-44ac-b8bb36a951f02a81
mỹỹm,wɨm,stone.axe;machado.de.pedra,quatipuru,ignore,mỹỹm_97557290-0196-462e-8057-e1ef84dc9ee7,wɨm_d70249ce-c638-4f54-9217c3728f3fc3e6
mỹỹm,wɨ̰:m,stone.axe;machado.de.pedra,siririca,ignore,mỹỹm_97557290-0196-462e-8057-e1ef84dc9ee7,wɨ̰:m_eda10c90-25f4-4535-b7cf80e5d874e629
mỹỹm,wëëm,stone.axe;machado.de.pedra,bat;morcego,ignore,mỹỹm_97557290-0196-462e-8057-e1ef84dc9ee7,wëëm_990d5cb5-98be-420d-9662-a39d1662fc24
tahʹỹỹb,tah'ỹỹb,fish;peixe,fish;peixe,merge,tahʹỹỹb_979a8c31-a85b-459d-b598-414010f8b465,tah&apos;ỹỹb_979a8c31-a85b-459d-b598-414010f8b465
nuuh,du:h,head;cabeça,nádegas,ignore,nuuh_98b2fa13-5514-4958-bbe6-86001f73c6a4,du:h_1c1e2650-1809-4f40-a14833b3a9902630
nuuh,do:,head;cabeça,be (n.i. do),ignore,nuuh_98b2fa13-5514-4958-bbe6-86001f73c6a4,do:_53082cdc-d65b-4949-94043a47fd80f8b6
nuuh,do:,head;cabeça,the.one,ignore,nuuh_98b2fa13-5514-4958-bbe6-86001f73c6a4,do:_8f96a134-db02-4580-a0d5599f0a181e2
nuuh,do:,head;cabeça,take,ignore,nuuh_98b2fa13-5514-4958-bbe6-86001f73c6a4,do:_b37dc192-f0fc-4fc4-acf9e4423cdd81e2
nuuh,noo,head;cabeça,mouth;boca,ignore,nuuh_98b2fa13-5514-4958-bbe6-86001f73c6a4,noo1_85e5d65c-81a9-43ba-8b05-e1d0cb3a0943
masoo,baʃo:h,hold;segurar,odor.da.transpiração,ignore,masoo_9ce33e0d-aa4c-444b-921e-bcdca4f98778,baʃo:h_c72d9c5c-d8fc-4c06-9f6df9ef9f262f1b
hapäh,habə,see;ver,espantar,ignore,hapäh_9e969d72-f8b2-48ba-83ac-3472669f4a98,habə_021ba618-79ea-4d99-8a2330e1b5b60c41
warahen,warahen,soldier;soldado,policeman;policía,merge,warahen2_9f60eea4-12af-4bff-b76f-4b605295b5a8,warahen1_d19ed409-f161-40d6-90a9-dede5c019714
warahen,warahén,soldier;soldado,policeman;policía,merge,warahen2_9f60eea4-12af-4bff-b76f-4b605295b5a8,warahén_d19ed409-f161-40d6-90a9-dede5c019714
jëë,j’aa,peach.palm;pupunha,faeces;fezes,ignore,jëë_a0520e71-1c6b-440a-bfb4-073d8767e810,j’aa_b7a0d5d6-dde2-42b6-ab7b-0d0db44ad378
jëë,jɨh,peach.palm;pupunha,espécie de pássaro,ignore,jëë_a0520e71-1c6b-440a-bfb4-073d8767e810,jɨh_139d6300-9038-4939-9dd29b3662f07316
jëë,jʌ:,peach.palm;pupunha,espécie de fruta,merge,jëë_a0520e71-1c6b-440a-bfb4-073d8767e810,jʌ:_1616cced-2437-4bb6-b9cc463ba48ec04c
jëë,jə:,peach.palm;pupunha,close,ignore,jëë_a0520e71-1c6b-440a-bfb4-073d8767e810,jə:_2c080526-9fce-432c-a1b147f3bcf43968
jëë,jʌh,peach.palm;pupunha,mira; alvo,ignore,jëë_a0520e71-1c6b-440a-bfb4-073d8767e810,jʌh_b0d8a76b-9203-4a28-8c7fec22668b2dc1
jëë,jə:h,peach.palm;pupunha,return n.i.,ignore,jëë_a0520e71-1c6b-440a-bfb4-073d8767e810,jə:h_d594696f-9f99-4a8a-bf42436ae849f0c6
jëë,j'yy,peach.palm;pupunha,son.Voc;filho.Voc,ignore,jëë_a0520e71-1c6b-440a-bfb4-073d8767e810,j&apos;yy_dc5580cb-f66e-4333-9edc-7b10af35d72a
ajäm,ajəm,dance;dançar,at.night,ignore,ajäm_a28f3a39-1a03-4329-9382-9bab24145953,ajəm_e532759c-75f9-441c-967df4322a5dd35d
ebaan,ema:n,thick.surface;grosso.superficie,peneirar,ignore,ebaan_a4743021-4fb5-4c67-a96c-b605a21e6d44,ema:n_03582b22-b335-4af8-8c232043541e28f9
amaaj,awə:ɲ,piranha;piranha,descer.para.rio,ignore,amaaj_a5a8c5a4-ff77-48be-a14c-a8dd2d196e96,awə:ɲ_5d354e7a-373f-43e7-a04d51fa7ec24098
takod,takod,bamboo;taboca,ambaiba.sp,ignore,takod2_a630902b-b26a-4906-870e-2c4c62b001b1,takod_b4a9928d-a6e7-43f6-8956769d02980cfa
tyyg,tɨŋ,fire;fogo,support,ignore,tyyg_aa58bcaf-dbda-4802-ad73-a4a3d2881445,tɨŋ_5724ff6d-c354-4517-881fba3c003e92d3
tyyg,tɨ:ŋ,fire;fogo,assoalho,ignore,tyyg_aa58bcaf-dbda-4802-ad73-a4a3d2881445,tɨ:ŋ_e2b5fecf-076d-455e-afca70e5369e1d23
tyyg,t'ëëng,fire;fogo,tapir;anta,ignore,tyyg_aa58bcaf-dbda-4802-ad73-a4a3d2881445,t&apos;ëëng_7fad6677-006f-46f7-991e-8fd6199e5d12
tyyg,tëëng,fire;fogo,firewood;lenha,'ng’ is typo (make tÿÿg),tyyg_aa58bcaf-dbda-4802-ad73-a4a3d2881445,tëëng1_973a6d9c-adec-4a58-98e0-2ac2c9961a59
wëë,wë,alligator;jacare,sky;céu,ignore,wëë_aa8555ee-bca6-4074-a9cd-061cb1c06ff5,wë3_d683ed0f-5336-42bd-973a-dd2b94750fd0
wëë,wã:,alligator;jacare,grelo.de.buriti,ignore,wëë_aa8555ee-bca6-4074-a9cd-061cb1c06ff5,wã:_173a9672-acc9-46fd-bfc1a486ca2c20b7
wëë,ma,alligator;jacare,pertences,ignore,wëë_aa8555ee-bca6-4074-a9cd-061cb1c06ff5,ma_4264a5f5-d297-4c5e-9ce680ae7193474b
wëë,wʌ:,alligator;jacare,espécie de árvore,ignore,wëë_aa8555ee-bca6-4074-a9cd-061cb1c06ff5,wʌ:_8959362b-3825-4848-9eba1c72cb36d5d5
wëë,wə:,alligator;jacare,mato caído,ignore,wëë_aa8555ee-bca6-4074-a9cd-061cb1c06ff5,wə:_9485bb49-c230-459f-b30e231a60b19151
wëë,wə,alligator;jacare,ao.lado,ignore,wëë_aa8555ee-bca6-4074-a9cd-061cb1c06ff5,wə_a802edee-a71f-41cf-b15a48d2cd10f3e6
wëë,ma,alligator;jacare,make,ignore,wëë_aa8555ee-bca6-4074-a9cd-061cb1c06ff5,ma_d9520bd1-d3cc-41e0-a4b4ca44534c821a
ooj,ju,ash;cinzas,fogo,ignore,ooj_abc3063b-7d75-430c-9300-005e926c6475,ju_268efbd6-8e22-4f0a-b085761f16553758
wajats,wajats,manatee;peixe-boi,manatee;peixe-boi,merge,wajats2_ad8e1685-a540-42c7-a1a6-345f1d62a409,wajats_ad8e1685-a540-42c7-a1a6-345f1d62a409
awëh,awäng,eat;comer,grow;crescer,ignore,awëh_ad9e6c80-0862-401d-9958-6bba1d783910,awäng_bf428c83-f99e-46c5-9eda-3733b60a7d09
gód,gód,mat.uncle;tio materno,mat.uncle;tio materno,merge,gód2_afb44df8-075a-40c9-8eed-b4be294caa89,gód_afb44df8-075a-40c9-8eed-b4be294caa89
ỹ,ɨh,,sleep n.i.,ignore,ỹ_acdb0c0b-2c0f-454f-91d1-eea4498bebf7,ɨh_75c83f39-6f85-4520-ac431d873a3fc10
ỹ,ỹỹ,,1sg;1sg,karol’s opinion – two entries (long is possessive),ỹ_acdb0c0b-2c0f-454f-91d1-eea4498bebf7,ỹỹ_b5117bd5-2007-42dc-8931e60f4bb08b71
agä,akə:,lie.in.hammock;deitar.rede,enterrado,ignore,agä2_b43dfe1e-4d9c-44c4-966b-7cdca5ef5b85,akə:_46f2c675-ccd1-4908-8693cea8ae7dc036
 =kóm, =kóm,root;raiz,thigh;coxa,merge senses, =kóm1_b4ef6f78-08bb-4d23-9cba-f68a176930c7, =kóm2_c8ff3ede-cd52-435e-aa16-b8e6ad9ac937
j’aa,jʌ:,faeces;fezes,espécie de fruta,ignore,j’aa_b7a0d5d6-dde2-42b6-ab7b-0d0db44ad378,jʌ:_1616cced-2437-4bb6-b9cc463ba48ec04c
j’aa,jə:,faeces;fezes,close,ignore,j’aa_b7a0d5d6-dde2-42b6-ab7b-0d0db44ad378,jə:_2c080526-9fce-432c-a1b147f3bcf43968
j’aa,jə:h,faeces;fezes,return n.i.,ignore,j’aa_b7a0d5d6-dde2-42b6-ab7b-0d0db44ad378,jə:h_d594696f-9f99-4a8a-bf42436ae849f0c6
mapah,mabëng,papaya;mamão,green.acouchi;cutiara,ignore,mapah1_b822e839-8c6d-40df-b269-0a5a65773509,mabëng_c197d537-44e1-4a6f-abe7-fa15aead02e7
ehãm,ehab,sharp;amolado,scrape.manioc;raspar.mandioca,ignore,ehãm_b8594aa4-2eff-46d6-be59-412a2bc8c629,ehab_e92f47c7-413d-4a3d-8c1f-019ff0dd12ed
sëh,s’ëëh,coals;brasa,dream;sonho,ignore,sëh_b9ee0750-e9ca-42a4-b61c-4fb14998e2c4,s’ëëh_c2500249-3e46-4056-8e86-6d258b177a45
sëh,tsäng,coals;brasa,clay;barro,ignore,sëh_b9ee0750-e9ca-42a4-b61c-4fb14998e2c4,tsäng_c466f8d0-c63e-4dce-83d9-8000648a6ee9
sëh,ʃa:h,coals;brasa,sobrinho (pl ʃa̰ːh),ignore,sëh_b9ee0750-e9ca-42a4-b61c-4fb14998e2c4,ʃa:h_5b3da68a-6968-434c-b4b07f6f03dba96b
sëh,ʃa:h,coals;brasa,be.hungry,ignore,sëh_b9ee0750-e9ca-42a4-b61c-4fb14998e2c4,ʃa:h_6e02a210-1c01-428c-a1b3d6080453fb64
sëh,ʃə:,coals;brasa,camarão,ignore,sëh_b9ee0750-e9ca-42a4-b61c-4fb14998e2c4,ʃə:_77981701-bff1-498b-a88bf2ff0d46a7a3
sëh,sa,coals;brasa,3PL.POSS;3PL.POSS,ignore,sëh_b9ee0750-e9ca-42a4-b61c-4fb14998e2c4,ʃa_9258a56c-b681-4637-922dc15c3cc4d778
tsʹooh,soo,flower;flor,woodpecker;pica-pau,ignore,tsʹooh_ba2c8ff0-d117-4d2f-bb75-32e1760fe9de,ʃo:_8d4ce206-887a-448d-a7db8239d7cbecd0
tsʹooh,ʃɔ̰:,flower;flor,estar sentado,ignore,tsʹooh_ba2c8ff0-d117-4d2f-bb75-32e1760fe9de,ʃɔ̰:_8d669ad1-8a35-4d91-bda3160c4dbf2672
pud,puud,kapiwaya;kapiwaya,song.dabucuri;canto.dabucuri,karol only has short – need to look @ recording to be sure,pud_bc1dd6d3-4e78-41a7-888f-9200c232f3bc,puud_6aac88b8-8517-4460-9bb1-0a8642d54dab
pëëw,p’yym,loincloth;tanga,curare;curare,merge,pëëw_bc51e1f0-68ce-4051-b925-7b7eef2ce693,p’yym1_c58f3f30-b24e-49b3-89c7-a8dbbcc5fc5b
pëëw,bə:w,loincloth;tanga,espécie de cobra,ignore,pëëw_bc51e1f0-68ce-4051-b925-7b7eef2ce693,bə:w_972164d7-37ea-414b-a588f329a9ce02f9
pëëw,pə:w,loincloth;tanga,espécie de árvore,ignore,pëëw_bc51e1f0-68ce-4051-b925-7b7eef2ce693,pə:w_afd1d56f-ca8f-4cca-9561cec36292ec9e
pëëw,paam,loincloth;tanga,REMOT.PAST;PASS.REMOT,ignore,pëëw_bc51e1f0-68ce-4051-b925-7b7eef2ce693,paam_507b60c0-f8bd-4deb-87bd-f5e13faedf4a
pëëw,pyym,loincloth;tanga,snake.poison;veneno.cobra,ignore,pëëw_bc51e1f0-68ce-4051-b925-7b7eef2ce693,pyym_48a754db-ea05-4440-bcad-eec33e19477e
s’oow,s'oow,blowgun;zarabatana,blowgun;zarabatana,merge,s’oow_bd149bf3-7f4c-42b9-901c-045655c034c8,s&apos;oow_bd149bf3-7f4c-42b9-901c-045655c034c8
pooh,po̰:h,nose;nariz,roça,ignore,pooh_bdd27c96-ea96-4676-845e-c97461c4e435,po̰:h_0978090e-f818-4a26-b58cf420dbef4260
pooh,bɔ:h,nose;nariz,sobrinha,ignore,pooh_bdd27c96-ea96-4676-845e-c97461c4e435,bɔ:h_39fbb0d2-2f48-4e16-85622d552408a467
pooh,puh,nose;nariz,espuma,ignore,pooh_bdd27c96-ea96-4676-845e-c97461c4e435,puh_57bb72df-4cf6-4402-bd614bed152962c1
pooh,bo:h,nose;nariz,mistura para coca,ignore,pooh_bdd27c96-ea96-4676-845e-c97461c4e435,bo:h_6a7b644a-7672-4290-94f54f812ad24773
pooh,pɔ:,nose;nariz,nariz,merge,pooh_bdd27c96-ea96-4676-845e-c97461c4e435,pɔ:_abd72bf1-41ab-46d9-8ee89d92b5dc1616
pooh,puh,nose;nariz,peixe.sp,ignore,pooh_bdd27c96-ea96-4676-845e-c97461c4e435,puh_e25be93c-0c6b-462c-8c1d846391d9cb7e
pooh,pṵ:h,nose;nariz,espécie de árvore,ignore,pooh_bdd27c96-ea96-4676-845e-c97461c4e435,pṵ:h_f3f47438-a4db-4f2e-96e195798984f94
pooh,p’ooh,nose;nariz,hot.pepper;pimenta,ignore,pooh_bdd27c96-ea96-4676-845e-c97461c4e435,p’ooh_8351b529-6dec-4374-bbcc-30b2cb59847d
ỹỹm,ɨm,wife;esposa,ficar,ignore,ỹỹm3_be33ca3b-f6a1-4066-b50a-97e305ec90bb,ɨm_73d74d6f-08f3-463a-adc337a43c4c0787
ỹỹm,ɨ̃:m,wife;esposa,fear;ter.medo,ignore,ỹỹm3_be33ca3b-f6a1-4066-b50a-97e305ec90bb,ɨ̃:m_b7f8608c-1aaa-4014-b04d968cde2f7f88
ỹỹm,ỹỹm,wife;esposa,esposa,merge,ỹỹm3_be33ca3b-f6a1-4066-b50a-97e305ec90bb,ỹỹm1_c5454b3c-10c6-4bf4-936d-38c30dd989de
tsʹaa,s’ëëh,stingray;arraia,dream;sonho,ignore,tsʹaa_be6ef049-4a0b-4431-ade9-063237e7fde5,s’ëëh_c2500249-3e46-4056-8e86-6d258b177a45
tsʹaa,ʃa:h,stingray;arraia,sobrinho (pl ʃa̰ːh),ignore,tsʹaa_be6ef049-4a0b-4431-ade9-063237e7fde5,ʃa:h_5b3da68a-6968-434c-b4b07f6f03dba96b
tsʹaa,ʃa:h,stingray;arraia,be.hungry,ignore,tsʹaa_be6ef049-4a0b-4431-ade9-063237e7fde5,ʃa:h_6e02a210-1c01-428c-a1b3d6080453fb64
tsʹaa,ʃə:,stingray;arraia,camarão,ignore,tsʹaa_be6ef049-4a0b-4431-ade9-063237e7fde5,ʃə:_77981701-bff1-498b-a88bf2ff0d46a7a3
tsʹaa,sa,stingray;arraia,3PL.POSS;3PL.POSS,ignore,tsʹaa_be6ef049-4a0b-4431-ade9-063237e7fde5,ʃa_9258a56c-b681-4637-922dc15c3cc4d778
tsʹaa,tsʹaah,stingray;arraia,stingray;arraia,merge,tsʹaa_be6ef049-4a0b-4431-ade9-063237e7fde5,tsʹaah_be6ef049-4a0b-4431-ade9-063237e7fde5
s’ëëh,ʃa:h,dream;sonho,sobrinho (pl ʃa̰ːh),ignore,s’ëëh_c2500249-3e46-4056-8e86-6d258b177a45,ʃa:h_5b3da68a-6968-434c-b4b07f6f03dba96b
s’ëëh,ʃa:h,dream;sonho,be.hungry,ignore,s’ëëh_c2500249-3e46-4056-8e86-6d258b177a45,ʃa:h_6e02a210-1c01-428c-a1b3d6080453fb64
s’ëëh,ʃə:,dream;sonho,camarão,ignore,s’ëëh_c2500249-3e46-4056-8e86-6d258b177a45,ʃə:_77981701-bff1-498b-a88bf2ff0d46a7a3
s’ëëh,tsʹaah,dream;sonho,stingray;arraia,ignore,s’ëëh_c2500249-3e46-4056-8e86-6d258b177a45,tsʹaah_be6ef049-4a0b-4431-ade9-063237e7fde5
jag,jʌ̃g,hammock;rede,esmagar; forma marcada,ignore,jag2_c3965c56-0a44-4337-9442-b76f3f1ecc37,jʌ̃g_01bb2edb-ff6e-420e-894a77ac8c58ea1b
jag,jəŋ,hammock;rede,sapo.sp,ignore,jag2_c3965c56-0a44-4337-9442-b76f3f1ecc37,jəŋ_df0ab2f6-c78d-4ce7-b9409f522b137faa
padëëk,badɨ:k,pendurado,socar terra,ignore,padə:k1_c3d960d6-c8b1-4659-b1e3-8e2b632633bb,badɨ:k_ec4b457c-f57d-40da-9afc1a28497674a1
padëëk,panyyg,pendurado,story;história,ignore,padə:k1_c3d960d6-c8b1-4659-b1e3-8e2b632633bb,panyyg1_b438b097-40f8-45db-98fc-91e5ba708d20
tsäng,ʃʌg,clay;barro,mandioca.massa,ignore,tsäng_c466f8d0-c63e-4dce-83d9-8000648a6ee9,ʃʌg_2d575f27-16ba-4d8b-b93bc3707a2b03f9
p’yym,pə:w,curare;curare,espécie de árvore,ignore,p’yym1_c58f3f30-b24e-49b3-89c7-a8dbbcc5fc5b,pə:w_afd1d56f-ca8f-4cca-9561cec36292ec9e
p’yym,pyym,curare;curare,snake.poison;veneno.cobra,unsure- best keep both,p’yym1_c58f3f30-b24e-49b3-89c7-a8dbbcc5fc5b,pyym_48a754db-ea05-4440-bcad-eec33e19477e
byyh,pə:,skin;pele,cobra.sp,ignore,byyh_c6283908-ed9f-4529-ab22-f0a452ed88b6,pə:_8eeb53c7-1d25-48da-8b2d51f5314aa792
byyh,bə:h,skin;pele,suco,ignore,byyh_c6283908-ed9f-4529-ab22-f0a452ed88b6,bə:h_962a8de8-7f65-4e60-b8a4c16d27943a33
byyh,bëëh,skin;pele,suco,ignore,byyh_c6283908-ed9f-4529-ab22-f0a452ed88b6,bëëh_962a8de8-7f65-4e60-b8a4-c16d27943a32
byyh,bëh,skin;pele,2PL;2PL,ignore,byyh_c6283908-ed9f-4529-ab22-f0a452ed88b6,bëh_59d8bf5a-dd20-44e8-b7a9-5081bab044ae
byyh,bii,skin;pele,breast;seios,ignore,byyh_c6283908-ed9f-4529-ab22-f0a452ed88b6,bii_fb6c7157-1b9b-4d1b-9926-dcdea3043357
bahõd,baho̰:d,amazonian.marsh.rat;rato.de.água,temporal,ignore,bahõd2_c7fb0386-4f9c-4e01-b63e-98d57aeff3a4,baho̰:d_5cc0dedf-d5e2-4ecc-bcfd2380f2e3b862
h’ooh,ho̰:,canoe;canoa,inambu pequeno,ignore,h’ooh_c95ea861-4c45-4a1a-8ef3-688bec4eb1f7,ho̰:_4113864d-2d85-4f29-909ef8deb4a55024
h’ooh,ho:h,canoe;canoa,fígado,ignore,h’ooh_c95ea861-4c45-4a1a-8ef3-688bec4eb1f7,ho:h_a8ed36ac-b900-49b9-962369d3aa0f1559
h’ooh,hɔ:h,canoe;canoa,virilha,ignore,h’ooh_c95ea861-4c45-4a1a-8ef3-688bec4eb1f7,hɔ:h_f900068e-bcdb-4841-8547ba76b0bd11bf
aỹỹh,ahỹỹh,,sing.bird;cantar.pássaro,ignore,aỹỹh_c99a1e11-f4d3-4fbd-b8e4-ef98dc3ac38b,ahỹỹh_f733ec49-2377-44b4-8f60-a93e6a22ff4e
h’ÿÿw,hÿÿw,achiote;urucum,white.fronted.capuchin;caiarara,ignore,h’ëëw/h’yyw_cd431f73-caef-44e2-8c8c-bfdab027a9f5,hëëw/hyyw_e3e69eca-b141-4371-89c7-fb0f3deefb05
ỹỹn,ɨd,mother;mãe,parte.baixa,ignore,ỹỹn2_cd68549e-1a6e-4765-94fe-b4d379bdf417,ɨd_81932843-b81d-48e9-988fc34c461ec696
ỹỹn,ə:n,mother;mãe,mother,merge,ỹỹn2_cd68549e-1a6e-4765-94fe-b4d379bdf417,ə:n_eb201827-9f6d-4018-a8dde4f259bf9839
ỹỹn,ëën,mother;mãe,mother.Voc;mãe.Voc,two entries,ỹỹn2_cd68549e-1a6e-4765-94fe-b4d379bdf417,ëën_fe7eb662-ab08-4960-beed-46e3474784d5
kuruj-du,kuruj du,vulture;urubu,vulture;urubu,merge,kuruj-du_cee3da30-09cb-4fe7-8929-c2a990e5caa8,kuruj du_cee3da30-09cb-4fe7-8929-c2a990e5caa8
oow,ɔ:w,grandfather;avô,grandfather,merge,oow2_d04af342-ffb6-4ca8-806b-a630870f74ee,ɔ:w_7b46d0e4-14b6-4aba-9b6d703bd75a6886
warahen,warahén,policeman;policía,policeman;policía,merge,warahen1_d19ed409-f161-40d6-90a9-dede5c019714,warahén_d19ed409-f161-40d6-90a9-dede5c019714
tii,tɨ,DEM.prox;DEM;prox,rosto,ignore,tii2_d3db1b0f-4558-4e63-94dc-a2d6b0d31def,tɨ_aff14eee-a080-4359-931b8e0eba6379bb
tii,tɨ:,DEM.prox;DEM;prox,fish,ignore,tii2_d3db1b0f-4558-4e63-94dc-a2d6b0d31def,tɨ:_e4e003b3-b87d-4e64-853a137ee8f53b30
tii,ti,DEM.prox;DEM;prox,and.then;então,ignore,tii2_d3db1b0f-4558-4e63-94dc-a2d6b0d31def,ti1_6e529536-55b7-49da-b65f-093cf90a0686
mahũũr,mahũũr,sweet.manioc;macaxeira,sweet.manioc;macaxeira,merge,mahũũr1_d5012807-382c-4ce2-ae64-fe70e83272d7,mahũũr_d5012807-382c-4ce2-ae64-fe70e83272d7
wë,wã:,sky;céu,grelo.de.buriti,ignore,wë3_d683ed0f-5336-42bd-973a-dd2b94750fd0,wã:_173a9672-acc9-46fd-bfc1a486ca2c20b7
wë,ma,sky;céu,pertences,ignore,wë3_d683ed0f-5336-42bd-973a-dd2b94750fd0,ma_4264a5f5-d297-4c5e-9ce680ae7193474b
wë,wʌ:,sky;céu,espécie de árvore,ignore,wë3_d683ed0f-5336-42bd-973a-dd2b94750fd0,wʌ:_8959362b-3825-4848-9eba1c72cb36d5d5
wë,wə:,sky;céu,mato caído,ignore,wë3_d683ed0f-5336-42bd-973a-dd2b94750fd0,wə:_9485bb49-c230-459f-b30e231a60b19151
wë,wə,sky;céu,ao.lado,ignore,wë3_d683ed0f-5336-42bd-973a-dd2b94750fd0,wə_a802edee-a71f-41cf-b15a48d2cd10f3e6
wë,ma,sky;céu,make,ignore,wë3_d683ed0f-5336-42bd-973a-dd2b94750fd0,ma_d9520bd1-d3cc-41e0-a4b4ca44534c821a
wë,mäh,sky;céu,RPT;relatado (abreviação?),ignore,wë3_d683ed0f-5336-42bd-973a-dd2b94750fd0,mäh_63073248-c558-4fc1-8f4c-63527c9e11c7
tsiw,ʃim,cicada.sp;cigarra.sp,partir (hab ʃḭːm),ignore,tsiw_d6f851ea-76b0-4c5d-a0a5-24e88039b1b9,ʃim_8fcc8ace-4a78-4e08-b476999f1c035aad
hëëj,hɨ̃:j,forest;mato,formiga.sp,ignore,hëëj_d8cd3b39-bb36-4332-b938-a6f4b9560376,hɨ̃:j_4462532d-74ae-455b-84335a21f802135a
hëëj,hɨ:j,forest;mato,comida.farelo,ignore,hëëj_d8cd3b39-bb36-4332-b938-a6f4b9560376,hɨ:j_49643aa0-9b00-45bc-9a06f4da8d189eb0
ehyyb,eỹỹm,breath;respirar,fear;ter.medo,ignore,ehyyb_dafde805-1e00-43a5-a7df-5bb17a060379,eỹỹm_db33bb76-0902-4cd5-a8db-eb1f7bdaefba
ehyyb,eỹỹm,breath;respirar,fear;ter.medo,ignore,ehyyb_dafde805-1e00-43a5-a7df-5bb17a060379,eỹỹm2_b7f8608c-1aaa-4014-b04d-968cde2f7f87
eỹỹm,e'ỹỹm,fear;ter.medo,scare;causar.medo,scare as causative of fear,eỹỹm_db33bb76-0902-4cd5-a8db-eb1f7bdaefba,e&apos;ỹỹm_f10c9014-71b7-47c5-94e5-6838e40da1fe
eỹỹm,eỹỹm,fear;ter.medo,fear;ter.medo,merge,eỹỹm_db33bb76-0902-4cd5-a8db-eb1f7bdaefba,eỹỹm2_b7f8608c-1aaa-4014-b04d-968cde2f7f87
puuw,bo̰:w,bastard.plantain;bananeira do mato,coruja.sp,ignore,puuw_dba9c1c2-cc38-4314-b9f5-c5df5138a06a,bo̰:w_58f3af21-562e-4ed9-a323803b746fa4b7
epóh,ebo:h,eat.fruit;comer.fruta,caçar,ignore,epóh_dca109c5-da4e-472e-84e8-927a1bcab4fb,ebo:h_058fbf01-f274-4cf7-a1c28b39c2d69bb2
nad’ëëd,nad'ëëd,small;pequeno,small;pequeno,merge,nad’ëëd_dd993279-961b-4e7e-aaf2-0286f5a2b9e1,nad&apos;ëëd_dd993279-961b-4e7e-aaf2-0286f5a2b9e1
ehë̃p,ehab,grate;ralar,scrape.manioc;raspar.mandioca,ignore,ehë̃p_df3af308-6431-4a3e-aea7-e9264917d791,ehab_e92f47c7-413d-4a3d-8c1f-019ff0dd12ed
kamak,gamãg,strangler.vine;apui,espécie de pássaro,ignore,kamak_dfae89f9-0470-48cd-9b48-c0d0ab77f609,gamãg_442a9fb3-e66d-4f8c-a0fc2291cbef737b
kamak,kamag,strangler.vine;apui,defunto,ignore,kamak_dfae89f9-0470-48cd-9b48-c0d0ab77f609,kamag_bc987b37-12a6-49c4-a1b8209cf0f6a9f7
ana,adëë,come;vir,lean;encostar,ignore,ana_e31f4062-bf6c-4316-ba96-271f1e728541,adëë_d39b9583-3673-442f-8a80-19cb72795322
sawyym,cawɨb,black.palm;bacaba,peixe-rebeca; bodó,ignore,sawyym_ee869356-dc53-4210-9fa0-608972e8e311,cawɨb_648111f5-c15d-4352-891c4045cc48f03
pä,pa,stone;pedra,lado,ignore,pä_f147e3d8-5601-4640-b31b-4fd6d06fa113,pa_308fbbfc-68b7-49a4-80eee6c9ed0d5045
pä,pa:h,stone;pedra,passado,ignore,pä_f147e3d8-5601-4640-b31b-4fd6d06fa113,pa:h_5d6b8726-aa64-4b93-9329884a1e4b1af9
pä,bʌ,stone;pedra,na.frente,ignore,pä_f147e3d8-5601-4640-b31b-4fd6d06fa113,bʌ_8df25412-204a-46bc-a7873ef67101e1ce
pä,pə:,stone;pedra,cobra.sp,ignore,pä_f147e3d8-5601-4640-b31b-4fd6d06fa113,pə:_8eeb53c7-1d25-48da-8b2d51f5314aa792
pä,bëh,stone;pedra,2PL;2PL,ignore,pä_f147e3d8-5601-4640-b31b-4fd6d06fa113,bëh_59d8bf5a-dd20-44e8-b7a9-5081bab044ae
mooh,bɔ:h,hand;mão,sobrinha,ignore,mooh1_f3b52f1a-d90c-47a3-a82e-0f14c1209ae3,bɔ:h_39fbb0d2-2f48-4e16-85622d552408a467
mooh,bo:h,hand;mão,mistura para coca,ignore,mooh1_f3b52f1a-d90c-47a3-a82e-0f14c1209ae3,bo:h_6a7b644a-7672-4290-94f54f812ad24773
mooh,w'oo,hand;mão,back;costas,ignore,mooh1_f3b52f1a-d90c-47a3-a82e-0f14c1209ae3,w&apos;oo_a56a5c20-7c47-4248-b98b-44682b0b31f4
mooh,wooh,hand;mão,?;sapo.da.noite,ignore,mooh1_f3b52f1a-d90c-47a3-a82e-0f14c1209ae3,wooh_26bc7f23-fb0b-4d30-93e4-da9a7933066d
dõn,dɔ:n,hummingbird.big;beija.flor.grande,sup.with.finger,ignore,dõn_f8aa9537-e5b1-447e-b490-141ff2218678,dɔ:n_0872e55d-b5b9-4180-a82adb40318848d6
dõn,tón,hummingbird.big;beija.flor.grande,hold.in.hand,ignore,dõn_f8aa9537-e5b1-447e-b490-141ff2218678,tón1_a00d1bb1-25e3-4c3d-953c-57dd3b546cd4
hũũt,hũ:t,tobaco;tabaco,derreter (n.i. huːd),ignore,hũũt_fcbc9a08-ecac-4e11-b568-cad430854b14,hũ:t_ccfd21a0-acc5-4821-95f9e6b5b9d5570e
j'ooh,jɔh,gen.affine,zagaia,ignore,j&apos;ooh_ff2984bb-c88c-4390-b49c-de234bf22ec5,jɔh_56c233ea-acd0-4bcb-8ae9a58efc146d9c
j'ooh,jṵ:,gen.affine,espécie de árvore,ignore,j&apos;ooh_ff2984bb-c88c-4390-b49c-de234bf22ec5,jṵ:_eef40a70-5ad0-4fc4-bc3411960085d1f4
na,na̰:,me.da,na.qual.de,ignore,na_0126d0ce-96ed-408a-bd2866f3a4628410,na̰:_1d906551-ab54-4157-8e621fd969e9a668
na,nʌ,me.da,ainda,ignore,na_0126d0ce-96ed-408a-bd2866f3a4628410,nʌ_4b7f5948-bdce-4500-aff6a4162c201a27
na,na,me.da,NEG;NEG,ignore,na_0126d0ce-96ed-408a-bd2866f3a4628410,na_502c638d-8616-4812-b9667966da16815c
na,na,me.da,come n.i.,ignore,na_0126d0ce-96ed-408a-bd2866f3a4628410,na_fa915d92-ea88-4f0a-9cedef2f7a30fe8e
na,nä,me.da,ainda,ignore,na_0126d0ce-96ed-408a-bd2866f3a4628410,nä1_4b7f5948-bdce-4500-aff6-a4162c201a26
jʌ̃g,jəŋ,esmagar; forma marcada,sapo.sp,ignore,jʌ̃g_01bb2edb-ff6e-420e-894a77ac8c58ea1b,jəŋ_df0ab2f6-c78d-4ce7-b9409f522b137faa
habə,hamʌh,espantar,vamos,ignore,habə_021ba618-79ea-4d99-8a2330e1b5b60c41,hamʌh_611ef3be-8c5e-49a9-94c9f1121405e644
ema:n,ewə:n,peneirar,correr.atrás,ignore,ema:n_03582b22-b335-4af8-8c232043541e28f9,ewə:n_cf2ba2cf-1b12-4871-8529c04cfe09aa60
pɛ:,pɛh,farinha,tipo.de,ignore,pɛ:_05ad656e-97a8-4319-9d08620ffd56db91,pɛh_ee911202-c9b9-436e-8f4e23aff9b0cbb7
pɛ:,péh,farinha,tipo.de,ignore,pɛ:_05ad656e-97a8-4319-9d08620ffd56db91,péh_ee911202-c9b9-436e-8f4e-23aff9b0cbb6
baʃoŋ,baʃo:h,ter.cheiro,odor.da.transpiração,ignore,baʃoŋ_061b4156-051a-46d0-8236cd083292686,baʃo:h_c72d9c5c-d8fc-4c06-9f6df9ef9f262f1b
baroʃ,maru:ʃ,aguado,moça,ignore,baroʃ_075922fd-9874-48ce-8813f6705117c88e,maru:ʃ_9e8a8696-6179-4389-bd3e277c6064a6bb
ʃũ:c,ʃuʃ,cordão.umbilical,be.dirty,ignore,ʃũ:c_07fc6bd3-d3a8-4027-99452f8878c2efaa,ʃuʃ_3202a661-7935-4b2c-8a56eee0585ad266
ʃũ:c,ʃõc,cordão.umbilical,gafanhoto.sp,ignore,ʃũ:c_07fc6bd3-d3a8-4027-99452f8878c2efaa,ʃõc_bda18a4b-25b2-46d9-a02e8c971679f675
hẽ,hẽ,levantar.coisa,ADV,ignore,hẽ_081a7a8a-0158-4d80-abaed16c5ebdcef8,hẽ_3bf2f3c2-3b71-4c02-9a24b506631eabbc
dɔ:n,tón,sup.with.finger,hold.in.hand,ignore,dɔ:n_0872e55d-b5b9-4180-a82adb40318848d6,tón1_a00d1bb1-25e3-4c3d-953c-57dd3b546cd4
kata:,gada,encontrar-se,esperar,ignore,kata:_0885df11-e1f7-4582-8731d877f55fbab8,gada_79da67ca-9ef7-4e25-99343fa80326f1e8
po̰:h,bɔ:h,roça,sobrinha,ignore,po̰:h_0978090e-f818-4a26-b58cf420dbef4260,bɔ:h_39fbb0d2-2f48-4e16-85622d552408a467
po̰:h,puh,roça,espuma,ignore,po̰:h_0978090e-f818-4a26-b58cf420dbef4260,puh_57bb72df-4cf6-4402-bd614bed152962c1
po̰:h,bo:h,roça,mistura para coca,ignore,po̰:h_0978090e-f818-4a26-b58cf420dbef4260,bo:h_6a7b644a-7672-4290-94f54f812ad24773
po̰:h,pɔ:,roça,nariz,ignore,po̰:h_0978090e-f818-4a26-b58cf420dbef4260,pɔ:_abd72bf1-41ab-46d9-8ee89d92b5dc1616
po̰:h,puh,roça,peixe.sp,ignore,po̰:h_0978090e-f818-4a26-b58cf420dbef4260,puh_e25be93c-0c6b-462c-8c1d846391d9cb7e
po̰:h,pṵ:h,roça,espécie de árvore,ignore,po̰:h_0978090e-f818-4a26-b58cf420dbef4260,pṵ:h_f3f47438-a4db-4f2e-96e195798984f94
po̰:h,p’ooh,roça,hot.pepper;pimenta,ignore,po̰:h_0978090e-f818-4a26-b58cf420dbef4260,p’ooh_8351b529-6dec-4374-bbcc-30b2cb59847d
juŋ,jõŋ,be.dark,be.many (n.i. yõoh),ignore,juŋ_0d01b43a-977f-4bee-acd817cc25699b52,jõŋ_35e20f56-2cd9-4561-a9a450ff279c8974
atə:,atə:h,estar.no.fogo,estar.caindo,ignore,atə:_0d9d214a-224c-47c4-8261fdf54959927f,atə:h_7e4715cc-02ed-41de-b7e86d2b30d174ce
atə:,adëë,estar.no.fogo,lean;encostar,ignore,atə:_0d9d214a-224c-47c4-8261fdf54959927f,adëë_d39b9583-3673-442f-8a80-19cb72795322
kã̰:d,g'aad,terra,headwater;cabeçeira,ignore,kã̰:d_0e39e610-eab0-434f-95dba602eca2041e,g&apos;aad_ea94d6c7-c31e-417e-a17f-4f560dc6bffa
jɨh,jə:,espécie de pássaro,close,ignore,jɨh_139d6300-9038-4939-9dd29b3662f07316,jə:_2c080526-9fce-432c-a1b147f3bcf43968
jɨh,jə:h,espécie de pássaro,return n.i.,ignore,jɨh_139d6300-9038-4939-9dd29b3662f07316,jə:h_d594696f-9f99-4a8a-bf42436ae849f0c6
jɨh,jəŋ,espécie de pássaro,sapo.sp,ignore,jɨh_139d6300-9038-4939-9dd29b3662f07316,jəŋ_df0ab2f6-c78d-4ce7-b9409f522b137faa
jɨh,j'yy,espécie de pássaro,son.Voc;filho.Voc,ignore,jɨh_139d6300-9038-4939-9dd29b3662f07316,j&apos;yy_dc5580cb-f66e-4333-9edc-7b10af35d72a
jɨh,ji,espécie de pássaro,one;a.gente,ignore,jɨh_139d6300-9038-4939-9dd29b3662f07316,ji_5c846915-d6fc-437b-8c7d-67cffc4f1362
jʌ:,jə:,espécie de fruta,close,ignore,jʌ:_1616cced-2437-4bb6-b9cc463ba48ec04c,jə:_2c080526-9fce-432c-a1b147f3bcf43968
jʌ:,jʌh,espécie de fruta,mira; alvo,ignore,jʌ:_1616cced-2437-4bb6-b9cc463ba48ec04c,jʌh_b0d8a76b-9203-4a28-8c7fec22668b2dc1
jʌ:,jə:h,espécie de fruta,return n.i.,ignore,jʌ:_1616cced-2437-4bb6-b9cc463ba48ec04c,jə:h_d594696f-9f99-4a8a-bf42436ae849f0c6
pana̰:,pan'aa,para,descendents;descendentes,ignore,pana̰:_167b4818-2852-44f2-aef766c8c4ba3c2e,pan&apos;aa_09920e5c-4e7b-42e1-b949-ea77191bd8df
wã:,ma,grelo.de.buriti,pertences,ignore,wã:_173a9672-acc9-46fd-bfc1a486ca2c20b7,ma_4264a5f5-d297-4c5e-9ce680ae7193474b
wã:,wʌ:,grelo.de.buriti,espécie de árvore,ignore,wã:_173a9672-acc9-46fd-bfc1a486ca2c20b7,wʌ:_8959362b-3825-4848-9eba1c72cb36d5d5
wã:,wə:,grelo.de.buriti,mato caído,ignore,wã:_173a9672-acc9-46fd-bfc1a486ca2c20b7,wə:_9485bb49-c230-459f-b30e231a60b19151
wã:,wə,grelo.de.buriti,ao.lado,ignore,wã:_173a9672-acc9-46fd-bfc1a486ca2c20b7,wə_a802edee-a71f-41cf-b15a48d2cd10f3e6
wã:,ma,grelo.de.buriti,make,ignore,wã:_173a9672-acc9-46fd-bfc1a486ca2c20b7,ma_d9520bd1-d3cc-41e0-a4b4ca44534c821a
wə:j,wʌ:ɲ,espécie de cobra,ir para o porto (pl wʌ̰ːɲ),ignore,wə:j_17bd0a2e-c26a-47a3-88c5d757cac06aa0,wʌ:ɲ_345e0be9-fd6c-4456-b6f4f3418d520ceb
wə:j,mɨ:j,espécie de cobra,lar,ignore,wə:j_17bd0a2e-c26a-47a3-88c5d757cac06aa0,mɨ:j_79d22043-a50a-490e-92dc1dc765665622
wə:j,wã̰:j,espécie de cobra,coroca,ignore,wə:j_17bd0a2e-c26a-47a3-88c5d757cac06aa0,wã̰:j_b7f7bcc6-d22c-4598-833adf8db3b72e72
wə:j,mỹỹj,espécie de cobra,temporary.camp;acampamento.temporário,ignore,wə:j_17bd0a2e-c26a-47a3-88c5d757cac06aa0,mỹỹj_dfe6e587-6395-4e95-992c-85a4d3e70bac
hə̰:w,hɨ̰̃:w,caiarara,o que não presta mais,ignore,hə̰:w_1925e868-c252-4c83-b71133d6d98f1f6a,hɨ̰̃:w_d2f0e9be-4c7f-41dc-960b912373df7380
ʃʌʃ,ʃaʃ,aracu,aracu-branco,merge,ʃʌʃ_19c9d3c1-cce8-426f-a5bbc966bae6d008,ʃaʃ_2e94cda9-c5b9-4f52-9502e8a4b4e49a0d
tũ:h,du:h,no.chão,nádegas,ignore,tũ:h_1b11b954-a8f9-47e3-8041e7ad344c4fb7,du:h_1c1e2650-1809-4f40-a14833b3a9902630
tũ:h,tũ:,no.chão,floor;ground,ignore,tũ:h_1b11b954-a8f9-47e3-8041e7ad344c4fb7,tũ:_22152a27-e164-405e-b4b5f3b9d7f6331e
tũ:h,tu,no.chão,esteio,ignore,tũ:h_1b11b954-a8f9-47e3-8041e7ad344c4fb7,tu_983b21ad-1243-49cf-850fb9211c029c38
tũ:h,tũ,no.chão,floor;ground,no chão as second sense,tũ:h_1b11b954-a8f9-47e3-8041e7ad344c4fb7,tũ_22152a27-e164-405e-b4b5-f3b9d7f6331d
hḭ̃:w,hɨ̰̃:w,som de quebrar,o que não presta mais,merge,hḭ̃:w_1b5889d9-62f6-4a22-b429fbaee69d90ce,hɨ̰̃:w_d2f0e9be-4c7f-41dc-960b912373df7380
du:h,tũ:,nádegas,floor;ground,ignore,du:h_1c1e2650-1809-4f40-a14833b3a9902630,tũ:_22152a27-e164-405e-b4b5f3b9d7f6331e
du:h,do:,nádegas,be (n.i. do),ignore,du:h_1c1e2650-1809-4f40-a14833b3a9902630,do:_53082cdc-d65b-4949-94043a47fd80f8b6
du:h,do:,nádegas,the.one,ignore,du:h_1c1e2650-1809-4f40-a14833b3a9902630,do:_8f96a134-db02-4580-a0d5599f0a181e2
du:h,tu,nádegas,esteio,ignore,du:h_1c1e2650-1809-4f40-a14833b3a9902630,tu_983b21ad-1243-49cf-850fb9211c029c38
du:h,do:,nádegas,take,ignore,du:h_1c1e2650-1809-4f40-a14833b3a9902630,do:_b37dc192-f0fc-4fc4-acf9e4423cdd81e2
du:h,noo,nádegas,mouth;boca,ignore,du:h_1c1e2650-1809-4f40-a14833b3a9902630,noo1_85e5d65c-81a9-43ba-8b05-e1d0cb3a0943
paʃu:,baʃo:h,espalhar,odor.da.transpiração,ignore,paʃu:_1cbf64eb-ab01-4630-bed885c997349823,baʃo:h_c72d9c5c-d8fc-4c06-9f6df9ef9f262f1b
maʃã̰:h,maʃa:,xerimbabo,ajudar,ignore,maʃã̰:h_1cea3332-ac1d-44f0-ad978d82420abd3d,maʃa:_481eb163-0cd4-42fd-811554fb20c95b09
na̰:,nʌ,na.qual.de,ainda,ignore,na̰:_1d906551-ab54-4157-8e621fd969e9a668,nʌ_4b7f5948-bdce-4500-aff6a4162c201a27
na̰:,na,na.qual.de,NEG;NEG,ignore,na̰:_1d906551-ab54-4157-8e621fd969e9a668,na_502c638d-8616-4812-b9667966da16815c
na̰:,na,na.qual.de,come n.i.,ignore,na̰:_1d906551-ab54-4157-8e621fd969e9a668,na_fa915d92-ea88-4f0a-9cedef2f7a30fe8e
na̰:,nä,na.qual.de,ainda,ignore,na̰:_1d906551-ab54-4157-8e621fd969e9a668,nä1_4b7f5948-bdce-4500-aff6-a4162c201a26
dama:h,tama,centopéia,construir,ignore,dama:h_1e32b3cf-ef09-4674-ac8611cdeb57e935,tama_d841c6e5-6cae-4f89-a59a6873a985a44e
cɨ:,ʃi:,embrulho de folha,com,ignore,cɨ:_1edee5a9-55fe-42b8-b44ecde6c5f9d4dc,ʃi:_33c93f86-60af-4c20-81f8b9e6c82adc19
cɨ:,ʃə:,embrulho de folha,camarão,ignore,cɨ:_1edee5a9-55fe-42b8-b44ecde6c5f9d4dc,ʃə:_77981701-bff1-498b-a88bf2ff0d46a7a3
cɨ:,cɨ:,embrulho de folha,pupunha,ignore,cɨ:_1edee5a9-55fe-42b8-b44ecde6c5f9d4dc,cɨ:_848fc074-d423-48a0-92ca90f8e8726e7f
cɨ:,ʃḭ:,embrulho de folha,beliscar (ʃiʔ inf; ʃḭːʔ n.i.),ignore,cɨ:_1edee5a9-55fe-42b8-b44ecde6c5f9d4dc,ʃḭ:_87e2a37f-5fa9-4360-8557ae895c42d81f
ena,enʌh,vir.vezes,têm,ignore,ena_1f0430bf-ab8c-4fb5-9a88f621fba7d9c7,enʌh_202b8b72-addc-461d-bc6f61c26dcf54fc
ena,edah,vir.vezes,estar.perto,ignore,ena_1f0430bf-ab8c-4fb5-9a88f621fba7d9c7,edah_ac55eff6-e4fa-45d2-a17d90446273b3f1
ʃabu:,sapuu,umbigo,soft;fofo,ignore,ʃabu:_1f9956bb-f8c8-4d6b-97f82ccc35787d61,sapuu_aca80f49-f37b-4756-a63b-f87397345f3a
enʌh,edah,têm,estar.perto,ignore,enʌh_202b8b72-addc-461d-bc6f61c26dcf54fc,edah_ac55eff6-e4fa-45d2-a17d90446273b3f1
enʌh,edëng,têm,greet;comprimentar,ignore,enʌh_202b8b72-addc-461d-bc6f61c26dcf54fc,edëng_860a5da2-298a-4c6e-a638-812c28b0d9b4
tũ:,do:,floor;ground,be (n.i. do),ignore,tũ:_22152a27-e164-405e-b4b5f3b9d7f6331e,do:_53082cdc-d65b-4949-94043a47fd80f8b6
tũ:,do:,floor;ground,the.one,ignore,tũ:_22152a27-e164-405e-b4b5f3b9d7f6331e,do:_8f96a134-db02-4580-a0d5599f0a181e2
tũ:,tu,floor;ground,esteio,ignore,tũ:_22152a27-e164-405e-b4b5f3b9d7f6331e,tu_983b21ad-1243-49cf-850fb9211c029c38
tũ:,do:,floor;ground,take,ignore,tũ:_22152a27-e164-405e-b4b5f3b9d7f6331e,do:_b37dc192-f0fc-4fc4-acf9e4423cdd81e2
tũ:,tũ,floor;ground,floor;ground,merge,tũ:_22152a27-e164-405e-b4b5f3b9d7f6331e,tũ_22152a27-e164-405e-b4b5-f3b9d7f6331d
ju,jṵ:,fogo,espécie de árvore,ignore,ju_268efbd6-8e22-4f0a-b085761f16553758,jṵ:_eef40a70-5ad0-4fc4-bc3411960085d1f4
hʌ̃h,hã,tocar flauta; forma marcada,DAT,ignore,hʌ̃h_26b4ccbe-7572-4487-af0f51b8571c4cb,hã_394e29a8-d5e6-4ae4-ab8e521acec8fd7
hʌ̃h,ha,tocar flauta; forma marcada,REL;REL,ignore,hʌ̃h_26b4ccbe-7572-4487-af0f51b8571c4cb,ha1_d8ff5f99-7c38-4ed3-ae5a-ceba827841bf
jə:,jʌh,close,mira; alvo,ignore,jə:_2c080526-9fce-432c-a1b147f3bcf43968,jʌh_b0d8a76b-9203-4a28-8c7fec22668b2dc1
jə:,jə:h,close,return n.i.,ignore,jə:_2c080526-9fce-432c-a1b147f3bcf43968,jə:h_d594696f-9f99-4a8a-bf42436ae849f0c6
jə:,j'yy,close,son.Voc;filho.Voc,ignore,jə:_2c080526-9fce-432c-a1b147f3bcf43968,j&apos;yy_dc5580cb-f66e-4333-9edc-7b10af35d72a
manṵ̃c,man'uuts,rio Unieuxi,uneiuxi.river;rio.uneiuxi,merge,manṵ̃c_2c48a8a4-7fdd-4fe9-96f7ace262c92281,man&apos;uuts_898ee1a2-ed1e-4b76-ae8d-ab5b1600b6d1
da:p,da:b,for.no.reason,fazer rede,ignore,da:p_2c5b7407-1bb9-4ee2-b7438ad9b0f2f317,da:b_6c6f913f-603e-4dd7-99d1c9122d333284
ʃʌg,ʃʌ̃k,mandioca.massa,tamatá,ignore,ʃʌg_2d575f27-16ba-4d8b-b93bc3707a2b03f9,ʃʌ̃k_9b694680-1ac9-4aca-a46437162aab0090
pa,pa:h,lado,passado,ignore,pa_308fbbfc-68b7-49a4-80eee6c9ed0d5045,pa:h_5d6b8726-aa64-4b93-9329884a1e4b1af9
pa,bʌ,lado,na.frente,ignore,pa_308fbbfc-68b7-49a4-80eee6c9ed0d5045,bʌ_8df25412-204a-46bc-a7873ef67101e1ce
pa,pə:,lado,cobra.sp,ignore,pa_308fbbfc-68b7-49a4-80eee6c9ed0d5045,pə:_8eeb53c7-1d25-48da-8b2d51f5314aa792
pa,pã̰:,lado,devido,ignore,pa_308fbbfc-68b7-49a4-80eee6c9ed0d5045,pã̰:_9fab38fa-5fc0-4ee4-b82ec53f098b21ad
pa,bëh,lado,2PL;2PL,ignore,pa_308fbbfc-68b7-49a4-80eee6c9ed0d5045,bëh_59d8bf5a-dd20-44e8-b7a9-5081bab044ae
ɨɲ,ɨ̃:j,sister,mulheres,ignore,ɨɲ_314efd94-d358-473e-b24ce05b4d9e7dd9,ɨ̃:j_5a1c00f9-4ec3-4e16-b5fe91e9b4916736
jɔ,jɔh,on;em.cima,zagaia,ignore,jɔ_319f5a88-6001-437b-9f8edadc0a51d8b,jɔh_56c233ea-acd0-4bcb-8ae9a58efc146d9c
ʃuʃ,ʃõc,be.dirty,gafanhoto.sp,ignore,ʃuʃ_3202a661-7935-4b2c-8a56eee0585ad266,ʃõc_bda18a4b-25b2-46d9-a02e8c971679f675
tʌ̰:h,tah,tapuru,o.próximo,ignore,tʌ̰:h_32b5d850-3ef4-4d75-b82bf2d5c08972a,tah_396fe9f8-b06b-48e2-92a74335e87b321d
tʌ̰:h,tä,tapuru,food;comida,ignore,tʌ̰:h_32b5d850-3ef4-4d75-b82bf2d5c08972a,tʌ_5ea024ce-8d5b-461c-ae9697daffe5dbb1
tʌ̰:h,tʌ̃h,tapuru,irmão.novo,ignore,tʌ̰:h_32b5d850-3ef4-4d75-b82bf2d5c08972a,tʌ̃h_a7c9df87-679d-4f00-b9d6c15af816ae8f
tʌ̰:h,t'ëëng,tapuru,tapir;anta,ignore,tʌ̰:h_32b5d850-3ef4-4d75-b82bf2d5c08972a,t&apos;ëëng_7fad6677-006f-46f7-991e-8fd6199e5d12
tʌ̰:h,tëëng,tapuru,firewood;lenha,ignore,tʌ̰:h_32b5d850-3ef4-4d75-b82bf2d5c08972a,tëëng1_973a6d9c-adec-4a58-98e0-2ac2c9961a59
go:,gɔ̰̃:,arrancar,macaco-prego,ignore,go:_335d28a8-83a8-4e3e-9f342756b1b9ea7b,gɔ̰̃:_3d7b5908-83e6-4232-ad557eb73347179c
go:,gõ̰:h,arrancar,caba.ovo,ignore,go:_335d28a8-83a8-4e3e-9f342756b1b9ea7b,gõ̰:h_eb41f0ed-d6f9-4d6e-85b336781b9f4841
ʃi:,cɨ:,com,pupunha,ignore,ʃi:_33c93f86-60af-4c20-81f8b9e6c82adc19,cɨ:_848fc074-d423-48a0-92ca90f8e8726e7f
ʃi:,ʃḭ:,com,beliscar (ʃiʔ inf; ʃḭːʔ n.i.),ignore,ʃi:_33c93f86-60af-4c20-81f8b9e6c82adc19,ʃḭ:_87e2a37f-5fa9-4360-8557ae895c42d81f
hã̰:k,ha:k,stop.to.rest,surucucu,ignore,hã̰:k_349f393a-4584-4d98-8af48b0677f466c0,ha:k_c0fa3ce4-38f4-40ac-bb8c1f8ae64f94a0
mu:ɲ,bu:j,rolinha,feitiço,ignore,mu:ɲ_35d0254a-73e3-4fbc-8f5995f2104a384,bu:j_54613d00-08ea-44ed-b99659610ba3cac7
jõŋ,jɔh,be.many (n.i. yõoh),zagaia,ignore,jõŋ_35e20f56-2cd9-4561-a9a450ff279c8974,jɔh_56c233ea-acd0-4bcb-8ae9a58efc146d9c
e:,ɛ:,papai,father,merge,e:_3721b800-dbe1-4f4c-a11becaeda9dda0a,ɛ:_875e56c4-82d8-40d5-8e1cc1ccfd207728
aʃã:m,asëm,dançar.no.dabucurí,be.arrogant;ser.orgulhoso,ignore,aʃã:m_38063eab-2670-4f78-a5432dcdf1d18be5,asëm_dc855a5e-e265-4869-9faa-8947234d666a
hã,ha,DAT,REL;REL,ignore,hã_394e29a8-d5e6-4ae4-ab8e521acec8fd7,ha1_d8ff5f99-7c38-4ed3-ae5a-ceba827841bf
tah,tä,o.próximo,food;comida,ignore,tah_396fe9f8-b06b-48e2-92a74335e87b321d,tʌ_5ea024ce-8d5b-461c-ae9697daffe5dbb1
tah,tʌ̃h,o.próximo,irmão.novo,ignore,tah_396fe9f8-b06b-48e2-92a74335e87b321d,tʌ̃h_a7c9df87-679d-4f00-b9d6c15af816ae8f
tah,tëëng,o.próximo,firewood;lenha,ignore,tah_396fe9f8-b06b-48e2-92a74335e87b321d,tëëng1_973a6d9c-adec-4a58-98e0-2ac2c9961a59
hewo:ɲ,hewooj,dry;secar,dry;secar,merge,hewo:ɲ_397db076-cf3b-4301-9885681cbbd2ec1a,hewooj_397db076-cf3b-4301-9885-681cbbd2ec19
ʃɔ:,soo,tirar sorva,woodpecker;pica-pau,ignore,ʃɔ:_39949de8-fe17-4f70-b9672053c6b26205,ʃo:_8d4ce206-887a-448d-a7db8239d7cbecd0
ʃɔ:,ʃɔ̰:,tirar sorva,estar sentado,ignore,ʃɔ:_39949de8-fe17-4f70-b9672053c6b26205,ʃɔ̰:_8d669ad1-8a35-4d91-bda3160c4dbf2672
bɔ:h,bo:h,sobrinha,mistura para coca,ignore,bɔ:h_39fbb0d2-2f48-4e16-85622d552408a467,bo:h_6a7b644a-7672-4290-94f54f812ad24773
bɔ:h,pɔ:,sobrinha,nariz,ignore,bɔ:h_39fbb0d2-2f48-4e16-85622d552408a467,pɔ:_abd72bf1-41ab-46d9-8ee89d92b5dc1616
bɔ:h,p’ooh,sobrinha,hot.pepper;pimenta,ignore,bɔ:h_39fbb0d2-2f48-4e16-85622d552408a467,p’ooh_8351b529-6dec-4374-bbcc-30b2cb59847d
ga,gʌ,inside.of;dentro,be.in.hammock;estar.na.rede,ignore,ga_3a3057b8-06f5-4c13-807415a199fc3bb6,gʌ_8c3e9683-efa0-43fd-b2c67fb130828ae9
ga,gə:h,inside.of;dentro,be.sweet,ignore,ga_3a3057b8-06f5-4c13-807415a199fc3bb6,gə:h_94b140c8-32b8-4618-846e6d093fbdb67e
gɔ̰̃:,gõ̰:h,macaco-prego,caba.ovo,ignore,gɔ̰̃:_3d7b5908-83e6-4232-ad557eb73347179c,gõ̰:h_eb41f0ed-d6f9-4d6e-85b336781b9f4841
wət,wʌt,estar.em.movimento,lá vai,ignore,wət_3d9e8a40-28bc-4880-9dc1525d808cd0db,wʌt_6f82fc68-dc2b-409a-86de9dcd3f28347f
wət,wɨ:d,estar.em.movimento,find,ignore,wət_3d9e8a40-28bc-4880-9dc1525d808cd0db,wɨ:d_9d9354e7-2fe3-4abe-a360cc883a42bff7
abok,apuk,andar,cavar,ignore,abok_3f0ad664-b876-46e5-a2739d4bf73b7850,apuk_b1c2bae7-61bc-4df5-96681e1b467b926c
ho̰:,ho:h,inambu pequeno,fígado,ignore,ho̰:_4113864d-2d85-4f29-909ef8deb4a55024,ho:h_a8ed36ac-b900-49b9-962369d3aa0f1559
ho̰:,hɔ:h,inambu pequeno,virilha,ignore,ho̰:_4113864d-2d85-4f29-909ef8deb4a55024,hɔ:h_f900068e-bcdb-4841-8547ba76b0bd11bf
nɔ̃:,do:,dar (nɔ̃ʔ inf.; nɔ̰̃ːʔ n.i.),be (n.i. do),ignore,nɔ̃:_41cd8839-c928-4e16-9eab2f43ea87fec1,do:_53082cdc-d65b-4949-94043a47fd80f8b6
nɔ̃:,do:,dar (nɔ̃ʔ inf.; nɔ̰̃ːʔ n.i.),the.one,ignore,nɔ̃:_41cd8839-c928-4e16-9eab2f43ea87fec1,do:_8f96a134-db02-4580-a0d5599f0a181e2
nɔ̃:,dɔ,dar (nɔ̃ʔ inf.; nɔ̰̃ːʔ n.i.),ainda,ignore,nɔ̃:_41cd8839-c928-4e16-9eab2f43ea87fec1,dɔ_b34c70de-07c4-4851-930bb7d6ef30937d
nɔ̃:,do:,dar (nɔ̃ʔ inf.; nɔ̰̃ːʔ n.i.),take,ignore,nɔ̃:_41cd8839-c928-4e16-9eab2f43ea87fec1,do:_b37dc192-f0fc-4fc4-acf9e4423cdd81e2
nɔ̃:,noo,dar (nɔ̃ʔ inf.; nɔ̰̃ːʔ n.i.),mouth;boca,ignore,nɔ̃:_41cd8839-c928-4e16-9eab2f43ea87fec1,noo1_85e5d65c-81a9-43ba-8b05-e1d0cb3a0943
ma,wʌ:,pertences,espécie de árvore,ignore,ma_4264a5f5-d297-4c5e-9ce680ae7193474b,wʌ:_8959362b-3825-4848-9eba1c72cb36d5d5
ma,bʌ,pertences,na.frente,ignore,ma_4264a5f5-d297-4c5e-9ce680ae7193474b,bʌ_8df25412-204a-46bc-a7873ef67101e1ce
ma,wə:,pertences,mato caído,ignore,ma_4264a5f5-d297-4c5e-9ce680ae7193474b,wə:_9485bb49-c230-459f-b30e231a60b19151
ma,wə,pertences,ao.lado,ignore,ma_4264a5f5-d297-4c5e-9ce680ae7193474b,wə_a802edee-a71f-41cf-b15a48d2cd10f3e6
ma,ma,pertences,make,ignore,ma_4264a5f5-d297-4c5e-9ce680ae7193474b,ma_d9520bd1-d3cc-41e0-a4b4ca44534c821a
ma,bëh,pertences,2PL;2PL,ignore,ma_4264a5f5-d297-4c5e-9ce680ae7193474b,bëh_59d8bf5a-dd20-44e8-b7a9-5081bab044ae
ma,mäh,pertences,RPT;relatado (abreviação?),ignore,ma_4264a5f5-d297-4c5e-9ce680ae7193474b,mäh_63073248-c558-4fc1-8f4c-63527c9e11c7
gamãg,kamag,espécie de pássaro,defunto,ignore,gamãg_442a9fb3-e66d-4f8c-a0fc2291cbef737b,kamag_bc987b37-12a6-49c4-a1b8209cf0f6a9f7
hɨ̃:j,hɨ:j,formiga.sp,comida.farelo,ignore,hɨ̃:j_4462532d-74ae-455b-84335a21f802135a,hɨ:j_49643aa0-9b00-45bc-9a06f4da8d189eb0
ʃe,ʃe:h,sobrinho,outro,ignore,ʃe_44710235-cb36-41d3-88f87a88edc7df2c,ʃe:h_7ae1b6f3-336e-4130-bcf57e76f3853f43
ʃe,sẽẽ,sobrinho,caracaraí,ignore,ʃe_44710235-cb36-41d3-88f87a88edc7df2c,sẽẽ_4a265a7c-06dc-406e-acbf-361618b09a42
ʃe,séh,sobrinho,?;ué!,ignore,ʃe_44710235-cb36-41d3-88f87a88edc7df2c,séh_35b0b0bd-4cdf-4e50-a69e-0effa539fc07
akə:,akã:,enterrado,descascar.fruta,ignore,akə:_46f2c675-ccd1-4908-8693cea8ae7dc036,akã:_b98e7e00-49af-471c-bb4a1cbc7265657e
do̰:b,t'õõm,japó,woven.traditional.backpack;panacu,ignore,do̰:b_47303514-3cb9-4b25-89cd865353c9646b,t&apos;õõm_6945fd07-f2f1-4af1-a00a-c25ab150e2a3
hɨ:h,hi:h,DEM,abelha,ignore,hɨ:h_4a6af09e-19e4-45b8-8276edcd7b1ff9,hi:h_66d26891-79d8-4e55-bd384345ac314077
nʌ,na,ainda,NEG;NEG,ignore,nʌ_4b7f5948-bdce-4500-aff6a4162c201a27,na_502c638d-8616-4812-b9667966da16815c
nʌ,na,ainda,come n.i.,ignore,nʌ_4b7f5948-bdce-4500-aff6a4162c201a27,na_fa915d92-ea88-4f0a-9cedef2f7a30fe8e
nʌ,nä,ainda,ainda,merge,nʌ_4b7f5948-bdce-4500-aff6a4162c201a27,nä1_4b7f5948-bdce-4500-aff6-a4162c201a26
bi:ʃ,piʃ,pipira,espremer mandioca,ignore,bi:ʃ_4e4766cf-1634-41cf-8f2b8a53fcce110e,piʃ_524d6575-0649-4173-b87cf1864f9b813a
pɔ̰̃:n,pɔ̰̃:d,andar enfileirado,espécie de trepadeira,ignore,pɔ̰̃:n_4efe0b96-672b-40ed-9e9749828ac4667d,pɔ̰̃:d_708f622c-e2c2-456a-a655df9b7f44ae2
pɔ̰̃:n,pɔ̰̃:d,andar enfileirado,peçonha,ignore,pɔ̰̃:n_4efe0b96-672b-40ed-9e9749828ac4667d,pɔ̰̃:d_ab0cfaae-c21c-4d6f-a26cb1212aa99937
na,na,NEG;NEG,come n.i.,ignore,na_502c638d-8616-4812-b9667966da16815c,na_fa915d92-ea88-4f0a-9cedef2f7a30fe8e
na,nä,NEG;NEG,ainda,ignore,na_502c638d-8616-4812-b9667966da16815c,nä1_4b7f5948-bdce-4500-aff6-a4162c201a26
wɛm,wɛ̃m,espécie de árvore,esticar,ignore,wɛm_505924e7-a7a4-4f83-97104453b3e9047e,wɛ̃m_d85377b8-bd2e-46c4-b056cf8c3e2a4e88
do:,do:,be (n.i. do),the.one,ignore,do:_53082cdc-d65b-4949-94043a47fd80f8b6,do:_8f96a134-db02-4580-a0d5599f0a181e2
do:,tu,be (n.i. do),esteio,ignore,do:_53082cdc-d65b-4949-94043a47fd80f8b6,tu_983b21ad-1243-49cf-850fb9211c029c38
do:,dɔ,be (n.i. do),ainda,ignore,do:_53082cdc-d65b-4949-94043a47fd80f8b6,dɔ_b34c70de-07c4-4851-930bb7d6ef30937d
do:,do:,be (n.i. do),take,ignore,do:_53082cdc-d65b-4949-94043a47fd80f8b6,do:_b37dc192-f0fc-4fc4-acf9e4423cdd81e2
do:,noo,be (n.i. do),mouth;boca,ignore,do:_53082cdc-d65b-4949-94043a47fd80f8b6,noo1_85e5d65c-81a9-43ba-8b05-e1d0cb3a0943
bu:j,boj,feitiço,pênis,ignore,bu:j_54613d00-08ea-44ed-b99659610ba3cac7,boj_c23a0ba2-7d0a-4ada-838e7864cf0a7b9d
ahõm,ahṵ̃:m,ir,subir.rio,ignore,ahõm_558e9afc-9ba2-4539-a7f64f97c105a801,ahṵ̃:m_7101b90d-ca9a-4580-9d2ad92b4ebe63d8
tɨŋ,tɨ:ŋ,support,assoalho,ignore,tɨŋ_5724ff6d-c354-4517-881fba3c003e92d3,tɨ:ŋ_e2b5fecf-076d-455e-afca70e5369e1d23
tɨŋ,t'ëëng,support,tapir;anta,ignore,tɨŋ_5724ff6d-c354-4517-881fba3c003e92d3,t&apos;ëëng_7fad6677-006f-46f7-991e-8fd6199e5d12
tɨŋ,tëëng,support,firewood;lenha,ignore,tɨŋ_5724ff6d-c354-4517-881fba3c003e92d3,tëëng1_973a6d9c-adec-4a58-98e0-2ac2c9961a59
buŋ,puh,mutuca,espuma,ignore,buŋ_5748fd7b-1d89-45b1-9f10c880f23bf816,puh_57bb72df-4cf6-4402-bd614bed152962c1
buŋ,bo:h,mutuca,mistura para coca,ignore,buŋ_5748fd7b-1d89-45b1-9f10c880f23bf816,bo:h_6a7b644a-7672-4290-94f54f812ad24773
buŋ,puh,mutuca,peixe.sp,ignore,buŋ_5748fd7b-1d89-45b1-9f10c880f23bf816,puh_e25be93c-0c6b-462c-8c1d846391d9cb7e
buŋ,boog,mutuca,bitter.manioc;maniva,ignore,buŋ_5748fd7b-1d89-45b1-9f10c880f23bf816,boog_62ca10cf-1f6b-4649-90fa-b022c5c34283
puh,bo:h,espuma,mistura para coca,ignore,puh_57bb72df-4cf6-4402-bd614bed152962c1,bo:h_6a7b644a-7672-4290-94f54f812ad24773
puh,puh,espuma,peixe.sp,ignore,puh_57bb72df-4cf6-4402-bd614bed152962c1,puh_e25be93c-0c6b-462c-8c1d846391d9cb7e
puh,pṵ:h,espuma,espécie de árvore,ignore,puh_57bb72df-4cf6-4402-bd614bed152962c1,pṵ:h_f3f47438-a4db-4f2e-96e195798984f94
puh,p’ooh,espuma,hot.pepper;pimenta,ignore,puh_57bb72df-4cf6-4402-bd614bed152962c1,p’ooh_8351b529-6dec-4374-bbcc-30b2cb59847d
ʃa:h,ʃa:h,sobrinho (pl ʃa̰ːh),be.hungry,ignore,ʃa:h_5b3da68a-6968-434c-b4b07f6f03dba96b,ʃa:h_6e02a210-1c01-428c-a1b3d6080453fb64
ʃa:h,ʃə:,sobrinho (pl ʃa̰ːh),camarão,ignore,ʃa:h_5b3da68a-6968-434c-b4b07f6f03dba96b,ʃə:_77981701-bff1-498b-a88bf2ff0d46a7a3
ʃa:h,sa,sobrinho (pl ʃa̰ːh),3PL.POSS;3PL.POSS,ignore,ʃa:h_5b3da68a-6968-434c-b4b07f6f03dba96b,ʃa_9258a56c-b681-4637-922dc15c3cc4d778
ʃa:h,tsʹaah,sobrinho (pl ʃa̰ːh),stingray;arraia,ignore,ʃa:h_5b3da68a-6968-434c-b4b07f6f03dba96b,tsʹaah_be6ef049-4a0b-4431-ade9-063237e7fde5
pa:h,pə:,passado,cobra.sp,ignore,pa:h_5d6b8726-aa64-4b93-9329884a1e4b1af9,pə:_8eeb53c7-1d25-48da-8b2d51f5314aa792
pa:h,bə:h,passado,suco,ignore,pa:h_5d6b8726-aa64-4b93-9329884a1e4b1af9,bə:h_962a8de8-7f65-4e60-b8a4c16d27943a33
pa:h,pã̰:,passado,devido,ignore,pa:h_5d6b8726-aa64-4b93-9329884a1e4b1af9,pã̰:_9fab38fa-5fc0-4ee4-b82ec53f098b21ad
pa:h,bëëh,passado,suco,ignore,pa:h_5d6b8726-aa64-4b93-9329884a1e4b1af9,bëëh_962a8de8-7f65-4e60-b8a4-c16d27943a32
pa:h,bëh,passado,2PL;2PL,ignore,pa:h_5d6b8726-aa64-4b93-9329884a1e4b1af9,bëh_59d8bf5a-dd20-44e8-b7a9-5081bab044ae
tä,tʌ̃h,food;comida,irmão.novo,ignore,tʌ_5ea024ce-8d5b-461c-ae9697daffe5dbb1,tʌ̃h_a7c9df87-679d-4f00-b9d6c15af816ae8f
bə̰:p,b'ëëp,Come.here!;Vem!,Come.here!;Vem!,merge,bə̰:p_61864f59-37ff-4169-92dcb8034e5db3e4,b&apos;ëëp_61864f59-37ff-4169-92dc-b8034e5db3e3
ko:k,ko:k,be.light (n.i. kog),arrancar (n.i. kog),ignore,ko:k_6a2444a1-51f9-429d-83ad2dbc45c37cc7,ko:k_82ddb37b-3544-4e8b-87c934ef6a494b60
bo:h,pɔ:,mistura para coca,nariz,ignore,bo:h_6a7b644a-7672-4290-94f54f812ad24773,pɔ:_abd72bf1-41ab-46d9-8ee89d92b5dc1616
bo:h,puh,mistura para coca,peixe.sp,ignore,bo:h_6a7b644a-7672-4290-94f54f812ad24773,puh_e25be93c-0c6b-462c-8c1d846391d9cb7e
bo:h,pṵ:h,mistura para coca,espécie de árvore,ignore,bo:h_6a7b644a-7672-4290-94f54f812ad24773,pṵ:h_f3f47438-a4db-4f2e-96e195798984f94
bo:h,p’ooh,mistura para coca,hot.pepper;pimenta,ignore,bo:h_6a7b644a-7672-4290-94f54f812ad24773,p’ooh_8351b529-6dec-4374-bbcc-30b2cb59847d
watu:r,watoor,macaco.sp,?;macaco.bicó,merge,watu:r_6c6d6af3-914f-4223-af5b893f529f5157,watoor_7c591ae2-72c2-4bc3-8498-908678de5333
wapad,mapa:d,piaba.fish;piaba,espécie de taioba,ignore,wapad_6d1f39e4-a447-4cba-b3ffb4b8f1eed9af,mapa:d_f3c7d2d0-2b4f-4816-989082193821aa5c
ʃa:h,ʃə:,be.hungry,camarão,ignore,ʃa:h_6e02a210-1c01-428c-a1b3d6080453fb64,ʃə:_77981701-bff1-498b-a88bf2ff0d46a7a3
ʃa:h,sa,be.hungry,3PL.POSS;3PL.POSS,ignore,ʃa:h_6e02a210-1c01-428c-a1b3d6080453fb64,ʃa_9258a56c-b681-4637-922dc15c3cc4d778
ʃa:h,tsʹaah,be.hungry,stingray;arraia,ignore,ʃa:h_6e02a210-1c01-428c-a1b3d6080453fb64,tsʹaah_be6ef049-4a0b-4431-ade9-063237e7fde5
jɔ̃:w,jo:m,matapi (espécie de armadilha),plantação; planta,ignore,jɔ̃:w_6ebd14c0-8179-41f0-ab5e4b513be56744,jo:m_eb5c00b0-2af8-40ce-b71faab109532ced
daruŋ,tarog,thunder;trovão,squirrel;serelepe,ignore,daruŋ_6eef50fb-81f8-4589-9a04d859e7d005ba,tarog_881c607c-3829-44af-929d-caa7a9a1c811
pɔ̰̃:d,pɔ̰̃:d,espécie de trepadeira,peçonha,ignore,pɔ̰̃:d_708f622c-e2c2-456a-a655df9b7f44ae2,pɔ̰̃:d_ab0cfaae-c21c-4d6f-a26cb1212aa99937
wawo̰:ʃ,waw'oos,caba.sp,caba.sp,merge,wawo̰:ʃ_713c2e49-683d-4b4c-b21acb6fbd07c006,waw&apos;oos_713c2e49-683d-4b4c-b21a-cb6fbd07c005
ɨm,ɨ̃:m,ficar,fear;ter.medo,ignore,ɨm_73d74d6f-08f3-463a-adc337a43c4c0787,ɨ̃:m_b7f8608c-1aaa-4014-b04d968cde2f7f88
ɨm,ỹỹm,ficar,esposa,ignore,ɨm_73d74d6f-08f3-463a-adc337a43c4c0787,ỹỹm1_c5454b3c-10c6-4bf4-936d-38c30dd989de
ɨh,ỹỹ,sleep n.i.,1sg;1sg,ignore,ɨh_75c83f39-6f85-4520-ac431d873a3fc10,ỹỹ_b5117bd5-2007-42dc-8931e60f4bb08b71
adʌk,atə:k,estar,arrumar,ignore,adʌk_774abf52-37f4-472c-9e05d6566bafdff,atə:k_e4926732-ea43-4a15-986d9d6de8130da3
ʃə:,cɨ:,camarão,pupunha,ignore,ʃə:_77981701-bff1-498b-a88bf2ff0d46a7a3,cɨ:_848fc074-d423-48a0-92ca90f8e8726e7f
ʃə:,sa,camarão,3PL.POSS;3PL.POSS,ignore,ʃə:_77981701-bff1-498b-a88bf2ff0d46a7a3,ʃa_9258a56c-b681-4637-922dc15c3cc4d778
mɨ:j,mɨ̰j,lar,perema,ignore,mɨ:j_79d22043-a50a-490e-92dc1dc765665622,mɨ̰j_7cd38671-1bfe-4dd7-99cc7339b1622ddd
mɨ:j,mỹỹj,lar,temporary.camp;acampamento.temporário,merge,mɨ:j_79d22043-a50a-490e-92dc1dc765665622,mỹỹj_dfe6e587-6395-4e95-992c-85a4d3e70bac
gada,ganä,esperar,appear;aparecer,ignore,gada_79da67ca-9ef7-4e25-99343fa80326f1e8,ganä_fa655317-0893-47e1-90dc-679be954cc94
ra:t,ra:d,lata,espécie de árvore,ignore,ra:t_7a8a7378-0ed1-4ee0-a3ca81703d09c2b0,ra:d_8bdb5180-2068-4a94-9105f4464640bb57
ʃe:h,sẽẽ,outro,caracaraí,ignore,ʃe:h_7ae1b6f3-336e-4130-bcf57e76f3853f43,sẽẽ_4a265a7c-06dc-406e-acbf-361618b09a42
ʃe:h,séh,outro,?;ué!,ignore,ʃe:h_7ae1b6f3-336e-4130-bcf57e76f3853f43,séh_35b0b0bd-4cdf-4e50-a69e-0effa539fc07
no: kena̰:k,noo ken'aak,like.food;gostar.de.comida,like.food;gostar.de.comida,merge,no: kena̰:k_7c184abd-1399-4ba0-b334a56f7ead37d,noo ken&apos;aak_7c184abd-1399-4ba0-b334-0a56f7ead37c
mɨ̰j,mỹỹj,perema,temporary.camp;acampamento.temporário,ignore,mɨ̰j_7cd38671-1bfe-4dd7-99cc7339b1622ddd,mỹỹj_dfe6e587-6395-4e95-992c-85a4d3e70bac
atə:h,adëë,estar.caindo,lean;encostar,ignore,atə:h_7e4715cc-02ed-41de-b7e86d2b30d174ce,adëë_d39b9583-3673-442f-8a80-19cb72795322
gə:t,g'aad,apertar,headwater;cabeçeira,ignore,gə:t_80dd9aea-7e89-4714-a295f1bddb8ebddb,g&apos;aad_ea94d6c7-c31e-417e-a17f-4f560dc6bffa
ɨd,ə:n,parte.baixa,mother,ignore,ɨd_81932843-b81d-48e9-988fc34c461ec696,ə:n_eb201827-9f6d-4018-a8dde4f259bf9839
ɨd,ëën,parte.baixa,mother.Voc;mãe.Voc,ignore,ɨd_81932843-b81d-48e9-988fc34c461ec696,ëën_fe7eb662-ab08-4960-beed-46e3474784d5
ɨd,yt,parte.baixa,under;embaixo.de,ignore,ɨd_81932843-b81d-48e9-988fc34c461ec696,yt_cd8fb829-67d8-4a04-a238-3aded439a29f
cɨ:,ʃḭ:,pupunha,beliscar (ʃiʔ inf; ʃḭːʔ n.i.),ignore,cɨ:_848fc074-d423-48a0-92ca90f8e8726e7f,ʃḭ:_87e2a37f-5fa9-4360-8557ae895c42d81f
wʌ:,wə:,espécie de árvore,mato caído,ignore,wʌ:_8959362b-3825-4848-9eba1c72cb36d5d5,wə:_9485bb49-c230-459f-b30e231a60b19151
wʌ:,wə,espécie de árvore,ao.lado,ignore,wʌ:_8959362b-3825-4848-9eba1c72cb36d5d5,wə_a802edee-a71f-41cf-b15a48d2cd10f3e6
wʌ:,ma,espécie de árvore,make,ignore,wʌ:_8959362b-3825-4848-9eba1c72cb36d5d5,ma_d9520bd1-d3cc-41e0-a4b4ca44534c821a
wʌ:,mäh,espécie de árvore,RPT;relatado (abreviação?),ignore,wʌ:_8959362b-3825-4848-9eba1c72cb36d5d5,mäh_63073248-c558-4fc1-8f4c-63527c9e11c7
ehõ:h,ehõ,lenha.queima.bem,amarrar,ignore,ehõ:h_8a64bc2d-367b-41f9-a4289949c286e20,ehõ_e8d832f6-e4fc-46b0-89fbc0b872c4030f
etə̰:h,etɨ:,cheio.de.brocas,pescar,ignore,etə̰:h_8b0c5455-57ba-4527-b221f5feb1dc4945,etɨ:_d3ed1004-2b4c-480f-85bc2da46c75a6b9
gʌ,gə:h,be.in.hammock;estar.na.rede,be.sweet,ignore,gʌ_8c3e9683-efa0-43fd-b2c67fb130828ae9,gə:h_94b140c8-32b8-4618-846e6d093fbdb67e
soo,ʃɔ̰:,woodpecker;pica-pau,estar sentado,ignore,ʃo:_8d4ce206-887a-448d-a7db8239d7cbecd0,ʃɔ̰:_8d669ad1-8a35-4d91-bda3160c4dbf2672
soo,cũ:,woodpecker;pica-pau,espécie de mutuca,ignore,ʃo:_8d4ce206-887a-448d-a7db8239d7cbecd0,cũ:_b1dac10d-56f1-43db-a0be8b6756973d9b
bʌ,pə:,na.frente,cobra.sp,ignore,bʌ_8df25412-204a-46bc-a7873ef67101e1ce,pə:_8eeb53c7-1d25-48da-8b2d51f5314aa792
bʌ,bə:h,na.frente,suco,ignore,bʌ_8df25412-204a-46bc-a7873ef67101e1ce,bə:h_962a8de8-7f65-4e60-b8a4c16d27943a33
bʌ,ma,na.frente,make,ignore,bʌ_8df25412-204a-46bc-a7873ef67101e1ce,ma_d9520bd1-d3cc-41e0-a4b4ca44534c821a
bʌ,bëëh,na.frente,suco,ignore,bʌ_8df25412-204a-46bc-a7873ef67101e1ce,bëëh_962a8de8-7f65-4e60-b8a4-c16d27943a32
bʌ,bëh,na.frente,2PL;2PL,ignore,bʌ_8df25412-204a-46bc-a7873ef67101e1ce,bëh_59d8bf5a-dd20-44e8-b7a9-5081bab044ae
bʌ,mäh,na.frente,RPT;relatado (abreviação?),ignore,bʌ_8df25412-204a-46bc-a7873ef67101e1ce,mäh_63073248-c558-4fc1-8f4c-63527c9e11c7
pə:,bə:h,cobra.sp,suco,ignore,pə:_8eeb53c7-1d25-48da-8b2d51f5314aa792,bə:h_962a8de8-7f65-4e60-b8a4c16d27943a33
pə:,pã̰:,cobra.sp,devido,ignore,pə:_8eeb53c7-1d25-48da-8b2d51f5314aa792,pã̰:_9fab38fa-5fc0-4ee4-b82ec53f098b21ad
pə:,bëëh,cobra.sp,suco,ignore,pə:_8eeb53c7-1d25-48da-8b2d51f5314aa792,bëëh_962a8de8-7f65-4e60-b8a4-c16d27943a32
pə:,bëh,cobra.sp,2PL;2PL,ignore,pə:_8eeb53c7-1d25-48da-8b2d51f5314aa792,bëh_59d8bf5a-dd20-44e8-b7a9-5081bab044ae
kaʃṵ:t,gaʃu:t,sofrer.miséria,tossir,ignore,kaʃṵ:t_8f5945ef-1d1b-4b9e-85343cf3147fa00a,gaʃu:t_9632a1a7-9906-4402-a57df36a3ae766f2
do:,tu,the.one,esteio,ignore,do:_8f96a134-db02-4580-a0d5599f0a181e2,tu_983b21ad-1243-49cf-850fb9211c029c38
do:,dɔ,the.one,ainda,ignore,do:_8f96a134-db02-4580-a0d5599f0a181e2,dɔ_b34c70de-07c4-4851-930bb7d6ef30937d
do:,do:,the.one,take,ignore,do:_8f96a134-db02-4580-a0d5599f0a181e2,do:_b37dc192-f0fc-4fc4-acf9e4423cdd81e2
do:,noo,the.one,mouth;boca,ignore,do:_8f96a134-db02-4580-a0d5599f0a181e2,noo1_85e5d65c-81a9-43ba-8b05-e1d0cb3a0943
ahɨŋ,ahỹỹh,descer,sing.bird;cantar.pássaro,ignore,ahɨŋ_93bb3cb3-59d5-4623-be9cd38df3e2842d,ahỹỹh_f733ec49-2377-44b4-8f60-a93e6a22ff4e
up,ub,INTS,INTS;INTS,merge,up_9453ebb2-95f3-4c63-99bef8fd8d157002,ub_73c90a3f-cfeb-471d-ae53-3c6573e4e5ec
wə:,wə,mato caído,ao.lado,ignore,wə:_9485bb49-c230-459f-b30e231a60b19151,wə_a802edee-a71f-41cf-b15a48d2cd10f3e6
wə:,ma,mato caído,make,ignore,wə:_9485bb49-c230-459f-b30e231a60b19151,ma_d9520bd1-d3cc-41e0-a4b4ca44534c821a
gə:h,kyyh,be.sweet,speech;fala,ignore,gə:h_94b140c8-32b8-4618-846e6d093fbdb67e,kyyh_abaed6a6-acab-4bad-9909-83f48cf3c884
bə:h,bëëh,suco,suco,merge,bə:h_962a8de8-7f65-4e60-b8a4c16d27943a33,bëëh_962a8de8-7f65-4e60-b8a4-c16d27943a32
bə:h,bëh,suco,2PL;2PL,ignore,bə:h_962a8de8-7f65-4e60-b8a4c16d27943a33,bëh_59d8bf5a-dd20-44e8-b7a9-5081bab044ae
bə:h,mäh,suco,RPT;relatado (abreviação?),ignore,bə:h_962a8de8-7f65-4e60-b8a4c16d27943a33,mäh_63073248-c558-4fc1-8f4c-63527c9e11c7
cug,co̰:g,espécie de planta,cipó.sp,ignore,cug_96302045-3340-4193-98f54d19048d0d49,co̰:g_9e1ed034-5c26-4a40-a9ed6952de801cd3
cug,sog,espécie de planta,niece;sobrinha,ignore,cug_96302045-3340-4193-98f54d19048d0d49,sog_80913b3d-28ba-4da4-8c82-93874db73850
bə:w,pə:w,espécie de cobra,espécie de árvore,ignore,bə:w_972164d7-37ea-414b-a588f329a9ce02f9,pə:w_afd1d56f-ca8f-4cca-9561cec36292ec9e
bə:w,paam,espécie de cobra,REMOT.PAST;PASS.REMOT,ignore,bə:w_972164d7-37ea-414b-a588f329a9ce02f9,paam_507b60c0-f8bd-4deb-87bd-f5e13faedf4a
bə:w,pyym,espécie de cobra,snake.poison;veneno.cobra,ignore,bə:w_972164d7-37ea-414b-a588f329a9ce02f9,pyym_48a754db-ea05-4440-bcad-eec33e19477e
tu,do:,esteio,take,ignore,tu_983b21ad-1243-49cf-850fb9211c029c38,do:_b37dc192-f0fc-4fc4-acf9e4423cdd81e2
tu,tũ,esteio,floor;ground,ignore,tu_983b21ad-1243-49cf-850fb9211c029c38,tũ_22152a27-e164-405e-b4b5-f3b9d7f6331d
wo:r,w'oor,espécie de árvore,owl;coruja,ignore,wo:r_987658fd-862d-4798-a95c5b4a299259c6,w&apos;oor_3430ca49-d3b7-4b34-bff7-96d27c9662e2
mana:,manäh,trazer,NEG.IMP;IMP.NEG,ignore,mana:_9d913c36-75d0-408c-a3f351b799cf6cf4,manäh_c495f6aa-c045-4ac5-93b7-4893ac314a2a
co̰:g,sog,cipó.sp,niece;sobrinha,ignore,co̰:g_9e1ed034-5c26-4a40-a9ed6952de801cd3,sog_80913b3d-28ba-4da4-8c82-93874db73850
wə,ma,ao.lado,make,ignore,wə_a802edee-a71f-41cf-b15a48d2cd10f3e6,ma_d9520bd1-d3cc-41e0-a4b4ca44534c821a
wə,mäh,ao.lado,RPT;relatado (abreviação?),ignore,wə_a802edee-a71f-41cf-b15a48d2cd10f3e6,mäh_63073248-c558-4fc1-8f4c-63527c9e11c7
ga̰:d hẽɲ,g'aad hẽnh,upriver;rio.acima,upriver;rio.acima,merge,ga̰:d hẽɲ_a823ec1b-7c9e-457a-8b307bd4fa76f089,g&apos;aad hẽnh_a823ec1b-7c9e-457a-8b30-7bd4fa76f088
adyyk,atə:k,beat.with.stick;bater.com.pau,arrumar,ignore,adɨ:k_a8313ccc-413c-4657-b4ef14f1259891a4,atə:k_e4926732-ea43-4a15-986d9d6de8130da3
ho:h,hɔ:h,fígado,virilha,ignore,ho:h_a8ed36ac-b900-49b9-962369d3aa0f1559,hɔ:h_f900068e-bcdb-4841-8547ba76b0bd11bf
is,its,alone;sozinho,DIM;DIM,ignore,iʃ_aabbc7a1-8b5c-4a46-a8f8348d31b31614,its_ba5295b1-91ab-47fa-aa47-63e8444af756
pɔ:,p’ooh,nariz,hot.pepper;pimenta,ignore,pɔ:_abd72bf1-41ab-46d9-8ee89d92b5dc1616,p’ooh_8351b529-6dec-4374-bbcc-30b2cb59847d
edah,edëng,estar.perto,greet;comprimentar,ignore,edah_ac55eff6-e4fa-45d2-a17d90446273b3f1,edëng_860a5da2-298a-4c6e-a638-812c28b0d9b4
pə:w,paam,espécie de árvore,REMOT.PAST;PASS.REMOT,ignore,pə:w_afd1d56f-ca8f-4cca-9561cec36292ec9e,paam_507b60c0-f8bd-4deb-87bd-f5e13faedf4a
pə:w,pyym,espécie de árvore,snake.poison;veneno.cobra,ignore,pə:w_afd1d56f-ca8f-4cca-9561cec36292ec9e,pyym_48a754db-ea05-4440-bcad-eec33e19477e
tɨ,tɨ:,rosto,fish,ignore,tɨ_aff14eee-a080-4359-931b8e0eba6379bb,tɨ:_e4e003b3-b87d-4e64-853a137ee8f53b30
tɨ,ti,rosto,and.then;então,ignore,tɨ_aff14eee-a080-4359-931b8e0eba6379bb,ti1_6e529536-55b7-49da-b65f-093cf90a0686
jʌh,jə:h,mira; alvo,return n.i.,ignore,jʌh_b0d8a76b-9203-4a28-8c7fec22668b2dc1,jə:h_d594696f-9f99-4a8a-bf42436ae849f0c6
jʌh,jəŋ,mira; alvo,sapo.sp,ignore,jʌh_b0d8a76b-9203-4a28-8c7fec22668b2dc1,jəŋ_df0ab2f6-c78d-4ce7-b9409f522b137faa
dɔ,do:,ainda,take,ignore,dɔ_b34c70de-07c4-4851-930bb7d6ef30937d,do:_b37dc192-f0fc-4fc4-acf9e4423cdd81e2
dɔ,noo,ainda,mouth;boca,ignore,dɔ_b34c70de-07c4-4851-930bb7d6ef30937d,noo1_85e5d65c-81a9-43ba-8b05-e1d0cb3a0943
do:,noo,take,mouth;boca,ignore,do:_b37dc192-f0fc-4fc4-acf9e4423cdd81e2,noo1_85e5d65c-81a9-43ba-8b05-e1d0cb3a0943
bu:k,boog,cipó.sp,bitter.manioc;maniva,ignore,bu:k_b60c8d12-f0b8-4e0c-a1aa9a794fc0ebcc,boog_62ca10cf-1f6b-4649-90fa-b022c5c34283
kʌn,kën,DM,INCHO;INCO,ignore,kʌn_b741c8ef-a073-4471-bcae5183a264d68,kën_6f5b9df8-599e-4700-8e19-161b33fa21a9
ɨ̃:m,ỹỹm,fear;ter.medo,esposa,ignore,ɨ̃:m_b7f8608c-1aaa-4014-b04d968cde2f7f88,ỹỹm1_c5454b3c-10c6-4bf4-936d-38c30dd989de
hahɨ̃:h,hahỹỹh,este,este,merge,hahɨ̃:h_c9b7d1df-1bb9-48d2-a71caf0fdd38ed71,hahỹỹh1_c9b7d1df-1bb9-48d2-a71c-af0fdd38ed70
benʌŋ,bedah,nascer,later;mais.tarde,ignore,benʌŋ_cc9d7f0b-5b7b-4bea-afb4a27edf0f81fd,bedah_3284c240-33c0-4005-86e4-1121b860752b
jɔ̃:p,jóp,japiim (espécie de ave),over;por.cima,ignore,jɔ̃:p_cd1b5ad6-d2f8-4f22-ac9f5ee86062d56,jóp_3058b354-3497-4b57-9fa9-605aaa741d02
jə:h,jəŋ,return n.i.,sapo.sp,ignore,jə:h_d594696f-9f99-4a8a-bf42436ae849f0c6,jəŋ_df0ab2f6-c78d-4ce7-b9409f522b137faa
jə:h,j'yy,return n.i.,son.Voc;filho.Voc,ignore,jə:h_d594696f-9f99-4a8a-bf42436ae849f0c6,j&apos;yy_dc5580cb-f66e-4333-9edc-7b10af35d72a
kujṵj,kuj'uuj,cujubim,cujubim,merge,kujṵj_d674eeda-bfa4-47b0-86d8ce128cfc5d93,kuj&apos;uuj_d674eeda-bfa4-47b0-86d8-ce128cfc5d92
wɨm,wɨ̰:m,quatipuru,siririca,ignore,wɨm_d70249ce-c638-4f54-9217c3728f3fc3e6,wɨ̰:m_eda10c90-25f4-4535-b7cf80e5d874e629
wɨm,wëëm,quatipuru,bat;morcego,ignore,wɨm_d70249ce-c638-4f54-9217c3728f3fc3e6,wëëm_990d5cb5-98be-420d-9662-a39d1662fc24
po̰:p,p'oop,trovão,up.high;no.alto,ignore,po̰:p_d7c15097-e7aa-466b-b75bf54b0e2625db,p&apos;oop_225f6321-c78f-4ebb-8e0a-cedffeee98c5
ma,bëh,make,2PL;2PL,ignore,ma_d9520bd1-d3cc-41e0-a4b4ca44534c821a,bëh_59d8bf5a-dd20-44e8-b7a9-5081bab044ae
ma,mäh,make,RPT;relatado (abreviação?),ignore,ma_d9520bd1-d3cc-41e0-a4b4ca44534c821a,mäh_63073248-c558-4fc1-8f4c-63527c9e11c7
he:n na̰:,heen n'aa,picture;foto,picture;foto,merge,he:n na̰:_e00ea0a4-a593-43c3-b339f3933a66bdcb,heen n&apos;aa_e00ea0a4-a593-43c3-b339-f3933a66bdca
puh,pṵ:h,peixe.sp,espécie de árvore,ignore,puh_e25be93c-0c6b-462c-8c1d846391d9cb7e,pṵ:h_f3f47438-a4db-4f2e-96e195798984f94
puh,p’ooh,peixe.sp,hot.pepper;pimenta,ignore,puh_e25be93c-0c6b-462c-8c1d846391d9cb7e,p’ooh_8351b529-6dec-4374-bbcc-30b2cb59847d
tɨ:ŋ,t'ëëng,assoalho,tapir;anta,ignore,tɨ:ŋ_e2b5fecf-076d-455e-afca70e5369e1d23,t&apos;ëëng_7fad6677-006f-46f7-991e-8fd6199e5d12
tɨ:ŋ,tëëng,assoalho,firewood;lenha,ignore,tɨ:ŋ_e2b5fecf-076d-455e-afca70e5369e1d23,tëëng1_973a6d9c-adec-4a58-98e0-2ac2c9961a59
tɨ:,ti,fish,and.then;então,ignore,tɨ:_e4e003b3-b87d-4e64-853a137ee8f53b30,ti1_6e529536-55b7-49da-b65f-093cf90a0686
bi:n,biin,treat n.i.,medicine;remédio,ask karol,bi:n_e6e5bae8-d2ad-412e-b701c994681eb9d6,biin1_b2e517bb-acfb-4a33-9270-f9596069cab5
badah,manäh,mais.tarde,NEG.IMP;IMP.NEG,ignore,badah_e82440f2-0d44-46ba-b8ba777dbf1a0eb4,manäh_c495f6aa-c045-4ac5-93b7-4893ac314a2a
badah,panang,mais.tarde,place;lugar,ignore,badah_e82440f2-0d44-46ba-b8ba777dbf1a0eb4,panang_9176ec12-a397-43ce-a22f-7d9f993e05b8
ehõ,ej,amarrar,all.right;tudo.bem,ignore,ehõ_e8d832f6-e4fc-46b0-89fbc0b872c4030f,ej_bb32a683-82cb-4f58-9c43-4bf0196986e9
ə:n,ëën,mother,mother.Voc;mãe.Voc,merge,ə:n_eb201827-9f6d-4018-a8dde4f259bf9839,ëën_fe7eb662-ab08-4960-beed-46e3474784d5
badɨ:k,panyyg,socar terra,story;história,ignore,badɨ:k_ec4b457c-f57d-40da-9afc1a28497674a1,panyyg1_b438b097-40f8-45db-98fc-91e5ba708d20
wɨ̰:m,wëëm,siririca,bat;morcego,ignore,wɨ̰:m_eda10c90-25f4-4535-b7cf80e5d874e629,wëëm_990d5cb5-98be-420d-9662-a39d1662fc24
pɛh,péh,tipo.de,tipo.de,merge,pɛh_ee911202-c9b9-436e-8f4e23aff9b0cbb7,péh_ee911202-c9b9-436e-8f4e-23aff9b0cbb6
pṵ:h,p’ooh,espécie de árvore,hot.pepper;pimenta,ignore,pṵ:h_f3f47438-a4db-4f2e-96e195798984f94,p’ooh_8351b529-6dec-4374-bbcc-30b2cb59847d
na,nä,come n.i.,ainda,ignore,na_fa915d92-ea88-4f0a-9cedef2f7a30fe8e,nä1_4b7f5948-bdce-4500-aff6-a4162c201a26
aʃək,asëëk,lavrar,go.up;subir,ignore,aʃək_fcd2a200-7c82-4ef6-8810d5f7c93bd8fd,asëëk_a66ea5e8-0c6b-4415-bf0f-ed7c04faaca2
bëëh,bëh,suco,2PL;2PL,ignore,bëëh_962a8de8-7f65-4e60-b8a4-c16d27943a32,bëh_59d8bf5a-dd20-44e8-b7a9-5081bab044ae
bëëh,mäh,suco,RPT;relatado (abreviação?),ignore,bëëh_962a8de8-7f65-4e60-b8a4-c16d27943a32,mäh_63073248-c558-4fc1-8f4c-63527c9e11c7
bëh,mäh,2PL;2PL,RPT;relatado (abreviação?),ignore,bëh_59d8bf5a-dd20-44e8-b7a9-5081bab044ae,mäh_63073248-c558-4fc1-8f4c-63527c9e11c7
e'ỹỹm,eỹỹm,scare;causar.medo,fear;ter.medo,ignore,e&apos;ỹỹm_f10c9014-71b7-47c5-94e5-6838e40da1fe,eỹỹm2_b7f8608c-1aaa-4014-b04d-968cde2f7f87
j'yy,ji,son.Voc;filho.Voc,one;a.gente,ignore,j&apos;yy_dc5580cb-f66e-4333-9edc-7b10af35d72a,ji_5c846915-d6fc-437b-8c7d-67cffc4f1362
kahũũm,kaoom,stretch;esticar,be.pierced;estar.espetado,ignore,kahũũm_edb14c07-f4e4-49ef-8e80-ffbedcf5072a,kaoom_4938a4e2-9691-4b61-b3a2-0233be15194f
t'ëëng,tëëng,tapir;anta,firewood;lenha,ignore,t&apos;ëëng_7fad6677-006f-46f7-991e-8fd6199e5d12,tëëng1_973a6d9c-adec-4a58-98e0-2ac2c9961a59
t'õõm,tõm,woven.traditional.backpack;panacu,drop;gota,ignore,t&apos;õõm_6945fd07-f2f1-4af1-a00a-c25ab150e2a3,tõm_9c34cae8-d703-4bd1-b57d-7a96c6a5281a
w'oo,wooh,back;costas,?;sapo.da.noite,ignore,w&apos;oo_a56a5c20-7c47-4248-b98b-44682b0b31f4,wooh_26bc7f23-fb0b-4d30-93e4-da9a7933066d
wahoo,waoo,?;terrero,weave.panacu;tecer.panacu,ignore,wahoo_13c033fc-79eb-4044-b6c6-fd313e1cc0fe,waoo_9a9f4eb3-a9cc-48b9-863c-f0127e90e24f
