entry_id,status,matches
noo hẽnh_02548d67-7403-4ae6-be8f-4064def13b13,delete from clean,"{'nʹoo hẽnh_02548d67-7403-4ae6-be8f-4064def13b13': ('nʹoo hẽnh', 0.9705882352941176)}"
ta h&apos;ëëb tym_084047b3-92cc-4c52-9e72-35d8fc26b60c,delete new?,"{'h’ëëb tym_e85dddba-34fd-4ea5-af27-e708019a241b': ('h’ëëb tym', 0.8571428571428571)}"
pan&apos;aa_09920e5c-4e7b-42e1-b949-ea77191bd8df,cartilha data; ignore,"{'panaar_5df6f1bc-f203-4ab8-a0c6-d9a93b1400f2': ('panaar', 0.875), 'pana̰:_167b4818-2852-44f2-aef766c8c4ba3c2e': ('pana̰:', 1.0)}"
gawëëj1_1029c2ef-cd3b-4bc9-8838-8dc00dd5d4a2,cartilha data; ignore,"{'gawëëj_1029c2ef-cd3b-4bc9-8838-8dc00dd5d4a2': ('gawëëj', 1.0), 'awëëj_8ff17ad3-9807-456b-bb12-d3247732d93d': ('awëëj', 0.9090909090909091)}"
jawäk_11b99d8c-9b68-4e6b-869d-e3530425e72b,delete from clean,"{'jawëk_11b99d8c-9b68-4e6b-869d-e3530425e72b': ('jawëk', 0.9)}"
ah&apos;ỹỹh_135b490e-7cf7-4eff-8dca-45dfe71ddf22,delete new,"{'ahʹỹỹ_014da936-e5cd-4990-ada4-17cbaa8a737a': ('ahʹỹỹ', 0.9615384615384616), 'ahʹỹỹh_135b490e-7cf7-4eff-8dca-45dfe71ddf22': ('ahʹỹỹh', 1.0), 'ahyy2_1fa33a5c-430d-45ea-8091-b77ec8ca00d2': ('ahyy', 0.8636363636363636), 'ahyh_2ff28388-2e02-4fbd-b9cd-d074c4addb71': ('ahyh', 0.8636363636363636), 'ahyy1_61e60646-ec61-45fe-ad25-484258f826ec': ('ahyy', 0.8636363636363636), 'ahyyh1_7491ca4e-d841-47c4-9f9e-cfc66b856aa8': ('ahyyh', 0.9166666666666666), 'ahyyh2_a4db2ba4-29b1-42d6-ba71-d03347f7bf88': ('ahyyh', 0.9166666666666666), 'aỹỹh_c99a1e11-f4d3-4fbd-b8e4-ef98dc3ac38b': ('aỹỹh', 0.9166666666666666), 'aɨ̃:_19e218c6-b4ae-40c8-b4d6d7227c76b973': ('aɨ̃:', 0.8636363636363636), 'ahɨ̰̃:t_bc76a4f6-6266-4537-88b92837a102a9e2': ('ahɨ̰̃:t', 0.8928571428571429), 'hahɨ̃:h_c9b7d1df-1bb9-48d2-a71caf0fdd38ed71': ('hahɨ̃:h', 0.8928571428571429), 'hɨ̃:h_e2aac6ce-87d1-4108-851938b7d7501b1b': ('hɨ̃:h', 0.875), 'ahɨ̃:h_f733ec49-2377-44b4-8f60a93e6a22ff4f': ('ahɨ̃:h', 0.9615384615384616)}"
ër_139ca9bb-450f-4124-8497-3fa5f304fa62,delete from clean,"{'ëër_139ca9bb-450f-4124-8497-3fa5f304fa62': ('ëër', 0.9)}"
h&apos;ëëb_13ea1f78-fc9e-4be4-b1b9-81ad0d92566c,delete new,"{'h’ëëb_2d2a4415-053e-4b4e-bf26-6a3fb35e5a49': ('h’ëëb', 1.0)}"
panʹaa_167b4818-2852-44f2-aef7-66c8c4ba3c2d,delete from clean,"{'panaar_5df6f1bc-f203-4ab8-a0c6-d9a93b1400f2': ('panaar', 0.875), 'pana̰:_167b4818-2852-44f2-aef766c8c4ba3c2e': ('pana̰:', 1.0)}"
tpéh_185742c8-a9c5-4745-b66a-a8f4f48aaf5c,delete new,"{'pɛh_ee911202-c9b9-436e-8f4e23aff9b0cbb7': ('pɛh', 0.8571428571428571)}"
t&apos;õp_1895b435-ca91-4f37-9a89-e0f3d223f89a,delete from clean,"{'tɔ̰̃p_f5d2c6fc-7483-4978-a80f1a12a7d69427': ('tɔ̰̃p', 0.9)}"
mame_1a267230-fb27-4cf5-b2e1-0ba438da4a70,delete from clean,"{'mamec_1a267230-fb27-4cf5-b2e1ba438da4a71': ('mamec', 0.8888888888888888)}"
éj2_1a421705-bdf9-45d8-97f2-be8d9f17014e,delete new,"{'ɛ:j_71537484-6042-45a2-b10be64b182d75f': ('ɛ:j', 0.9)}"
janati_1bd7a005-8171-46fd-a65d-69898076947f,delete from clean,"{'janati1_1bd7a005-8171-46fd-a65d-69898076947f': ('janati', 1.0), 'janati2_44596d86-91ab-40aa-bd2d-c32eead8c0bf': ('janati', 1.0)}"
kajaa_1c493ee0-7a31-4402-8d70-91241eca359f,keep all?,"{'kaja_661cf15c-fe73-4d92-997c-a7572c531f9b': ('kaja', 0.9444444444444444), 'kajah_384cf412-8cb1-41f6-b481a718b693ffdd': ('kajah', 0.9), 'kaja:_83922ee0-946f-468f-b13dbdba82d957bb': ('kaja:', 1.0)}"
seeh_1cfd2a36-ecf9-42a1-8bdc-2975ec83305d,delete from clean,"{'seeh2_1cfd2a36-ecf9-42a1-8bdc-2975ec83305d': ('seeh', 1.0), 'ʃe:h_7ae1b6f3-336e-4130-bcf57e76f3853f43': ('ʃe:h', 1.0)}"
tũ_22152a27-e164-405e-b4b5-f3b9d7f6331d,delete from clean,"{'tũ:_22152a27-e164-405e-b4b5f3b9d7f6331e': ('tũ:', 0.9285714285714286)}"
p&apos;oop_225f6321-c78f-4ebb-8e0a-cedffeee98c5,,"{'po̰ːp1_1182e1e7-7fef-49b6-bd48-861b4aa4f92c': ('po̰ːp', 1.0), 'po̰p_663cf027-4684-4541-a231ff7dea821110': ('po̰p', 0.9444444444444444), 'po̰:p_d7c15097-e7aa-466b-b75bf54b0e2625db': ('po̰:p', 1.0)}"
wahëëh_233ad789-3208-49b8-8e54-1820303e0fd2,,"{'waëë_860ebf6f-0614-4d29-b3a5-bc6d391c2301': ('waëë', 0.9), 'ahëëh_f552375d-10e3-4742-a485-933874754632': ('ahëëh', 0.9090909090909091)}"
wooh_26bc7f23-fb0b-4d30-93e4-da9a7933066d,,"{'mooh1_f3b52f1a-d90c-47a3-a82e-0f14c1209ae3': ('mooh', 0.875), 'wo̰:_7129100e-d981-4dd4-bc481b86037bb2d5': ('wo̰:', 0.875)}"
nyy2_2a616b2b-369a-4c2f-96a4-fed147510a78,,"{'nyy_643d5c8a-5d5e-45f2-8593-948d3196fec9': ('nyy', 1.0), 'nɨ:h_2eb06a57-667e-43a7-a53b9905edcdca90': ('nɨ:h', 0.9285714285714286)}"
p&apos;op_2eeab430-b6af-4141-908e-616e5844e507,,"{'po̰ːp1_1182e1e7-7fef-49b6-bd48-861b4aa4f92c': ('po̰ːp', 0.9444444444444444), 'po̰p_663cf027-4684-4541-a231ff7dea821110': ('po̰p', 1.0), 'po̰:p_d7c15097-e7aa-466b-b75bf54b0e2625db': ('po̰:p', 0.9444444444444444)}"
h&apos;yyb_2f99908e-413c-4ac4-a8ab-9594aa555c1d,,"{'h’ëëb_2d2a4415-053e-4b4e-bf26-6a3fb35e5a49': ('h’ëëb', 0.9), 'hɨ̰̃:b_13495014-5582-4f05-84fc3cb0ed8b0ed3': ('hɨ̰̃:b', 0.9545454545454546), 'hɨ̰̃:b_619d57b3-8d4b-4700-b236f85239dd9577': ('hɨ̰̃:b', 0.9545454545454546)}"
jóp_3058b354-3497-4b57-9fa9-605aaa741d02,,"{'jɔ̃ːp2_c56ce826-50e3-4f9b-aef4-29cd0e65913e': ('jɔ̃ːp', 0.875), 'jɔ̃:p_cd1b5ad6-d2f8-4f22-ac9f5ee86062d56': ('jɔ̃:p', 0.875)}"
r&apos;ood_31ad6b1c-e5ca-4f2c-b2cb-59c7c5ebb15c,,"{'ro̰:d_4acc9cdb-de0b-4f94-b9e3ebe14eadfa08': ('ro̰:d', 1.0)}"
sẽẽj_31d20726-ce1f-4f98-a01d-4dabbd5a7721,,"{'sẽẽj2_31d20726-ce1f-4f98-a01d-4dabbd5a7721': ('sẽẽj', 1.0)}"
nadëp_327fc9f7-ee23-4503-bfa4-af3406fd1684,,"{'nadëb1_64797e4a-07d3-4f0b-a899-0a27e395ea25': ('nadëb', 0.9)}"
bedah_3284c240-33c0-4005-86e4-1121b860752b,,"{'edah_ac55eff6-e4fa-45d2-a17d90446273b3f1': ('edah', 0.8888888888888888)}"
w&apos;oor_3430ca49-d3b7-4b34-bff7-96d27c9662e2,,"{'w’oor_3430ca49-d3b7-4b34-bff7-96d27c9662e2': ('w’oor', 1.0), 'wo̰ːɾ2_d7b314a9-7a00-477f-803e-70d2b5f9eef0': ('wo̰ːɾ', 1.0), 'wo̰:_7129100e-d981-4dd4-bc481b86037bb2d5': ('wo̰:', 0.8888888888888888), 'wo:r_987658fd-862d-4798-a95c5b4a299259c6': ('wo:r', 0.9444444444444444)}"
hen n&apos;aa_3500dbaa-46d3-4f60-862d-cd481eb4521e,,"{'he:n na̰:_e00ea0a4-a593-43c3-b339f3933a66bdcb': ('he:n na̰:', 0.9705882352941176)}"
tëëng2_35605a07-6b58-44e8-99f9-29cff15e2bad,,"{'t’ëëng_7fad6677-006f-46f7-991e-8fd6199e5d12': ('t’ëëng', 0.9444444444444444), 'tëëg_b227568f-8dc2-4857-96ad-54678f3975b5': ('tëëg', 0.875), 'tɨ:ŋ_e2b5fecf-076d-455e-afca70e5369e1d23': ('tɨ:ŋ', 0.875)}"
ah&apos;ook_35fa4e5d-3c45-485c-86fc-f0fe63c0413f,,"{'mahʹõõk_539045c3-27c3-4505-bfd8-c07905439195': ('mahʹõõk', 0.8928571428571429), 'ahoog_86909127-d6a9-47da-afae-0e5865240388': ('ahoog', 0.8636363636363636), 'aho̰:k_35fa4e5d-3c45-485c-86fcf0fe63c04140': ('aho̰:k', 1.0)}"
hawät3_38021475-4b06-4fbf-89f0-bfdce2e8beed,,"{'awät_94af7d8a-ba5e-4b2b-9ef7-cfa69923b978': ('awät', 0.8888888888888888), 'hawʌt_ee5984fe-4b74-4ff7-994be1c68e1486b7': ('hawʌt', 1.0)}"
hewooj_397db076-cf3b-4301-9885-681cbbd2ec19,,"{'hewo:ɲ_397db076-cf3b-4301-9885681cbbd2ec1a': ('hewo:ɲ', 0.9166666666666666)}"
p&apos;õõd_3c008e5f-3857-4929-be3f-61619adf7862,,"{'põ̰:d_10e5af7f-29aa-4fa9-82c98ab0dadec297': ('põ̰:d', 1.0), 'pɔ̰̃:d_708f622c-e2c2-456a-a655df9b7f44ae2': ('pɔ̰̃:d', 0.9166666666666666), 'pɔ̰̃:d_ab0cfaae-c21c-4d6f-a26cb1212aa99937': ('pɔ̰̃:d', 0.9166666666666666)}"
hawät2_3d56498e-1714-4d02-8a5b-f5e0c8b83b18,,"{'awät_94af7d8a-ba5e-4b2b-9ef7-cfa69923b978': ('awät', 0.8888888888888888), 'hawʌt_ee5984fe-4b74-4ff7-994be1c68e1486b7': ('hawʌt', 1.0)}"
ma&apos;ëëts_401e55d0-b859-4ce4-b1bc-350692fd76a2,,"{'maëts_401e55d0-b859-4ce4-b1bc-350692fd76a2': ('maëts', 0.9)}"
doo5_41f16ef0-fc1b-41c2-a6f2-af2c7356d1c9,,"{'dooh1_3ce71fc8-bcb6-49e2-aecf-4bba9da31ed4': ('dooh', 0.9285714285714286), 'doːh2_f09ac595-bfa8-49ef-8682-d9715ae4591b': ('doːh', 0.9285714285714286), 'do_fd9bc761-cadc-4cb2-8af8-d271ab95e039': ('do', 0.9), 'adoo _ffb10994-9087-43c5-a1e5-3f3380e7547a': ('adoo', 0.8571428571428571), 'do:_53082cdc-d65b-4949-94043a47fd80f8b6': ('do:', 1.0), 'do:_8f96a134-db02-4580-a0d5599f0a181e2': ('do:', 1.0), 'do:_96f3879f-cf4c-469d-ac464a89f9d8374e': ('do:', 1.0), 'do:_b37dc192-f0fc-4fc4-acf9e4423cdd81e2': ('do:', 1.0)}"
ỹ2_44326e66-729c-4ee4-bb17-3fab46c26650,,"{'ỹỹ3_1fab850f-da95-4fff-8e60-596d84365d2f': ('ỹỹ', 0.9), 'ỹỹ1_69bb7e8c-5cfd-44b4-ae68-52a804cc60ed': ('ỹỹ', 0.9), 'ỹ_acdb0c0b-2c0f-454f-91d1-eea4498bebf7': ('ỹ', 1.0), 'ɨ̃:_940740bd-e5dd-4023-b3e383d09a805728': ('ɨ̃:', 0.9)}"
pyym_48a754db-ea05-4440-bcad-eec33e19477e,,"{'p’yym1_c58f3f30-b24e-49b3-89c7-a8dbbcc5fc5b': ('p’yym', 0.9444444444444444)}"
p&apos;ooj_48aff069-4380-4bd8-9798-ba08efaa4c7d,,"{'po̰:_1a344c25-1fe2-4d38-87cea679b8b74d31': ('po̰:', 0.8888888888888888)}"
sẽẽ_4a265a7c-06dc-406e-acbf-361618b09a42,,"{'seeh2_1cfd2a36-ecf9-42a1-8bdc-2975ec83305d': ('seeh', 0.875), 'sẽẽj2_31d20726-ce1f-4f98-a01d-4dabbd5a7721': ('sẽẽj', 0.8888888888888888), 'ʃe:h_7ae1b6f3-336e-4130-bcf57e76f3853f43': ('ʃe:h', 0.875)}"
nä1_4b7f5948-bdce-4500-aff6-a4162c201a26,,"{'nʌ_4b7f5948-bdce-4500-aff6a4162c201a27': ('nʌ', 1.0)}"
tón2_4d78c40b-dc3b-49b4-94e7-e7eead74ebae,,"{'atɔn_bc968ce0-9509-4ec9-b8d1a524b3bef357': ('atɔn', 0.8571428571428571)}"
paam_507b60c0-f8bd-4deb-87bd-f5e13faedf4a,,"{'paa_2087aff1-e889-4f5e-981c-e1f275c4e308': ('paa', 0.8571428571428571)}"
kas&apos;aag_523b72bb-98b3-4577-99d1-32895c155098,,"{'kas’aag_1174c294-d1e6-4e74-8fae-7bf655663f34': ('kas’aag', 1.0)}"
heg&apos;ããs_52bb2a30-8b95-493c-a434-90c1fd883149,,"{'heg’ããs_701ede49-6082-49ba-9bb8-839bb0f857e8': ('heg’ããs', 1.0), 'hegã:_42931715-9a8f-4865-830c5c56430ab5a7': ('hegã:', 0.8928571428571429), 'hagã̰:ʃ_4d9901f6-f587-460a-86b1a99f9948abdb': ('hagã̰:ʃ', 0.875)}"
ejä_532c594b-61f9-462e-a732-752bf0736a08,,"{'ejäm_617a8588-a4c9-4f09-9bac-7006c8e84e31': ('ejäm', 0.8571428571428571)}"
hawät4_54c34f11-38da-42ad-bbea-ba9bc67ea772,,"{'awät_94af7d8a-ba5e-4b2b-9ef7-cfa69923b978': ('awät', 0.8888888888888888), 'hawʌt_ee5984fe-4b74-4ff7-994be1c68e1486b7': ('hawʌt', 1.0)}"
marahuud_579cf0f2-5521-4f7c-8650-e9e7775a6a6d,,"{'marahud_579cf0f2-5521-4f7c-8650-e9e7775a6a6d': ('marahud', 0.9666666666666667), 'maɾahuːd1_679546ee-b5b5-4815-a4dd-08862405b791': ('maɾahuːd', 1.0), 'marahud_be32a4cd-3200-41a9-bd5c98c7e9a363c4': ('marahud', 0.9666666666666667), 'marahu:d_ef1c8465-a5e4-4269-b0ee40fed97f627c': ('marahu:d', 1.0)}"
bëh_59d8bf5a-dd20-44e8-b7a9-5081bab044ae,,"{'bëëh2_59d8bf5a-dd20-44e8-b7a9-5081bab044ae': ('bëëh', 0.9285714285714286), 'bə:h_962a8de8-7f65-4e60-b8a4c16d27943a33': ('bə:h', 0.9285714285714286)}"
kyy_59de41e9-b105-4c69-a886-a5bb65ba9afd,,"{'kɨ:h_abaed6a6-acab-4bad-990983f48cf3c885': ('kɨ:h', 0.9285714285714286)}"
sëëk_5e93b904-f881-49c4-9fdf-44fd821acf23,,"{'asëëk_a66ea5e8-0c6b-4415-bf0f-ed7c04faaca2': ('asëëk', 0.8888888888888888), 'ʃə:_77981701-bff1-498b-a88bf2ff0d46a7a3': ('ʃə:', 0.8571428571428571)}"
hyb n&apos;aa_5ef1ef1c-464b-45e0-b875-d2a39c507c2f,,"{'həbna̰:_cb31e5a8-cf19-4967-8c75ed31937289da': ('həbna̰:', 0.8666666666666667), 'hɨb na̰:_f36368e5-54f1-4cad-87fd7c40436bda70': ('hɨb na̰:', 1.0)}"
ab&apos;ëëh_61005ddd-f254-40c6-b2cd-2f1a0e5ce7b4,,"{'dabëëh_01834ee1-a032-4bfb-8827-07f2ace9c99f': ('dabëëh', 0.875), 'abaah_3bf47a35-c68f-4f2b-ae4a-3d5fbfc00be2': ('abaah', 0.8636363636363636), 'apëëh_6a9e3b06-de1f-422d-a058-053dfc248b66': ('apëëh', 0.8636363636363636), 'abëëh_6e59c75d-2c2e-434c-b175-579c2363b6c5': ('abëëh', 0.9545454545454546), 'kabʹëë_9688ec88-f529-4209-8733-51b35e8edfce': ('kabʹëë', 0.875), 'abə̰:h_61005ddd-f254-40c6-b2cd2f1a0e5ce7b5': ('abə̰:h', 1.0)}"
b&apos;ëëp_61864f59-37ff-4169-92dc-b8034e5db3e3,,"{'bə̰:p_61864f59-37ff-4169-92dcb8034e5db3e4': ('bə̰:p', 1.0)}"
aanh_62913159-562d-47ef-be16-d31135de400e,,"{'ʔãːɲ1_11011f18-2e56-4f47-9a70-615f7235c757': ('ʔãːɲ', 0.9285714285714286), 'ã:ɲ_9bc7cbd8-5d64-4c37-973ffcde6b72cd61': ('ã:ɲ', 0.9285714285714286)}"
boog_62ca10cf-1f6b-4649-90fa-b022c5c34283,,"{'boog1_62ca10cf-1f6b-4649-90fa-b022c5c34283': ('boog', 1.0)}"
nyy1_643d5c8a-5d5e-45f2-8593-948d3196fec9,,"{'nyy_643d5c8a-5d5e-45f2-8593-948d3196fec9': ('nyy', 1.0), 'nɨ:h_2eb06a57-667e-43a7-a53b9905edcdca90': ('nɨ:h', 0.9285714285714286)}"
akaja_661cf15c-fe73-4d92-997c-a7572c531f9b,,"{'kaja_661cf15c-fe73-4d92-997c-a7572c531f9b': ('kaja', 0.8888888888888888)}"
nyyts_6764351b-0ba4-40fa-a5e6-97cb0ce7b83f,,"{'nyy_643d5c8a-5d5e-45f2-8593-948d3196fec9': ('nyy', 0.8571428571428571)}"
t&apos;õõm_6945fd07-f2f1-4af1-a00a-c25ab150e2a3,,"{'t’õõm_3cdcf804-ed94-4d32-8388-d8ed3cf4b239': ('t’õõm', 1.0), 'tɔ̰̃ːm2_f647e473-9fc9-480b-8c69-61c9bb1a68d5': ('tɔ̰̃ːm', 0.9166666666666666), 'tɔ̰̃:m_d95571f5-ea34-4361-bbc3460b2723ced7': ('tɔ̰̃:m', 0.9166666666666666)}"
gãã_6a465dca-9d3c-48a7-b70a-23b463f0896c,,"{'ga:h_a3c75190-8a05-4f88-928ab902d20e8ad1': ('ga:h', 0.875)}"
puud_6aac88b8-8517-4460-9bb1-0a8642d54dab,,"{'pud_bc1dd6d3-4e78-41a7-888f-9200c232f3bc': ('pud', 0.9285714285714286)}"
ba1_6b7a5021-dce2-4c28-9d18-c59209596756,,"{'ba_6b7a5021-dce2-4c28-9d18c59209596757': ('ba', 1.0)}"
jõ_6bd57da2-d0d4-485e-99cf-70d3bfdd204b,,"{'jõŋ_35e20f56-2cd9-4561-a9a450ff279c8974': ('jõŋ', 0.8571428571428571)}"
tug1_6c751529-23ec-405f-bec2-ac9a1cd2a826,,"{'tug_6c751529-23ec-405f-bec2ac9a1cd2a827': ('tug', 1.0)}"
ỹỹm2_6df4a3ea-6f27-4a2f-b09a-82cb9d62d1a3,,"{'ỹỹ3_1fab850f-da95-4fff-8e60-596d84365d2f': ('ỹỹ', 0.8571428571428571), 'ỹỹ1_69bb7e8c-5cfd-44b4-ae68-52a804cc60ed': ('ỹỹ', 0.8571428571428571), 'mỹỹm_97557290-0196-462e-8057-e1ef84dc9ee7': ('mỹỹm', 0.8888888888888888), 'ỹỹm3_be33ca3b-f6a1-4066-b50a-97e305ec90bb': ('ỹỹm', 1.0), 'eỹỹm_db33bb76-0902-4cd5-a8db-eb1f7bdaefba': ('eỹỹm', 0.8888888888888888), 'ɨ̃:_940740bd-e5dd-4023-b3e383d09a805728': ('ɨ̃:', 0.8571428571428571), 'ɨ̃:m_b7f8608c-1aaa-4014-b04d968cde2f7f88': ('ɨ̃:m', 1.0)}"
ti1_6e529536-55b7-49da-b65f-093cf90a0686,,"{'tii2_d3db1b0f-4558-4e63-94dc-a2d6b0d31def': ('tii', 0.9)}"
ah&apos;ũũm_7101b90d-ca9a-4580-9d2a-d92b4ebe63d7,,"{'ahũũm_c1aba4f1-8144-4560-a16e-b9f106f47381': ('ahũũm', 0.9615384615384616), 'tahũ:m_480edbaa-0ba8-4eae-968e71ba5dbe2439': ('tahũ:m', 0.8928571428571429), 'ahṵ̃:m_7101b90d-ca9a-4580-9d2ad92b4ebe63d8': ('ahṵ̃:m', 1.0)}"
waw&apos;oos_713c2e49-683d-4b4c-b21a-cb6fbd07c005,,"{'wawo̰:ʃ_713c2e49-683d-4b4c-b21acb6fbd07c006': ('wawo̰:ʃ', 1.0)}"
doo6_71c71e5c-3cfb-4726-91ff-2548014eb29d,,"{'dooh1_3ce71fc8-bcb6-49e2-aecf-4bba9da31ed4': ('dooh', 0.9285714285714286), 'doːh2_f09ac595-bfa8-49ef-8682-d9715ae4591b': ('doːh', 0.9285714285714286), 'do_fd9bc761-cadc-4cb2-8af8-d271ab95e039': ('do', 0.9), 'adoo _ffb10994-9087-43c5-a1e5-3f3380e7547a': ('adoo', 0.8571428571428571), 'do:_53082cdc-d65b-4949-94043a47fd80f8b6': ('do:', 1.0), 'do:_8f96a134-db02-4580-a0d5599f0a181e2': ('do:', 1.0), 'do:_96f3879f-cf4c-469d-ac464a89f9d8374e': ('do:', 1.0), 'do:_b37dc192-f0fc-4fc4-acf9e4423cdd81e2': ('do:', 1.0)}"
ub_73c90a3f-cfeb-471d-ae53-3c6573e4e5ec,,"{'ub_b2935fa1-6836-45aa-91fb-4b6f277f70dc': ('ub', 1.0)}"
nuu k’ëë_740bd66c-bce6-41f0-b0db-badc43e94128,,"{'nu k’ëë_740bd66c-bce6-41f0-b0db-badc43e94128': ('nu k’ëë', 0.9666666666666667)}"
noo ken&apos;aak_7c184abd-1399-4ba0-b334-0a56f7ead37c,,"{'no: kena̰:k_7c184abd-1399-4ba0-b334a56f7ead37d': ('no: kena̰:k', 1.0)}"
watoor_7c591ae2-72c2-4bc3-8498-908678de5333,,"{'watu:r_6c6d6af3-914f-4223-af5b893f529f5157': ('watu:r', 0.9166666666666666)}"
maj’ëeh_7d9b566b-8897-43aa-aa2c-44c3136b2409,,"{'maj’ëe_7d9b566b-8897-43aa-aa2c-44c3136b2409': ('maj’ëe', 0.9615384615384616)}"
betaah_7de9cdb6-21a2-4589-b03b-bcb220a50f31,,"{'bet’ëëh_ca922974-ef94-4898-9d91-2105dc5d6641': ('bet’ëëh', 0.8846153846153846)}"
t&apos;ëëng_7fad6677-006f-46f7-991e-8fd6199e5d12,,"{'t’ëëng_7fad6677-006f-46f7-991e-8fd6199e5d12': ('t’ëëng', 1.0)}"
sog_80913b3d-28ba-4da4-8c82-93874db73850,,"{'esog_0ff17dda-0edb-4fab-8d80-c392c7dffd46': ('esog', 0.8571428571428571), 'soog_249fa31d-fe1c-46ef-a586-8da434b2d806': ('soog', 0.9285714285714286), 'asog_87882610-dbd6-4886-8420-10e5264fbfd6': ('asog', 0.8571428571428571)}"
er&apos;oot_81505d8b-502c-4d66-9426-705065ef703a,,"{'her’oot_fcd85a56-cfb3-4e88-b636-3a81739ffd26': ('her’oot', 0.9230769230769231), 'hero̰:t_d42677cf-1d23-49c3-b1ed1d7c4b59b99d': ('hero̰:t', 0.9230769230769231)}"
maɾakaaw_81a4f1d6-0f63-4473-8154-e6377deca3a7,,"{'maraka(:)w_81a4f1d6-0f63-4473-8154e6377deca3a8': ('maraka(:)w', 0.8888888888888888)}"
wabëëh_824e379b-cebb-40ff-b394-d82d94ca0ba4,,"{'abëëh_6e59c75d-2c2e-434c-b175-579c2363b6c5': ('abëëh', 0.9090909090909091), 'abə̰:h_61005ddd-f254-40c6-b2cd2f1a0e5ce7b5': ('abə̰:h', 0.875)}"
p’ooh_8351b529-6dec-4374-bbcc-30b2cb59847d,,"{'p’ooh1_8351b529-6dec-4374-bbcc-30b2cb59847d': ('p’ooh', 1.0), 'pooh_bdd27c96-ea96-4676-845e-c97461c4e435': ('pooh', 0.9444444444444444), 'po̰:h_0978090e-f818-4a26-b58cf420dbef4260': ('po̰:h', 1.0), 'po̰:_1a344c25-1fe2-4d38-87cea679b8b74d31': ('po̰:', 0.9444444444444444), 'pṵ:h_f3f47438-a4db-4f2e-96e195798984f94': ('pṵ:h', 0.9)}"
akajaa_83922ee0-946f-468f-b13d-bdba82d957ba,,"{'kaja:_83922ee0-946f-468f-b13dbdba82d957bb': ('kaja:', 0.9090909090909091)}"
noo1_85e5d65c-81a9-43ba-8b05-e1d0cb3a0943,,"{'no_46a5426d-16d2-4497-8aa0-73500cd7308c': ('no', 0.9), 'nooh_85e5d65c-81a9-43ba-8b05-e1d0cb3a0943': ('nooh', 0.9285714285714286), 'no̰:_4b7dce3a-006c-458c-ba0cbb5e1c53defe': ('no̰:', 0.9285714285714286)}"
p&apos;ëëts hẽ_861f321d-8e0a-420b-ade0-944ee4181915,,"{'p’eets hẽ_861f321d-8e0a-420b-ade0-944ee4181915': ('p’eets hẽ', 0.8888888888888888)}"
bä3_87d8763d-27a3-470d-afd7-f76bd5d3b8be,,"{'bʌ_8df25412-204a-46bc-a7873ef67101e1ce': ('bʌ', 1.0), 'bʌ_d715fe9e-35d6-4cb9-b7ddca28a1e3c7a5': ('bʌ', 1.0)}"
man&apos;uuts_898ee1a2-ed1e-4b76-ae8d-ab5b1600b6d1,,"{'manṵ̃c_2c48a8a4-7fdd-4fe9-96f7ace262c92281': ('manṵ̃c', 0.9285714285714286)}"
na5_8c6bfa36-bf9c-4543-9d2d-eaf58ae1d718,,"{'na_0126d0ce-96ed-408a-bd2866f3a4628410': ('na', 1.0), 'na_2df851cc-b722-41ba-aac8b28779debd8d': ('na', 1.0), 'na_502c638d-8616-4812-b9667966da16815c': ('na', 1.0), 'na_fa915d92-ea88-4f0a-9cedef2f7a30fe8e': ('na', 1.0)}"
sareej_8e9915c4-691e-4a64-a726-6e20a0b8d7ac,,"{'ʃare:j_3b28e452-5d26-4a88-94a5a228bff09db2': ('ʃare:j', 1.0)}"
sahõnh2_8e9ff548-76b1-4d49-8674-cc210d0c6f6f,,"{'ʃahõɲ_a1ab4219-36f5-430c-a60658f9e05fbf5e': ('ʃahõɲ', 1.0)}"
he_913ba599-ab12-4f7d-a7ff-a7608634f834,,"{'hẽ_081a7a8a-0158-4d80-abaed16c5ebdcef8': ('hẽ', 0.9), 'hẽ_3bf2f3c2-3b71-4c02-9a24b506631eabbc': ('hẽ', 0.9)}"
bëëh_962a8de8-7f65-4e60-b8a4-c16d27943a32,,"{'baah_1bbf905d-bed6-4e38-82d9-a99ca6472ddc': ('baah', 0.875), 'bëëh2_59d8bf5a-dd20-44e8-b7a9-5081bab044ae': ('bëëh', 1.0), 'abëëh_6e59c75d-2c2e-434c-b175-579c2363b6c5': ('abëëh', 0.8888888888888888), 'byyh_c6283908-ed9f-4529-ab22-f0a452ed88b6': ('byyh', 0.875), 'ba:h_596a8d5b-6bfc-4eab-af6a25899b14ff13': ('ba:h', 0.875), 'bə:h_962a8de8-7f65-4e60-b8a4c16d27943a33': ('bə:h', 1.0)}"
tëëng1_973a6d9c-adec-4a58-98e0-2ac2c9961a59,,"{'t’ëëng_7fad6677-006f-46f7-991e-8fd6199e5d12': ('t’ëëng', 0.9444444444444444), 'tëëg_b227568f-8dc2-4857-96ad-54678f3975b5': ('tëëg', 0.875), 'tɨ:ŋ_e2b5fecf-076d-455e-afca70e5369e1d23': ('tɨ:ŋ', 0.875)}"
tah&apos;ỹỹb_979a8c31-a85b-459d-b598-414010f8b465,,"{'ahʹỹỹ_014da936-e5cd-4990-ada4-17cbaa8a737a': ('ahʹỹỹ', 0.8571428571428571), 'tahʹỹỹb_979a8c31-a85b-459d-b598-414010f8b465': ('tahʹỹỹb', 1.0), 'hɨ̰̃:b_13495014-5582-4f05-84fc3cb0ed8b0ed3': ('hɨ̰̃:b', 0.8571428571428571), 'hɨ̰̃:b_619d57b3-8d4b-4700-b236f85239dd9577': ('hɨ̰̃:b', 0.8571428571428571)}"
a=1_98d55498-71bc-4897-9198-3842f5c02b2f,,"{'a _98d55498-71bc-4897-91983842f5c02b30': ('a ', 1.0)}"
wëëm_990d5cb5-98be-420d-9662-a39d1662fc24,,"{'wëm_429bd290-09e2-451d-876e-1e9f8f1d97e2': ('wëm', 0.9285714285714286), 'wëë_aa8555ee-bca6-4074-a9cd-061cb1c06ff5': ('wëë', 0.8571428571428571), 'wə:_9485bb49-c230-459f-b30e231a60b19151': ('wə:', 0.8571428571428571)}"
ma4_9a1a9a15-e8bb-4980-8472-a9e3253ce731,,"{'ma_4264a5f5-d297-4c5e-9ce680ae7193474b': ('ma', 1.0), 'ma_54731d58-1347-4780-981b8e439d93d278': ('ma', 1.0), 'ma_d9520bd1-d3cc-41e0-a4b4ca44534c821a': ('ma', 1.0)}"
b&apos;aah_9a798bc9-9bf5-4180-8f96-f27a6ea870ba,,"{'baah_1bbf905d-bed6-4e38-82d9-a99ca6472ddc': ('baah', 0.9444444444444444), 'bʹaah_20a69c66-ccf7-44e3-80f2-9c04da85502d': ('bʹaah', 1.0), 'ba:h_596a8d5b-6bfc-4eab-af6a25899b14ff13': ('ba:h', 0.9444444444444444)}"
waoo_9a9f4eb3-a9cc-48b9-863c-f0127e90e24f,,"{'wa:_36bdcbb1-66cb-47fc-a7ce1204359c2a62': ('wa:', 0.8571428571428571)}"
tõm_9c34cae8-d703-4bd1-b57d-7a96c6a5281a,,"{'õm_31f249cf-2b84-428d-8cd9-657c8d35e6f4': ('õm', 0.8571428571428571), 't’õõm_3cdcf804-ed94-4d32-8388-d8ed3cf4b239': ('t’õõm', 0.9), 'dõm_821df784-fbcb-40de-a505-a26f965d09ed': ('dõm', 0.875)}"
ahajẽẽ_9ce5dcd1-ded8-4107-bf32-c30a03613752,,"{'hajẽẽw_8b0edc48-833c-490b-b363-8e9f882ac0c8': ('hajẽẽw', 0.8571428571428571)}"
gadoo_9dc76677-06be-4cce-aace-6032dbaa3765,,"{'adoo _ffb10994-9087-43c5-a1e5-3f3380e7547a': ('adoo', 0.8888888888888888), 'kado:_a513c054-bea8-4c2d-89082cad00d509c9': ('kado:', 0.9)}"
tug2_9ef38952-2978-42b8-8caf-673aff8099cc,,"{'tug_6c751529-23ec-405f-bec2ac9a1cd2a827': ('tug', 1.0)}"
tón1_a00d1bb1-25e3-4c3d-953c-57dd3b546cd4,,"{'atɔn_bc968ce0-9509-4ec9-b8d1a524b3bef357': ('atɔn', 0.8571428571428571)}"
sahõnh1_a1ab4219-36f5-430c-a606-58f9e05fbf5d,,"{'ʃahõɲ_a1ab4219-36f5-430c-a60658f9e05fbf5e': ('ʃahõɲ', 1.0)}"
a=2_a3b0444d-bbca-4fd6-8dcb-0e21c4ac2a94,,"{'a _98d55498-71bc-4897-91983842f5c02b30': ('a ', 1.0)}"
tii3_a4240339-00a5-462d-90bb-2cff03dfd820,,"{'atii_37d2c4ff-b244-43f3-a4ff-6b40b6697c71': ('atii', 0.8571428571428571), 'tii2_d3db1b0f-4558-4e63-94dc-a2d6b0d31def': ('tii', 1.0)}"
enäm_a4ce9537-6c41-4dd3-ad67-aeda7f6cc674,,"{'enä_7325b2db-5108-4af0-a8cd-e247a9f21bba': ('enä', 0.8571428571428571)}"
w&apos;oo_a56a5c20-7c47-4248-b98b-44682b0b31f4,,"{'w’oor_3430ca49-d3b7-4b34-bff7-96d27c9662e2': ('w’oor', 0.8888888888888888), 'wo̰ːɾ2_d7b314a9-7a00-477f-803e-70d2b5f9eef0': ('wo̰ːɾ', 0.8888888888888888), 'wo̰:_7129100e-d981-4dd4-bc481b86037bb2d5': ('wo̰:', 1.0)}"
w&apos;yyt_a647d290-06f4-42f9-ad43-af7f0dbbe0f2,,"{'wʹëët_78cc870c-148a-4b0a-b684-18e13bce9b43': ('wʹëët', 0.9), 'awɨ̰:t_28c22592-67e2-46c3-98ea6d35223f641a': ('awɨ̰:t', 0.9090909090909091)}"
g&apos;aad hẽnh_a823ec1b-7c9e-457a-8b30-7bd4fa76f088,,"{'ga̰:d hẽɲ_a823ec1b-7c9e-457a-8b307bd4fa76f089': ('ga̰:d hẽɲ', 1.0)}"
sapuu_aca80f49-f37b-4756-a63b-f87397345f3a,,"{'sapuuw_37867b30-19ec-4639-8a17-3aa7b67aeaee': ('sapuuw', 0.9090909090909091), 'ʃabu:_1f9956bb-f8c8-4d6b-97f82ccc35787d61': ('ʃabu:', 0.9)}"
ỹ1_acdb0c0b-2c0f-454f-91d1-eea4498bebf7,,"{'ỹỹ3_1fab850f-da95-4fff-8e60-596d84365d2f': ('ỹỹ', 0.9), 'ỹỹ1_69bb7e8c-5cfd-44b4-ae68-52a804cc60ed': ('ỹỹ', 0.9), 'ỹ_acdb0c0b-2c0f-454f-91d1-eea4498bebf7': ('ỹ', 1.0), 'ɨ̃:_940740bd-e5dd-4023-b3e383d09a805728': ('ɨ̃:', 0.9)}"
wajats_ad8e1685-a540-42c7-a1a6-345f1d62a409,,"{'wajats2_ad8e1685-a540-42c7-a1a6-345f1d62a409': ('wajats', 1.0)}"
kawajããn_afa28d54-abe7-4f7e-8f88-3198bb0aa7ca,,"{'kawajad2_36b45174-a9b6-440b-b816-1d552c94f171': ('kawajad', 0.875), 'kawajad1_f97b2e7e-498c-44ee-bd8b-e78d47d7c9c5': ('kawajad', 0.875), 'kawã:n_b2161ae4-e32b-4e83-b30865961453d022': ('kawã:n', 0.875)}"
gód_afb44df8-075a-40c9-8eed-b4be294caa89,,"{'gód2_afb44df8-075a-40c9-8eed-b4be294caa89': ('gód', 1.0)}"
syy_b38cc436-4e22-47f3-b125-5e562663c1f6,,"{'s’ỹỹ1_4b90f87b-b955-4578-a4eb-450e5425a275': ('s’ỹỹ', 0.875), 'syyj_9f339257-1bc7-4ea1-897f-ad0099dbb709': ('syyj', 0.8571428571428571)}"
mahĩĩn_b3b9947d-577e-4f2f-85f6-6f3a3f49c1ef,,"{'maỹỹn_3ee29e3d-5352-4c3b-adf8-d17f0fcc0206': ('maỹỹn', 0.8846153846153846)}"
makũũ_b7eaf28f-6761-49ec-ac7f-df774057c02b,,"{'makũ:h_b7eaf28f-6761-49ec-ac7fdf774057c02c': ('makũ:h', 0.9615384615384616)}"
eỹỹm2_b7f8608c-1aaa-4014-b04d-968cde2f7f87,,"{'ỹỹm3_be33ca3b-f6a1-4066-b50a-97e305ec90bb': ('ỹỹm', 0.8888888888888888), 'eỹỹm_db33bb76-0902-4cd5-a8db-eb1f7bdaefba': ('eỹỹm', 1.0), 'eỹm_e0157363-f854-42f4-acfa-dedc5b175515': ('eỹm', 0.9444444444444444), 'ɨ̃:m_b7f8608c-1aaa-4014-b04d968cde2f7f88': ('ɨ̃:m', 0.8888888888888888)}"
ber&apos;oot_b839cb0e-8c87-4033-98be-0060ab0d93ee,,"{'merʹood_1662b162-c4ec-4d14-b1cf-05095739c61b': ('merʹood', 0.8571428571428571), 'her’oot_fcd85a56-cfb3-4e88-b636-3a81739ffd26': ('her’oot', 0.8928571428571429), 'hero̰:t_d42677cf-1d23-49c3-b1ed1d7c4b59b99d': ('hero̰:t', 0.8928571428571429)}"
its_ba5295b1-91ab-47fa-aa47-63e8444af756,,"{'its_99625113-8523-406c-8fae-c6121a0adc82': ('its', 1.0)}"
gawëëj2_ba8b6208-7fa0-4b79-a910-d01ec54c104f,,"{'gawëëj_1029c2ef-cd3b-4bc9-8838-8dc00dd5d4a2': ('gawëëj', 1.0), 'awëëj_8ff17ad3-9807-456b-bb12-d3247732d93d': ('awëëj', 0.9090909090909091)}"
ah&apos;ỹỹt_bc76a4f6-6266-4537-88b9-2837a102a9e1,,"{'ahʹỹỹ_014da936-e5cd-4990-ada4-17cbaa8a737a': ('ahʹỹỹ', 0.9230769230769231), 'ahʹỹỹh_135b490e-7cf7-4eff-8dca-45dfe71ddf22': ('ahʹỹỹh', 0.8928571428571429), 'ahỹỹd_a2061f1b-ce83-48f5-8762-78c35e84e54a': ('ahỹỹd', 0.8846153846153846), 'ahɨ̰̃:t_bc76a4f6-6266-4537-88b92837a102a9e2': ('ahɨ̰̃:t', 1.0), 'kahɨ̰̃:t_ea2fe099-2a0c-4037-8cc3845740fe5a86': ('kahɨ̰̃:t', 0.9333333333333333)}"
s&apos;oow_bd149bf3-7f4c-42b9-901c-045655c034c8,,"{'s’oow_bd149bf3-7f4c-42b9-901c-045655c034c8': ('s’oow', 1.0)}"
tsʹaah_be6ef049-4a0b-4431-ade9-063237e7fde5,,"{'tsʹaa_be6ef049-4a0b-4431-ade9-063237e7fde5': ('tsʹaa', 0.9444444444444444)}"
ta-_c0e73567-fba2-4e50-87f1-ea99f887fc7c,,"{'ta=_6b321888-48e5-4284-8888-97bf4c031f6b': ('ta=', 1.0)}"
éj1_c35497dd-ca85-4322-b3be-2507a29e22ed,,"{'ɛ:j_71537484-6042-45a2-b10be64b182d75f': ('ɛ:j', 0.9)}"
p&apos;ooj ub_c3d4d0b7-a697-421b-8810-b27fc9f4e533,,"{'pʹooj up_d243caec-72a6-40fa-a4e3-d9422bad97fc': ('pʹooj up', 0.9375), 'po̰:j ub_15ba43d2-22e3-4dab-b985542fdf887813': ('po̰:j ub', 1.0)}"
tahood_c809015c-f2be-419d-975c-294a08222161,,"{'taho:h_bccaeab6-2645-401a-a5e2394defe8de7e': ('taho:h', 0.875)}"
yyw_c81e4bd2-b595-4e05-8c5b-9b8dfa830f5a,,"{'wyyw_53e36f05-f876-4b30-9d3d-4be4ec11a4ec': ('wyyw', 0.8571428571428571), 'tyyw_87e0c426-d593-4ca1-8704-61dc46d5dc73': ('tyyw', 0.8571428571428571)}"
s&apos;ëë_c93313d0-c120-4329-a437-dfffda2d32f6,,"{'s’ëëh_c2500249-3e46-4056-8e86-6d258b177a45': ('s’ëëh', 0.9444444444444444), 'ʃə:_77981701-bff1-498b-a88bf2ff0d46a7a3': ('ʃə:', 0.9285714285714286)}"
hahỹỹh1_c9b7d1df-1bb9-48d2-a71c-af0fdd38ed70,,"{'ahʹỹỹh_135b490e-7cf7-4eff-8dca-45dfe71ddf22': ('ahʹỹỹh', 0.8928571428571429), 'ahyyh1_7491ca4e-d841-47c4-9f9e-cfc66b856aa8': ('ahyyh', 0.875), 'ahyyh2_a4db2ba4-29b1-42d6-ba71-d03347f7bf88': ('ahyyh', 0.875), 'aỹỹh_c99a1e11-f4d3-4fbd-b8e4-ef98dc3ac38b': ('aỹỹh', 0.875), 'hahɨ̃:h_c9b7d1df-1bb9-48d2-a71caf0fdd38ed71': ('hahɨ̃:h', 1.0), 'hɨ̃:h_e2aac6ce-87d1-4108-851938b7d7501b1b': ('hɨ̃:h', 0.875), 'ahɨ̃:h_f733ec49-2377-44b4-8f60a93e6a22ff4f': ('ahɨ̃:h', 0.9230769230769231)}"
abuuj_ca2e4d7b-85b5-4e4f-85c1-ca6b3ed3a14d,,"{'nabuuj_cb6fe9b5-c752-4979-abff-e6d8db6d476b': ('nabuuj', 0.9090909090909091), 'bu:j_54613d00-08ea-44ed-b99659610ba3cac7': ('bu:j', 0.8888888888888888)}"
gëëd_ca7daac0-f358-4922-9534-3c85afb51ee5,,"{'gə:t_80dd9aea-7e89-4714-a295f1bddb8ebddb': ('gə:t', 0.875)}"
kuruj du_cee3da30-09cb-4fe7-8929-c2a990e5caa8,,"{'kuruj-du_cee3da30-09cb-4fe7-8929-c2a990e5caa8': ('kuruj-du', 1.0)}"
syyh_cf60c370-545f-49d8-9d75-c43de0dcbcbc,,"{'yyh_1dc877e3-ce0f-43ad-817b-0844fa5ccca8': ('yyh', 0.8571428571428571)}"
nag&apos;aap hẽ_d061f271-a505-4648-839a-49668d255562,,"{'naga hẽ_3980fa65-cfdf-4ed7-8a6b2b965258d605': ('naga hẽ', 0.8947368421052632)}"
warahén_d19ed409-f161-40d6-90a9-dede5c019714,,"{'warahen2_9f60eea4-12af-4bff-b76f-4b605295b5a8': ('warahen', 0.9285714285714286), 'warahen1_d19ed409-f161-40d6-90a9-dede5c019714': ('warahen', 0.9285714285714286)}"
hahỹỹh2_d33ded7e-4afe-450a-a112-bb66fd7cddce,,"{'ahʹỹỹh_135b490e-7cf7-4eff-8dca-45dfe71ddf22': ('ahʹỹỹh', 0.8928571428571429), 'ahyyh1_7491ca4e-d841-47c4-9f9e-cfc66b856aa8': ('ahyyh', 0.875), 'ahyyh2_a4db2ba4-29b1-42d6-ba71-d03347f7bf88': ('ahyyh', 0.875), 'aỹỹh_c99a1e11-f4d3-4fbd-b8e4-ef98dc3ac38b': ('aỹỹh', 0.875), 'hahɨ̃:h_c9b7d1df-1bb9-48d2-a71caf0fdd38ed71': ('hahɨ̃:h', 1.0), 'hɨ̃:h_e2aac6ce-87d1-4108-851938b7d7501b1b': ('hɨ̃:h', 0.875), 'ahɨ̃:h_f733ec49-2377-44b4-8f60a93e6a22ff4f': ('ahɨ̃:h', 0.9230769230769231)}"
adëë_d39b9583-3673-442f-8a80-19cb72795322,,"{'atə:_0d9d214a-224c-47c4-8261fdf54959927f': ('atə:', 0.875)}"
mahũũr_d5012807-382c-4ce2-ae64-fe70e83272d7,,"{'mahũũr1_d5012807-382c-4ce2-ae64-fe70e83272d7': ('mahũũr', 1.0)}"
saroor_d5e2a7f5-0b77-41ec-aebc-0f8c9ce1602c,,"{'saroor2_d5e2a7f5-0b77-41ec-aebc-0f8c9ce1602c': ('saroor', 1.0), 'ʃaro:r_ca5bfa8b-4463-4b3d-a0be200a2bac12ba': ('ʃaro:r', 1.0)}"
näng1_d60ff176-1202-4425-98d3-4a3ae5fa1644,,"{'anäng_87bfc426-0444-4acf-b0cd-90d0356238ad': ('anäng', 0.8571428571428571), 'nʌŋ_d60ff176-1202-4425-98d34a3ae5fa1645': ('nʌŋ', 1.0)}"
kuj&apos;uuj_d674eeda-bfa4-47b0-86d8-ce128cfc5d92,,"{'kujṵj_d674eeda-bfa4-47b0-86d8ce128cfc5d93': ('kujṵj', 0.9615384615384616)}"
näng2_d78c5f80-7eb0-47dc-85e4-5928a1eca688,,"{'anäng_87bfc426-0444-4acf-b0cd-90d0356238ad': ('anäng', 0.8571428571428571), 'nʌŋ_d60ff176-1202-4425-98d34a3ae5fa1645': ('nʌŋ', 1.0)}"
tëëg hõõ_d8c36eed-f9d1-43ea-a049-1b237a789149,,"{'tëëg hood_d8c36eed-f9d1-43ea-a049-1b237a789149': ('tëëg hood', 0.9166666666666666)}"
ha1_d8ff5f99-7c38-4ed3-ae5a-ceba827841bf,,"{'haa_6a83eb37-c1ab-4dc2-8210-1d9195abca43': ('haa', 0.9), 'hã_394e29a8-d5e6-4ae4-ab8e521acec8fd7': ('hã', 0.9), 'ha_d8ff5f99-7c38-4ed3-ae5aceba827841c0': ('ha', 1.0)}"
ha2_dacf0200-8acf-4322-9ad4-cc4be61a5f11,,"{'haa_6a83eb37-c1ab-4dc2-8210-1d9195abca43': ('haa', 0.9), 'hã_394e29a8-d5e6-4ae4-ab8e521acec8fd7': ('hã', 0.9), 'ha_d8ff5f99-7c38-4ed3-ae5aceba827841c0': ('ha', 1.0)}"
eỹỹm1_db33bb76-0902-4cd5-a8db-eb1f7bdaefba,,"{'ỹỹm3_be33ca3b-f6a1-4066-b50a-97e305ec90bb': ('ỹỹm', 0.8888888888888888), 'eỹỹm_db33bb76-0902-4cd5-a8db-eb1f7bdaefba': ('eỹỹm', 1.0), 'eỹm_e0157363-f854-42f4-acfa-dedc5b175515': ('eỹm', 0.9444444444444444), 'ɨ̃:m_b7f8608c-1aaa-4014-b04d968cde2f7f88': ('ɨ̃:m', 0.8888888888888888)}"
j&apos;yy_dc5580cb-f66e-4333-9edc-7b10af35d72a,,"{'ajʹyy_ece00d00-4ed6-47ba-9536-ac3be8cafafe': ('ajʹyy', 0.8888888888888888), 'jɨ̰:t_5433c61f-5cd9-4e4b-a03d7eacb676ef0f': ('jɨ̰:t', 0.8888888888888888)}"
asëm_dc855a5e-e265-4869-9faa-8947234d666a,,"{'atsëm_3e48f310-3d32-4d81-9074-b841d0ae6f78': ('atsëm', 0.875)}"
wabëë_dcae8bd6-6662-4188-b818-94d23063c4d4,,"{'waëë_860ebf6f-0614-4d29-b3a5-bc6d391c2301': ('waëë', 0.8888888888888888)}"
ma5_dd0666f2-5914-433d-a28a-fbf359a35f2b,,"{'ma_4264a5f5-d297-4c5e-9ce680ae7193474b': ('ma', 1.0), 'ma_54731d58-1347-4780-981b8e439d93d278': ('ma', 1.0), 'ma_d9520bd1-d3cc-41e0-a4b4ca44534c821a': ('ma', 1.0)}"
nad&apos;ëëd_dd993279-961b-4e7e-aaf2-0286f5a2b9e1,,"{'nad’ëëd_dd993279-961b-4e7e-aaf2-0286f5a2b9e1': ('nad’ëëd', 1.0)}"
mỹỹj_dfe6e587-6395-4e95-992c-85a4d3e70bac,,"{'ɨ̃:j_5a1c00f9-4ec3-4e16-b5fe91e9b4916736': ('ɨ̃:j', 0.8888888888888888), 'mɨ:j_79d22043-a50a-490e-92dc1dc765665622': ('mɨ:j', 0.9444444444444444)}"
heen n&apos;aa_e00ea0a4-a593-43c3-b339-f3933a66bdca,,"{'he:n na̰:_e00ea0a4-a593-43c3-b339f3933a66bdcb': ('he:n na̰:', 1.0)}"
daari_e0d51ab9-3b01-4ddc-a793-7ce101f41753,,"{'daar_76bad5b4-e619-4d3c-b911-8e14ae184d16': ('daar', 0.8888888888888888)}"
sok_e4291635-cb02-4a7d-b79d-3a8216aa1e82,,"{'aʃok_3b09d234-1d9d-43fa-8d851600b775eff3': ('aʃok', 0.8571428571428571), 'eʃok_ef9574fd-7c87-4d19-93d3681bd9792263': ('eʃok', 0.8571428571428571)}"
biin2_e6e5bae8-d2ad-412e-b701-c994681eb9d5,,"{'bi:n_b2e517bb-acfb-4a33-9270f9596069cab6': ('bi:n', 1.0), 'bi:n_e6e5bae8-d2ad-412e-b701c994681eb9d6': ('bi:n', 1.0)}"
haɾũm_e7c19295-e5b4-4fbe-afa0-407f81dde475,,"{'harum_15ce4d3f-c20c-4b98-ac5e-19c13eada4af': ('harum', 0.9545454545454546), 'haɾũm1_22fb506e-aa3f-4853-99d5-9a5c2c1a06d1': ('haɾũm', 1.0)}"
atsëë_e8b38791-7aed-416c-b546-7186f67846fa,,"{'tatsëë_c7995d79-a53a-4ee3-ba03-b6b43eeea58c': ('tatsëë', 0.8888888888888888), 'pacə:_f975debe-d1b6-4a5a-94a8562e89f3b5a7': ('pacə:', 0.8888888888888888)}"
r&apos;oot_e8e02051-ff0f-4d2f-a1a8-2da0e580ff5c,,"{'ro̰:d_4acc9cdb-de0b-4f94-b9e3ebe14eadfa08': ('ro̰:d', 0.9)}"
hahỹỹh3_e8fb77d0-ee1d-45ad-a9eb-72b3f11fb6da,,"{'ahʹỹỹh_135b490e-7cf7-4eff-8dca-45dfe71ddf22': ('ahʹỹỹh', 0.8928571428571429), 'ahyyh1_7491ca4e-d841-47c4-9f9e-cfc66b856aa8': ('ahyyh', 0.875), 'ahyyh2_a4db2ba4-29b1-42d6-ba71-d03347f7bf88': ('ahyyh', 0.875), 'aỹỹh_c99a1e11-f4d3-4fbd-b8e4-ef98dc3ac38b': ('aỹỹh', 0.875), 'hahɨ̃:h_c9b7d1df-1bb9-48d2-a71caf0fdd38ed71': ('hahɨ̃:h', 1.0), 'hɨ̃:h_e2aac6ce-87d1-4108-851938b7d7501b1b': ('hɨ̃:h', 0.875), 'ahɨ̃:h_f733ec49-2377-44b4-8f60a93e6a22ff4f': ('ahɨ̃:h', 0.9230769230769231)}"
 =g&apos;aad_ea75dfe4-c1ed-4061-9274-9d1552506703,,"{' =gʹaad_ea75dfe4-c1ed-4061-9274-9d1552506703': (' =gʹaad', 1.0)}"
g&apos;aad_ea94d6c7-c31e-417e-a17f-4f560dc6bffa,,"{'kã̰:d_0e39e610-eab0-434f-95dba602eca2041e': ('kã̰:d', 0.8636363636363636)}"
wëët_ecd559af-f1e4-42d0-9f9f-36fcbca83133,,"{'wʹëët_78cc870c-148a-4b0a-b684-18e13bce9b43': ('wʹëët', 0.9444444444444444), 'wëë_aa8555ee-bca6-4074-a9cd-061cb1c06ff5': ('wëë', 0.8571428571428571), 'wət_3d9e8a40-28bc-4880-9dc1525d808cd0db': ('wət', 0.9285714285714286), 'wə:_9485bb49-c230-459f-b30e231a60b19151': ('wə:', 0.8571428571428571)}"
aj&apos;yy_ece00d00-4ed6-47ba-9536-ac3be8cafafe,,"{'ajyy_df084789-d41c-4e8a-9b94-bded23eaa2d8': ('ajyy', 0.9444444444444444), 'ajʹyy_ece00d00-4ed6-47ba-9536-ac3be8cafafe': ('ajʹyy', 1.0)}"
kahũũm_edb14c07-f4e4-49ef-8e80-ffbedcf5072a,,"{'ahũũm_c1aba4f1-8144-4560-a16e-b9f106f47381': ('ahũũm', 0.9230769230769231), 'tahũ:m_480edbaa-0ba8-4eae-968e71ba5dbe2439': ('tahũ:m', 0.8571428571428571), 'ahṵ̃:m_7101b90d-ca9a-4580-9d2ad92b4ebe63d8': ('ahṵ̃:m', 0.8928571428571429)}"
hawät1_ee5984fe-4b74-4ff7-994b-e1c68e1486b6,,"{'awät_94af7d8a-ba5e-4b2b-9ef7-cfa69923b978': ('awät', 0.8888888888888888), 'hawʌt_ee5984fe-4b74-4ff7-994be1c68e1486b7': ('hawʌt', 1.0)}"
jesog_ee6cca7d-2d4b-4da3-b3dc-5ea6ab4d2e10,,"{'esog_0ff17dda-0edb-4fab-8d80-c392c7dffd46': ('esog', 0.8888888888888888)}"
péh_ee911202-c9b9-436e-8f4e-23aff9b0cbb6,,"{'pɛh_ee911202-c9b9-436e-8f4e23aff9b0cbb7': ('pɛh', 1.0)}"
maɾahuːd_ef1c8465-a5e4-4269-b0ee-40fed97f627b,,"{'marahud_579cf0f2-5521-4f7c-8650-e9e7775a6a6d': ('marahud', 0.9666666666666667), 'maɾahuːd1_679546ee-b5b5-4815-a4dd-08862405b791': ('maɾahuːd', 1.0), 'marahud_be32a4cd-3200-41a9-bd5c98c7e9a363c4': ('marahud', 0.9666666666666667), 'marahu:d_ef1c8465-a5e4-4269-b0ee40fed97f627c': ('marahu:d', 1.0)}"
iih_f00e2276-9be2-476e-9b29-3fb9e946374c,,"{'hi:h_66d26891-79d8-4e55-bd384345ac314077': ('hi:h', 0.8571428571428571)}"
e&apos;ỹỹm_f10c9014-71b7-47c5-94e5-6838e40da1fe,,"{'eỹỹm_db33bb76-0902-4cd5-a8db-eb1f7bdaefba': ('eỹỹm', 0.9545454545454546), 'eỹm_e0157363-f854-42f4-acfa-dedc5b175515': ('eỹm', 0.9)}"
ba2_f1aeb631-c77e-4580-ada5-3603d76e1db5,,"{'ba_6b7a5021-dce2-4c28-9d18c59209596757': ('ba', 1.0)}"
her&apos;oot_f3c73a07-68e2-4eba-b8d9-48f1f65dce06,,"{'her’oot_fcd85a56-cfb3-4e88-b636-3a81739ffd26': ('her’oot', 1.0), 'hero̰:t_d42677cf-1d23-49c3-b1ed1d7c4b59b99d': ('hero̰:t', 1.0)}"
päh_f504ef30-0c11-485d-9764-e4cb2d84e110,,"{'pʌʔ2_2006fe18-cfbd-42da-9921-099b85ea5e4f': ('pʌʔ', 0.9), 'pä_f147e3d8-5601-4640-b31b-4fd6d06fa113': ('pä', 0.9)}"
ab&apos;ii_f51c2d5a-deec-4c2c-9958-e47868ad495d,,"{'abi_c8927501-771f-4db0-afa6-9ca9ca67d32b': ('abi', 0.875), 'abʹii_f51c2d5a-deec-4c2c-9958-e47868ad495d': ('abʹii', 1.0), 'abi:_bd3c588b-d116-42fc-b2381c92088338e3': ('abi:', 0.9444444444444444)}"
g&apos;ããs_f58fdf41-6b50-40ca-bda7-e1ec3f7fe7b4,,"{'heg’ããs_701ede49-6082-49ba-9bb8-839bb0f857e8': ('heg’ããs', 0.8571428571428571), 'hagã̰:ʃ_4d9901f6-f587-460a-86b1a99f9948abdb': ('hagã̰:ʃ', 0.8571428571428571)}"
ner&apos;oot_f5a3ad5d-b935-41f3-b68d-bc2007b2bafd,,"{'her’oot_fcd85a56-cfb3-4e88-b636-3a81739ffd26': ('her’oot', 0.8928571428571429), 'hero̰:t_d42677cf-1d23-49c3-b1ed1d7c4b59b99d': ('hero̰:t', 0.8928571428571429)}"
nä2_f686f0fd-09f2-4106-b547-4c7070be1556,,"{'nʌ_4b7f5948-bdce-4500-aff6a4162c201a27': ('nʌ', 1.0)}"
ti2_f7c537d1-00e0-4fb1-8af2-4b4a353c8c3a,,"{'tii2_d3db1b0f-4558-4e63-94dc-a2d6b0d31def': ('tii', 0.9)}"
nyyd_facdf3f0-1a1e-403e-912b-c4f27a0d057e,,"{'nyy_643d5c8a-5d5e-45f2-8593-948d3196fec9': ('nyy', 0.8571428571428571)}"
ab&apos;aap_fb163b95-c7fc-49f2-a57f-52ccffdb1ec2,,"{'aba̰:p_fb163b95-c7fc-49f2-a57f52ccffdb1ec3': ('aba̰:p', 1.0)}"
bii_fb6c7157-1b9b-4d1b-9926-dcdea3043357,,"{'bi:ʃ_4e4766cf-1634-41cf-8f2b8a53fcce110e': ('bi:ʃ', 0.8571428571428571), 'bi:n_b2e517bb-acfb-4a33-9270f9596069cab6': ('bi:n', 0.8571428571428571), 'abi:_bd3c588b-d116-42fc-b2381c92088338e3': ('abi:', 0.8571428571428571), 'bi:n_e6e5bae8-d2ad-412e-b701c994681eb9d6': ('bi:n', 0.8571428571428571)}"
noo2_fd121132-52a5-48ea-bd08-47e6db5af53b,,"{'no_46a5426d-16d2-4497-8aa0-73500cd7308c': ('no', 0.9), 'nooh_85e5d65c-81a9-43ba-8b05-e1d0cb3a0943': ('nooh', 0.9285714285714286), 'no̰:_4b7dce3a-006c-458c-ba0cbb5e1c53defe': ('no̰:', 0.9285714285714286)}"
ëën_fe7eb662-ab08-4960-beed-46e3474784d5,,"{'sëën_89e12256-aa4d-4789-a64e-fc333256a009': ('sëën', 0.8571428571428571), 'ə:n_eb201827-9f6d-4018-a8dde4f259bf9839': ('ə:n', 1.0)}"
n&apos;aa_ffe9aef3-6369-43f7-b87d-b91ab18b00c6,,"{'na̰:_1d906551-ab54-4157-8e621fd969e9a668': ('na̰:', 1.0)}"
