da,par. da- pro_p. (imperativo).,,,,
däng,n op.,,,,
daab,n.,,,,
daab yyp,v.         ni: daab yb.         p: daab 'yyp.,ni: daab yb,p: daab 'yyp,,
daah,n op.,,,,
daaj hẽ,adv op.,,,,
daap,n. esp.,,,,
daap hẽ,adv.,,,,
daar,n. esp. [LE2],,,,
dab,n op.,,,,
dabong,v p obj.,,,,
dab gik,v.,,,,
dab tade,v.,,,,
dadäk,v.         ni: dadäg.         hab: dahed'ëëk.,ni: dadäg,hab: dahed'ëëk,,
dada hẽ,adv.,,,,
dadyyn,n. esp.,,,,
dagäp,v.         ni: dagäb.,ni: dagäb,,,
dagõn,v.         hab: daheg'õõn[LE3].,hab: daheg'õõn[LE3],,,
dag'õõb,n. esp.,,,,
daguk,v.         ni: deguug.,ni: deguug,,,
dahajung,v.         ni: dahajuu/h.,ni: dahajuu/h,,,
dahatés,v.         ni: dahateej.,ni: dahateej,,,
daheeh,conj.,,,,
dahẽẽm,v.         ni: dahẽẽw.,ni: dahẽẽw,,,
dahej'ëëp doo,n.,,,,
dahés,v.         ni: daheej.,ni: daheej,,,
dahëët,adj.,,,,
dahonh,"v.         ni: dah'oonh.	caus: dah'oonh",ni: dah'oonh,caus: dah'oonh,,
dahyy,v.         ni: dah'yy.       ji saroor tëg dahy n'aa n.       baa gadahyy v.        ta baa gadahy n'aa n.,ni: dah'yy,,,
dajang,v. reto.         ni: dajaa/h.         caus: daj'aah.,ni: dajaa/h,caus: daj'aah,,
dajanh,v.         ni: dajaaj.,ni: dajaaj,,,
daj'aah,v.,,,,
daj'aat,v.,,,,
dajah,n op.,,,,
dajëp,v.         ni: dajëb.         p: dejëp.         ext ni: dajëëb.         caus: daj'ëëp.,ni: dajëb,p: dejëp,ext ni: dajëëb,caus: daj'ëëp
dajoom,v.         ni: dajoow.         hab: dahejóm.       ky n'aa gadejoom v.        noo gadejoom v.,ni: dajoow,hab: dahejóm,,
daka,v.         ni: dakaa.,ni: dakaa,,,
dakëë,v.         ni: dakä.,ni: dakä,,,
dakus,v.         ni: dakuts.,ni: dakuts,,,
damaah,n. esp.,,,,
danäh,v_imp.,,,,
dapaa,n.,,,,
dapaa sëën hawyd,n. esp.,,,,
dapak,v.         ni: dapag.,ni: dapag,,,
dapó,v.,,,,
dap'uung,n.,,,,
dapuuh,v.         ni: dap'uung.,ni: dap'uung,,,
darëp,v.         ni: darëb.,ni: darëb,,,
darung,v.         ni: daruu/h.,ni: daruu/h,,,
das,n. esp.,,,,
dasãng,v.        ni: dasãh.       riih dasãng v.,ni: dasãh,,,
dasẽm,v.         ni: dasẽẽw.,ni: dasẽẽw,,,
dasim,v.         ni: dasiiw.,ni: dasiiw,,,
dasõng,v.,,,,
dasoo/h,v.         ni: daso/h.,ni: daso/h,,,
dasõp,v.         ni: dasõb.         hab: dahes'õõp.,ni: dasõb,hab: dahes'õõp,,
dasuk,v.         ni: dasug.       duu dasuk n.        wë duu dasuk hẽnh n.,ni: dasug,,,
dasuun,v.,,,,
dasũũt,v.         ni: das'ũũd        hab: dahesõt.       kadasũũt v.,ni: das'ũũd        hab: dahesõt,,,
dateej,n.,,,,
dateej gawäs,v.,,,,
datés,v.         ni: dateej.,ni: dateej,,,
datu,v.,,,,
datyyw,n.,,,,
datsäng,v.         ni: detsëë/h.        p: detsëh.,ni: detsëë/h,p: detsëh,,
dawanh,v.         ni: dawaj.,ni: dawaj,,,
dawããt,v.        ni: daw'ããd.,ni: daw'ããd,,,
dawëë,adv.,,,,
dawëës,v.         ni: dawäts.         p: dewëës.       kadawëës v.         ni: kadawäts.,ni: dawäts,p: dewëës,ni: kadawäts,
dawëët,v.         ni: dawëd.         p: dewëët.[LE4],ni: dawëd,p: dewëët,,
dawë peej,adv.,,,,
dawug,n. esp.,,,,
dawuh,v.         ni: dawuh.,ni: dawuh,,,
da beg'ëp,adj.,,,,
da hẽ,adv.,,,,
dẽẽm,n. esp.,,,,
denaa hẽ,adv.,,,,
dén,n.,,,,
dëë,n.,,,,
dom,n. esp.,,,,
dõm,n op.,,,,
dom bag'aad,n. esp.,,,,
dõm gaët,v.         ni: dõm gaëd.,ni: dõm gaëd,,,
dõm gajatuk,v.         ni: dõm gajatug.       nu gajatuk v.,ni: dõm gajatug,,,
dõm garaut,v.,,,,
dõm kahëm,v.,,,,
dõm karekẽẽt,v.         ni: dõm karekẽd.,ni: dõm karekẽd,,,
dõm sajang,v.        ni: sajaa/h.,ni: sajaa/h,,,
dõm sareri,v.,,,,
dõm sawum,v.         ni: dõm sawuuw.,ni: dõm sawuuw,,,
dõm was'iip,v.         ni: wasiib.,ni: wasiib,,,
dõm wasóh,v.        p: dõm wesóh.,p: dõm wesóh,,,
dõm woom,v.,,,,
dõn,n. esp.,,,,
d'oo,n. esp.,,,,
d'oob,n. esp.,,,,
dooh,par.,,,,
dooh wät,par.,,,,
dots,n.,,,,
dó,adv.,,,,
dóg,n. esp.,,,,
dus,onom.,,,,
d'uud,n. esp.,,,,
duuh,n op.,,,,
d'uuj,n. esp.,,,,
duus,n. esp.,,,,
duu däk,v.         ni: duu däg.,ni: duu däg,,,
du daa,par.,,,,
du dasuk,n.,,,,
du doo,n.         ni: du do.,ni: du do,,,
du gä,v.,,,,
du gabaho,v.         ni: du gabahoo.,ni: du gabahoo,,,
du gadasõs,v.,,,,
du gahõõh,v.         ni: du gahõh.,ni: du gahõh,,,
du gajame,v.         ni: du gajamee.,ni: du gajamee,,,
du gamatsiih,v.         ni: du gamats'iing.,ni: du gamats'iing,,,
du ganat'õõh,n.,,,,
du gasarénh,v.         ni: du gasareej.,ni: du gasareej,,,
du gasarë,v.         ni: du gasarëë.,ni: du gasarëë,,,
du gasata,v.         ni: du gasataa.,ni: du gasataa,,,
du gasesooh,v.         ni: du gases'oong.         est hab: du gasesóh.,ni: du gases'oong,est hab: du gasesóh,,
du gatsë,n.,,,,
du gesóm,onom.,,,,
du häng,v.         ni: du hëë.,ni: du hëë,,,
du hyy häng,v.,,,,
du hyy sooh,v.,,,,
du jadut,v.         ni: du jadud.,ni: du jadud,,,
du jareet,v.         ni: du jar'eed hõm.,ni: du jar'eed hõm,,,
du kadahäng,adv.         ni: du kadahëë.,ni: du kadahëë,,,
du mat'ëëh,n.,,,,
du na,v.,,,,
du n'aa,v.        ni: du naa.,ni: du naa,,,
du parapet,v.         ni: du parapeed.,ni: du parapeed,,,
du raré,n.,,,,
du raré tamaah,n. esp.,,,,
du sadó,v.         ni: du sadoo.,ni: du sadoo,,,
du sooh,v.         ni: du soh.,ni: du soh,,,
du s'uu,n.,,,,
du to,v.,,,,
du tsabäm,v.,,,,
dỹng,onom.,,,,
dyk,onom.,,,,
dyy,n. esp.,,,,
dyyg,n.,,,,
d'yyj sasõs,n.E,,,,
ẽnh inten,s.,,,,
eaanh,v.         ni: eaaj.       kame'aanh v.,ni: eaaj,,,
eaak,v.         ni: eag.         p: e'aak.,ni: eag,p: e'aak,,
ebanh,v.        kajebaanh v.         ni: kajebaaj.,ni: kajebaaj,,,
ebä,v.         ni: ebä.,ni: ebä,,,
eb'aanh,v.         ni: ebaj.,ni: ebaj,,,
ebaan,v.,,,,
ebäh,v.         ni: ebäng.       ty ebäh v.,ni: ebäng,,,
ebaj sëëk,v_p.,,,,
ebëng,v.         ni: ebëë/h.       bii gebëng v.,ni: ebëë/h,,,
ebiin,v.        kebiin v.        ji kebiin doo tób n'aa n.,,,,
ebooh,v.         ni: eboh.         p: eb'ooh.,ni: eboh,p: eb'ooh,,
rakaneb'ooh hẽnh,adv.,,,,
edang,v.         ni: edaa/h.,ni: edaa/h,,,
edaas,v.,,,,
edah,v.         ni: edaa/h.       h'yyb edah v.        tabedah v.,ni: edaa/h,,,
edas,v.         ni: edats.,ni: edats,,,
edé,v.,,,,
edén,v.,,,,
edëng,v.         ni: edëë/h.,ni: edëë/h,,,
ed'ëëk,v.         ni: edëëg.       ged'ëëk v.         hab: gahedäk.       ky hed'ëëk v.,ni: edëëg,hab: gahedäk,,
edëp,v.         ni: edëb.         caus: ed'ëëp.        aquele que dá vida: dëëb.       wog gedëp v.,ni: edëb,caus: ed'ëëp,aquele que dá vida: dëëb,
ed'oo,v.,,,,
edoon,v.         hab: edón.,hab: edón,,,
ed'uuk,v.         ni: eduug.         est;hab: heduk.,ni: eduug,est;hab: heduk,,
ee,n.,,,,
eep,n. esp.,,,,
eëë,v.         ni: eë.       nu eëë v.        noo geëë v.        noo keë hõm v.,ni: eë,,,
eëënh,v.         ni: eëëj.       geëënh v.,ni: eëëj,,,
eëëk,v.         ni: eëg.         p: e'ëëk.       haëëk v.,ni: eëg,p: e'ëëk,,
egãã/h,v.,,,,
eg'aak,v.         ni: egaag.,ni: egaag,,,
eg'ããs,v.         ni: egãã.       megãs v.,ni: egãã,,,
egän,v.         est;caus: eg'ëën.,est;caus: eg'ëën,,,
egëëh,v.         ni: eg'ëëh.,ni: eg'ëëh,,,
egëës,v.         ni: egäs.,ni: egäs,,,
egës,v.         ni: egëëj.       k'yy gegës v.        kegës v.        tëg kegës v.,ni: egëëj,,,
egõõh,v.         ni: eg'õõh.,ni: eg'õõh,,,
eg'ook,v.         ni: egoog.         est;hab: egok.,ni: egoog,est;hab: egok,,
ehã,onom.,,,,
ehä̃nh,v.,,,,
ehaa,v.         ni: eh'aa.,ni: eh'aa,,,
ehããnh,v.         ni: ehããj.,ni: ehããj,,,
ehään,v.,,,,
ehaas,v.         ni: ehats.       hehaas v.,ni: ehats,,,
ehãm,v.         ni: ehãw.         caus: eh'ããm.,ni: ehãw,caus: eh'ããm,,
ehap,v.         ni: ehab.,ni: ehab,,,
ehä̃p,v.         ni: ehä̃b.         est;hab: eh'ỹỹp.eheet v        ni: eh'eed.         est;hab: ehét.,ni: ehä̃b,est;hab: eh'ỹỹp,eheet v        ni: eh'eed,est;hab: ehét
ehëë,v.         ni: eh'ëë.,ni: eh'ëë,,,
ehëën,v.,,,,
ehëëp,v.         ni: eh'ëëb.,ni: eh'ëëb,,,
ehĩĩm,v.         ni: eh'ĩĩw.       h'ĩĩw onom.,ni: eh'ĩĩw,,,
ehiin,n.,,,,
ehõ,v_p.         ni: ehũũ.       ma ehõ v.,ni: ehũũ,,,
ehoh,v.         ni: ehoh.,ni: ehoh,,,
ehõh,v_p.         sing: ahõng.,sing: ahõng,,,
ehõk,v.         ni: ehõg.         est;hab: eh'õõk.,ni: ehõg,est;hab: eh'õõk,,
ehom,v.         ni: ehoow.       ty gehom v.        ty gehoow n'aa n.,ni: ehoow,,,
ehõõh,v.         ni: ehõ/h.,ni: ehõ/h,,,
ch'ook,v.         ni: ehoog.         est;hab: ehok.,ni: ehoog,est;hab: ehok,,
ehop,v.         ni: ehob.,ni: ehob,,,
ehót,v.         ni: ehód.       h'yyb ehót v.,ni: ehód,,,
ehu,v.,,,,
ehub,v.,,,,
ehus,v.        ni: ehuts.,ni: ehuts,,,
ehũũm,v.,,,,
ehỹỹp,v.,,,,
eh'yyt,v.         ni: ehyyd.,ni: ehyyd,,,
eh'ỹỹt,v.         ni: ehỹỹd.,ni: ehỹỹd,,,
ejä,v.        ni: eJëë.       najä n op.,ni: eJëë,,,
ejä̃nh,v.         ni: ejä̃ä̃j.         ni_p: ej'ä̃ä̃nh.,ni: ejä̃ä̃j,ni_p: ej'ä̃ä̃nh,,
ejaa,v.         ni: eja.       poo hejaa v.,ni: eja,,,
ejäm,v.        p: ej'ëëm.       jäm n.,p: ej'ëëm,,,
ej'ees,v.         ni: ejeej.       ky n'aa ej'ees v.         ni: ky n'aa ejeej.,ni: ejeej,ni: ky n'aa ejeej,,
ejẽh,v.         ni: ejëng.,ni: ejëng,,,
ejëënh,v.         ni: ejëëj.,ni: ejëëj,,,
ejëëh,v.         ni: ejäh.       noo gejëëh v.,ni: ejäh,,,
ejën,v.         ni: ejëën.,ni: ejëën,,,
kejën,v.,,,,
ejoonh,v.         ni: ej'ooj.         p: ej'oonh.,ni: ej'ooj,p: ej'oonh,,
ejooh,v.         ni: ejóh.,ni: ejóh,,,
ej'õõk,v.         ni: ejõõg.       noo gapejõk v.,ni: ejõõg,,,
ejoom,v.,,,,
ejung,v.         ni: ejuu/h.,ni: ejuu/h,,,
ejuu,v.         ni: eju.         p: ej'uu.,ni: eju,p: ej'uu,,
ejyyh,v.         ni: ejyh.,ni: ejyh,,,
ejỹỹk,v.         ni: ejä̃g.       h'yy kejỹỹk v.,ni: ejä̃g,,,
ekë,v.,,,,
ekëë,v.         ni: ekä.,ni: ekä,,,
ekook,v.         ni: ekog.,ni: ekog,,,
ekóm,v.,,,,
ekus,v.         ni: ekuts.,ni: ekuts,,,
ekuus,v.         ni: ekuuts.,ni: ekuuts,,,
ek'uut,v.         ni: ekuud.,ni: ekuud,,,
ekyy,v.         ni: eky.         hab: hek'yy.,ni: eky,hab: hek'yy,,
ekyyt,v.         ni: ekyd.,ni: ekyd,,,
emaan,v.,,,,
emäd/mäd v/,n.,,,,
emam,v.,,,,
emäs,v.,,,,
emooh,v.         ni: emo.,ni: emo,,,
ena,v.,,,,
enäng,v.         ni: enyyh.         est;hab: en'yyh .,ni: enyyh,est;hab: en'yyh,,
en'aa,v.,,,,
enäh,v_p.         ni_p: en'yyh.         sing: anäng.,ni_p: en'yyh,sing: anäng,,
enam,v.,,,,
enäm,v.         ni: enyyw.         caus: en'yym.       h'yyb näm v.         ni: h'yyb nyyw.,ni: enyyw,caus: en'yym,ni: h'yyb nyyw,
enoh,v.         ni: eno.,ni: eno,,,
enu,v.         p: en'uu.,p: en'uu,,,
enyym,v_p.         ni: enyyw.         s: anäm.,ni: enyyw,s: anäm,,
en'yym,v.         ni: enyw.,ni: enyw,,,
eoom,v.         hab: eóm.,hab: eóm,,,
eoot,v.         ni: eód.       ód n op.,ni: eód,,,
epaa,v.         ni: ep'aa.,ni: ep'aa,,,
ep'aak,v.         ni: epaag.,ni: epaag,,,
epäh,v.         ni: epëë.,ni: epëë,,,
ep'ees,v.         ni: epeets.       ty gap'ees v.        ji tób yd pets n.,ni: epeets,,,
epé,v.,,,,
epëëm,v.,,,,
ep'ëët,v.         ni: epëëd.,ni: epëëd,,,
epëk,v.         ni: epëg.,ni: epëg,,,
epóh,v.         ni: epoo/h.,ni: epoo/h,,,
epuh,v.         ni: epuu/h.,ni: epuu/h,,,
epuk,v.         ni: epug.,ni: epug,,,
ep'uus,v.         ni: epuuts.,ni: epuuts,,,
epyh,v.         ni: epyng.,ni: epyng,,,
erét,v.         ni: eréd.,ni: eréd,,,
erih,v.         ni: erii/h.         hab: er'iih.,ni: erii/h,hab: er'iih,,
erõnh,v.         ni: erõõj.         hab: her'õõnh.,ni: erõõj,hab: her'õõnh,,
er'oot,v.         ni: er'ood.       ta r'ood ỹỹn n.        ber'oot v. [LE5]       baner'ood n.,ni: er'ood,,,
esä,v.         ni: esëë.,ni: esëë,,,
es'aak,v.         ni: esaag,ni: esaag,,,
es'ããk,v.         ni: esããg.,ni: esããg,,,
esããm,v.         ni: es'ããw.,ni: es'ããw,,,
esääm,v.,,,,
esah,v.         ni: esah/esang.,ni: esah/esang,,,
esäk doo,n.,,,,
esäp,v.         ni: esäb.       noo esäp v.        noo kesäp v.,ni: esäb,,,
esas,v_p.         sing: as'aas.       besas v.,sing: as'aas,,,
es'ẽẽ,onom.,,,,
esẽẽt,v.        kas'ẽẽd hõm v.,,,,
esénh,v.         ni: eséj.,ni: eséj,,,
es'ëënh,v.         ni: essëëj.,ni: essëëj,,,
essëëh,v.         ni: es'ëëh.       pesëëh v.,ni: es'ëëh,,,
essëëm,v.,,,,
es'ëëm,v.         ni: essëëm.,ni: essëëm,,,
essëëp,"v. 	ni: es'ëëb.",ni: es'ëëb,,,
esëët,v.         p: asët.,p: asët,,,
esëk,v_p.         ni: esëg.         s: asëk.,ni: esëg,s: asëk,,
esĩĩn,v.         hab: hesẽn.       k'yy gesĩĩn v.,hab: hesẽn,,,
esok,v.         ni: esog.,ni: esog,,,
esõk,v.         ni: esõg.         hab: hes'õõk.,ni: esõg,hab: hes'õõk,,
esoo,v.         ni: eso.,ni: eso,,,
esoo[LE6],v.,,,,
esõõnh,v.         ni: esõõj.         hab: hes'õõnh.,ni: esõõj,hab: hes'õõnh,,
es'ooh,v.         ni: esoo/h.,ni: esoo/h,,,
esoom,v.         ni: esoow.,ni: esoow,,,
esoos,v.         ni: esóts.         p: es'oos.,ni: esóts,p: es'oos,,
es'õõs,v.         ni: esõõts.         hab: hes'õõs.,ni: esõõts,hab: hes'õõs,,
esõs,v.         ni: esõts.        hab;caus: hes'õõs.       du gadasõs v.,ni: esõts,hab;caus: hes'õõs,,
esõt,v.         ni: esõd.         hab: hesõt.,ni: esõd,hab: hesõt,,
esónh,v.         ni: esój.,ni: esój,,,
esóm,v.         ni: esów.       du gesóm v.        h'yy kesóm v.        sóm onom.,ni: esów,,,
esót,v.         ni: esod.,ni: esod,,,
esuu/h,v.         ni: esu.,ni: esu,,,
esynh,v.         ni: esyyj.,ni: esyyj,,,
esyh,v.         ni: esyyh.       syyh n.,ni: esyyh,,,
esyk,v.         ni: esyg.       tsyym gesyk v.        moo gesyk v.       noo gesyk v.        nabuuj gesyk v.        poo gesyk v.        ty gesyk v.       jesyk v.        kyy jesyk v.,ni: esyg,,,
es'yyt,v.         ni: esyyd.,ni: esyyd,,,
etaa,v.         ni: eta.,ni: eta,,,
etaah,"v. 	ni: eta/h.",ni: eta/h,,,
et'aap,v.         ni: etab.       taab n op. broto.,ni: etab,,,
etäk,v.         ni: etäg.       hetäk doo n.        noo hetäk v.,ni: etäg,,,
et'ẽẽh,v.         ni: etẽẽng.,ni: etẽẽng,,,
et'ẽẽk v,onom.         ni: etẽẽk.,ni: etẽẽk,,,
etẽn,v.         est;hab: et'ẽẽn.       ji metẽn péh n.,est;hab: et'ẽẽn,,,
etëëh,v.         ni: et'ëë/h.,ni: et'ëë/h,,,
etëëk,v.         ni: etäg.,ni: etäg,,,
etëëp,v.         ni: etëb.,ni: etëb,,,
etëk,v.        jó hetëk v.,,,,
etoo,v.         ni: et'oo.,ni: et'oo,,,
etook,v_p.         ni: etog.,ni: etog,,,
et'oom,v.         ni: etoow.,ni: etoow,,,
etóh,v_p.         sing: atóng.         ni: etoo/h.       ty gametóh v_p.,sing: atóng,ni: etoo/h,,
etóók,v_p.         ni: etóg.,ni: etóg,,,
etuu,v.         ni: etu.,ni: etu,,,
etuuk,v.         ni: etug.       hetuuk péh n. esp.,ni: etug,,,
etyn,v.        ketyn v.,,,,
etyy,v.         ni: ety.         p: et'yy.,ni: ety,p: et'yy,,
etyyp,v.         ni: etyb.,ni: etyb,,,
etsaa,v.         ni: ets'aa.       ty mets'aa däk v.        ty kets'aa däk v.,ni: ets'aa,,,
ets'aap,v.         ni: etsaab.,ni: etsaab,,,
etsẽẽ,v.         ni: ets'ẽẽ.,ni: ets'ẽẽ,,,
etsén,v.,,,,
etsëëh,v_p.         ni: etsëh.       netsëh n.,ni: etsëh,,,
etsëëh[LE7],n.,,,,
ets'ëëk,v.         ni: etsëëg.         est;hab: etsëk.,ni: etsëëg,est;hab: etsëk,,
ets'iip,v.         ni: etsiib.,ni: etsiib,,,
etsip,v.         ni: etsib.[LE8],ni: etsib,,,
etsóós,v.         ni: etsó[LE9]s.,ni: etsó[LE9]s,,,
euh,v.,,,,
ewäh,v.         s: awäng.         caus: aw'ääh.,s: awäng,caus: aw'ääh,,
eween,v.,,,,
ewen,"v.	ni: eween",ni: eween,,,
ewẽn,v.,,,,
ewẽs,v.         ni: ewtẽts.         est;hab: ew'ẽẽs.,ni: ewtẽts,est;hab: ew'ẽẽs,,
ewëëh,v_p.         ni: ewäh.         s: aeh.,ni: ewäh,s: aeh,,
ewëëk,v.,,,,
ewëën,v.        h'yyb ewëën v.,,,,
ew'ëës,v.         ni: ewëëts.,ni: ewëëts,,,
ewëh,v.         ni: ewëë/h.,ni: ewëë/h,,,
ewi,v.        ni: ewii.,ni: ewii,,,
ewih v,onom.,,,,
ewin,v.         ni: ewiin.,ni: ewiin,,,
ewip,"v. 	ni: hewiip.",ni: hewiip,,,
ewõng,v.         ni: ewõõh.         causcom: mew'õõh.,ni: ewõõh,causcom: mew'õõh,,
ewoonh,v.         ni: ewooj.       nawój n.,ni: ewooj,,,
ew'oonh,v.         ni: ewój.,ni: ewój,,,
ew'oop,v.         ni: ewoob.         est;hab: ewop.,ni: ewoob,est;hab: ewop,,
ewyt,v.         ni: ewyd.       k'ããts nawyyd n'aa n.        hew'yyt doo n.,ni: ewyd,,,
eỹỹm,"v.         caus: e'ỹỹm.         ni: eỹm.	é",caus: e'ỹỹm,ni: eỹm,,
éj,"intj.	ë",,,,
ëën,"n. 	1s poss: ä̃n ỹỹ.",1s poss: ä̃n ỹỹ,,,
ër,"pro. 	emph: ëër.	G",emph: ëër,,,
gããnh,v.         ni: ããj.,ni: ããj,,,
g'aad,n.,,,,
g'aad hẽnh,adv op.,,,,
gaag,n.,,,,
gããj,n. esp.,,,,
g'aap,adv.,,,,
gäb,n. esp.,,,,
gabaanh,v.         ni: gabaaj.,ni: gabaaj,,,
gab'aap,v.,,,,
gababom,v.         ni: gababoow.,ni: gababoow,,,
gababuu,n.,,,,
gabahë,v.         ni: gabahëë.,ni: gabahëë,,,
gabaho,v.         ni: gabahoo.       du gabaho v.,ni: gabahoo,,,
gabapõõm,v.         ni: gabapõõw.,ni: gabapõõw,,,
gabarëëh,v.         ni: gabar'ëëng.       ty gabarëëh v.,ni: gabar'ëëng,,,
gabej'iik,v.         ni: gabejiig.         est;hab: gabejik.       ty gabej'iik v.,ni: gabejiig,est;hab: gabejik,,
gabuuj,n.,,,,
gada,v.         ni: gadaa.         p: geda.         ext: ged'aa.       gameda v.,ni: gadaa,p: geda,ext: ged'aa,
gadagyp,v.         ni: gadagyb.,ni: gadagyb,,,
gadajong,"v. 	ni: gadajoo.       madajong v.",ni: gadajoo,,,
gadajung,v.         ni: gadajuu.       ty gadajung v.,ni: gadajuu,,,
gadäk,v.         ni: gadäg.,ni: gadäg,,,
gadap'aah,v.         ni: gadapaang.       kadep'aah v.,ni: gadapaang,,,
gadarãng,v.         ni: gadarããh.,ni: gadarããh,,,
gadarong,v.         ni: gadaroo.,ni: gadaroo,,,
gadas,v.         ni: gadats.       nu gadas v.,ni: gadats,,,
gadasũũt,v.         ni: gadas'ũũd.,ni: gadas'ũũd,,,
gadawan,v.,,,,
gadẽẽ,v.         ni: gad'ẽẽ.,ni: gad'ẽẽ,,,
gadehew'ëës doo,n.,,,,
gaderoh doo,n.,,,,
gades'ããm,v.,,,,
gadëëg,n op.,,,,
gadoo,v.         ni: gado.,ni: gado,,,
gadóm,v.[LE10],,,,
gadyy,v.         ni: gad'yy.        byy gadyy v.,ni: gad'yy,,,
gag,n.,,,,
gagããm,v.         ni: gag'ããw.,ni: gag'ããw,,,
gagod,n op.,,,,
gagoos,v.         ni: gagóts.,ni: gagóts,,,
gaha,v.,,,,
gahäng,v.,,,,
gahät,v.         ni: gahäd.,ni: gahäd,,,
gahet,v.         ni: gahed.       moo gahet v.,ni: gahed,,,
gahëën,v.,,,,
gahod,n op.,,,,
gahõk,v.         ni: gahõg.         p: gehõk.         hab: gaheh'õõk.       byy hõk v.        nu gahõk v.         ni: nu gahõg.       wog gahõg nyyh v.,ni: gahõg,p: gehõk,hab: gaheh'õõk,ni: nu gahõg
gahõõh,v.         ni: gahõ/h.,ni: gahõ/h,,,
gahõõp,v.         ni: gah'õõb.,ni: gah'õõb,,,
gahoot,v.         ni: gah'ood.[LE11],ni: gah'ood,,,
gahot,v.         ni: gahod.,ni: gahod,,,
gahũũn,n.        nu gahũũn n.,,,,
gaj'aak,v.         ni: gajaag.[LE12],ni: gajaag,,,
gajareet,v.         ni: gajar'eed.       gajareet doo n.,ni: gajar'eed,,,
gajarong,v.         ni: gajaroo/h.,ni: gajaroo/h,,,
gajaroh,n op.,,,,
gajatsëk,adj.        ty getsëk v.,,,,
gajeenh,v.         ni: gaj'eej.        est;hab: gajénh.,ni: gaj'eej,est;hab: gajénh,,
gajehos,v.         ni: gajehots.         p: gajeh'oos.,ni: gajehots,p: gajeh'oos,,
gajej'eenh,v.         ni: gajejéj.,ni: gajejéj,,,
gajewäng,v.         ni: gajewëë.,ni: gajewëë,,,
gajook,v.         ni: gajog.,ni: gajog,,,
gajyp,v.         ni: gajyb.       moo gajyp v.,ni: gajyb,,,
gakaanh,v.,,,,
gak'aanh,v.         ni: gakaaj.,ni: gakaaj,,,
gakãã,v.         ni: gak'ãã.,ni: gak'ãã,,,
gakog hõm,v.,,,,
gakyyt,v.         ni: gakyd.         p: gekyyt.,ni: gakyd,p: gekyyt,,
gamä,n.,,,,
gamag,n. esp.,,,,
gamagaam,v.,,,,
gamakuj n'aa,n op.,,,,
gamaruk,v.         ni: gamarug.,ni: gamarug,,,
gamasé,v.         ni: gamasee.,ni: gamasee,,,
gamatsahoo,v.         ni: gamatsah'oo.         p: gamatsehó.,ni: gamatsah'oo,p: gamatsehó,,
gamatsih,n.,,,,
gamauk,v.         ni: gamaug.         p: gameuk.,ni: gamaug,p: gameuk,,
gamuun,v.         hab: gahemon.,hab: gahemon,,,
gamyyj,n.        ty gamyyj n.,,,,
ganabëëh,v.         ni_p: ganebäh.       nu ganabëëh v.        wog ganabëëh v.,ni_p: ganebäh,,,
ganabuuh,v.         ni: ganabuh.         p: ganebuuh.         ni_p: ganebuh.[LE13],ni: ganabuh,p: ganebuuh,ni_p: ganebuh,
ganapok,v.         ni: ganapóg.         p: ganepok.,ni: ganapóg,p: ganepok,,
ganawääh,v.,,,,
ganebäh hõm/bëëh/bong,v_p.         i: ganebëëh.,i: ganebëëh,,,
ganebëëh,v.,,,,
ganehem,v.         ni: ganehew.,ni: ganehew,,,
ganes'aa,n.        nu ganes'aa v.         ni: nu ganesaa.,ni: nu ganesaa,,,
ganewän,v.,,,,
ganyyh,v.         ni: ganäh.         caus: gan'yyh.,ni: ganäh,caus: gan'yyh,,
gapahõ,v.,,,,
gapasé,v.         ni: gapasee.,ni: gapasee,,,
gapis,v.         ni: gapits.,ni: gapits,,,
gapoom,v.         ni: gapoow.         est;hab: gapom.,ni: gapoow,est;hab: gapom,,
gapuk,"v. 	ni: gapug.",ni: gapug,,,
garaet,v.         ni: garaed.,ni: garaed,,,
garagaar,n.,,,,
garagoor,n.,,,,
garagoor gadatés,n.,,,,
garagoor papũũk,v.         ni: garagoor pap'ũũg.,ni: garagoor pap'ũũg,,,
garama,n. esp.,,,,
garama [LE14],n. esp.,,,,
garareeh yb,n.,,,,
gararem,v.         ni: garareew.,ni: garareew,,,
garaweet,v.         ni: garawéd.,ni: garawéd,,,
gareen,v.,,,,
garehé,v.         ni: garehee.,ni: garehee,,,
gar'ëëj,n.,,,,
garip,v.         ni: garib.,ni: garib,,,
gasamoo,v.         ni: gasamo.,ni: gasamo,,,
gasam'yym,n. esp.,,,,
gasapum,v.,,,,
gasarénh,v.         ni: gasareej.         p: gaserénh.       du gasarénh v.        ty gasarénh v.,ni: gasareej,p: gaserénh,,
gasata,v.         ni: gasataa.,ni: gasataa,,,
gasató,v.,,,,
gaseem,v.         ni: gaseew.         hab: gahesém.,ni: gaseew,hab: gahesém,,
gasesẽ,v.         ni: gasesẽ.,ni: gasesẽ,,,
gasëëh,v.         ni: gasëh.,ni: gasëh,,,
gas'ëës,v.         ni: gasëëts.         est;hab: gasës.,ni: gasëëts,est;hab: gasës,,
gasoom,n. esp.,,,,
gasõõm,v.,,,,
gas'oot,v.         ni: gasood.        est;hab: gasot.,ni: gasood,est;hab: gasot,,
gasuu,v.         ni: gasu.,ni: gasu,,,
gasuuh,v.         ni: gasung.,ni: gasung,,,
gasuut,v.         ni: gasud.,ni: gasud,,,
gasyyn,v.,,,,
gasyyp,v.         ni: gas'yyb.,ni: gas'yyb,,,
gas'ỹỹ däk,v.,,,,
gatang[LE15],v.         ni: gataa.,ni: gataa,,,
gataak,v.         ni: gataag.       naëng gataag n'aa n.,ni: gataag,,,
gataga,v.         ni: gatagaa.,ni: gatagaa,,,
gatat'uuk,v.         ni: gatatug.,ni: gatatug,,,
gatatsó[LE16],v.         ni: gatatsoo.,ni: gatatsoo,,,
gatedyyt,v.         ni: gated'yyd.,ni: gated'yyd,,,
gatëë,v.         ni: gat'ëë.,ni: gat'ëë,,,
gatëëh,v.         ni: gatëh.,ni: gatëh,,,
gatong,v.         ni: gatoo.         p: getoh.,ni: gatoo,p: getoh,,
gatoj,n.,,,,
gaton,n.,,,,
gatóng,v.         ni: gatoo.,ni: gatoo,,,
gatỹỹj,n. esp.,,,,
gatsabak,v.         ni: gatsabag.         p: gatsebak.,ni: gatsabag,p: gatsebak,,
gatsë,n op.,,,,
gatsëk,v.         ni: gatsëg.       w'oo gatsëg n.        sẽẽj nuu getsëk[LE17] v.,ni: gatsëg,,,
gatsi,v.        ni: gatsii.,ni: gatsii,,,
gats'iip,v.         ni: gatsiib.,ni: gatsiib,,,
gatsooh,n op.,,,,
gatsũũk,n. esp.,,,,
gawabak,v.        ni: gawabag.       poo gawabak v.,ni: gawabag,,,
gawabók,v.         ni: gawabóg.,ni: gawabóg,,,
gawagot,v.         ni: gawagod.       tëg gawagot doo n.,ni: gawagod,,,
gawahãng,v.         ni: gawahãã/h.         p: gawehãh.,ni: gawahãã/h,p: gawehãh,,
gawahé,v.         ni: gawahee.,ni: gawahee,,,
gawahëët,v.         ni: gawah'ëëd.,ni: gawah'ëëd,,,
gawajaah,v.         ni: gawaja/h.,ni: gawaja/h,,,
gawak,v.         ni: gawag.       h'yy gawak v.        ty gawak v.        ty newak[LE18] v.,ni: gawag,,,
gawakaa,n.,,,,
gawak'aap,n.,,,,
gawakẽẽt,v.         ni: gawak'ẽẽd.       noo gawakẽẽt v.,ni: gawak'ẽẽd,,,
gawakë,v.         ni: gawakëë.       noo gawakë doo n.,ni: gawakëë,,,
gawakõ,n op.,,,,
gawaraa,v.         ni: gawar'aa.,ni: gawar'aa,,,
gawar'ëëb,n.,,,,
gawarip,"v. 	ni: gawarib.",ni: gawarib,,,
gawaró,v.         ni: gawaroo.,ni: gawaroo,,,
gawäs,v.         p: gewäs.         ni: gewëëj.       dateej gawäs v.        nu gawäs v.        panyyg gawäs v.        ty gawäs v.         ni: ty gawëëj.[LE19]        p_o: ty gaw'ëës.,p: gewäs,ni: gewëëj,ni: ty gawëëj,[LE19]        p_o: ty gaw'ëës
gawasii,v.         ni: gawas'ii.,ni: gawas'ii,,,
gawatuk,v.         ni: gawatug.,ni: gawatug,,,
gawatsẽ,v.         ni: gawatĩĩ.,ni: gawatĩĩ,,,
gawatsik,v.         ni: gawatsig.,ni: gawatsig,,,
gawawék,v.,,,,
gaw'eets,n.,,,,
gawẽn,v.         ni: gawẽn.         est;hab: gaw'ẽẽn.,ni: gawẽn,est;hab: gaw'ẽẽn,,
gaw'ëëng,n.,,,,
gawëh,n. esp.,,,,
gawog,n.,,,,
gawooh,v.         ni: gawóh.,ni: gawóh,,,
tëg gewooh n'aa,n.,,,,
gawook,v.         ni: gawóg.,ni: gawóg,,,
gawõõt,v.         ni: gaw'õõd.         hab: gahewõt.,ni: gaw'õõd,hab: gahewõt,,
gawun,v.,,,,
gawyyg,n.,,,,
gawyyt,v.         ni: gaw'yyd.,ni: gaw'yyd,,,
ged'ëëk[LE20],v.,,,,
geduuh,v.         ni: geduh.,ni: geduh,,,
ged'uuk,v.         ni: geduug.,ni: geduug,,,
g'ẽẽ,onom.,,,,
g'eeh,par.,,,,
geëënh,v.,,,,
geët,v.,,,,
gehém,v.         ni: geheew.         caus: geh'eem.,ni: geheew,caus: geh'eem,,
gehonh,v.,,,,
gehỹỹh,v.         ni: gehä̃h.,ni: gehä̃h,,,
geh geh geh,onom.,,,,
gejoonh,v.         ni: gejooj.       moo gejoonh v.        ty gejoonh v.,ni: gejooj,,,
gejooh,v.         ni: gejóh.,ni: gejóh,,,
gejũũ,v.         ni: gejõ.,ni: gejõ,,,
gekanh,v.         ni: gekaaj.,ni: gekaaj,,,
gekyyt,v.         ni: gekyyd.,ni: gekyyd,,,
gemaah,v.         ni: gema/h.,ni: gema/h,,,
gen'aak,v.         ni: genaag.,ni: genaag,,,
geo,v.,,,,
geõk,v.         ni: geõg.,ni: geõg,,,
geoom,v.,,,,
gepynh,v.         ni: gepyyj.,ni: gepyyj,,,
gesés,v.         ni: geséts.       poo gesés v.,ni: geséts,,,
ges'ëënh,v.        ni: gesëëj.,ni: gesëëj,,,
getoh,v._p.         s: gatong.,s: gatong,,,
getõm,v.         hab: get'õõm.,hab: get'õõm,,,
getuu,v.        ni: getu.,ni: getu,,,
getsãm,v.,,,,
getsëëh,v.         ni: getsä.       ty getsëëh v.,ni: getsä,,,
getsi,v.         ni: getsii.,ni: getsii,,,
gewõõm,v.         ni: gew'õõw.,ni: gew'õõw,,,
g'ëëd nebaah,v.,,,,
gëëw,n.,,,,
gëëw paah,n.,,,,
g'õõ,onom.,,,,
goob n'aa,n op.,,,,
g'õõh,n op.,,,,
gõõj,n op.,,,,
g'ook,n. esp.,,,,
goor,n. esp.,,,,
goor gäh,n.,,,,
goots,n.,,,,
goré,n. esp.,,,,
gó,adv.,,,,
gód,n.,,,,
gum,n. esp.,,,,
guri-i,n. esp.,,,,
gyyj,n.,,,,
gyym,"n. esp. 	H",,,,
hä,posp.,,,,
haa,pro.hãã ?? então.,,,,
haak,n. esp.,,,,
haak sapuuw,n.,,,,
h'aaw,n. esp. h'aaw [LE21]ideo.,,,,
hab,n.,,,,
habẽ,onom.,,,,
habë,v.         ni: habëë.,ni: habëë,,,
habën,v.,,,,
haboonh,v.         ni: habooj.,ni: habooj,,,
habooj däk,v.,,,,
haboonh péh,n. esp.,,,,
hãd,adv.,,,,
häd,n op.         Is poss: hät ỹỹ,Is poss: hät ỹỹ,,,
hada,v.         ni: hadaa.         p: had'aa.,ni: hadaa,p: had'aa,,
hadë,v.         ni: hadëë.,ni: hadëë,,,
hadoo,v.        ni: hado.         p: hedoo.,ni: hado,p: hedoo,,
had'yyt hẽ,adv.,,,,
häd hããnh,v.,,,,
häd tapaa,v.         ni: häd tapa.       ky n'aa tapaa v.        ky katapaa n.,ni: häd tapa,,,
haëënh,v.         ni: ahëëj.[LE22],ni: ahëëj,,,
haëënh[LE23],v.,,,,
haëëk,v.         ni: haëg.,ni: haëg,,,
haët,"v. 	ni: haëd.       geët v.        ty heët v.        kaët v.         ni: kaëd.",ni: haëd,ni: kaëd,,
hag'ããs,v.         ni: hagãã.       mo hag'ããs v.         ni: mo hagãã.,ni: hagãã,ni: mo hagãã,,
hä̃h,intj.,,,,
hahanh,v.         ni: hahaaj.,ni: hahaaj,,,
hahããnh,v.         ni: hahããj.,ni: hahããj,,,
hah'aak,v.         ni: hahaag.       eh'aak v.,ni: hahaag,,,
hahãd,n.        nabuuj hahãd n.,,,,
hahëëk,v.         ni: hah'ëëg.       hehëëk v.,ni: hah'ëëg,,,
hahëëm,v.        ni: hahëëw.,ni: hahëëw,,,
hahëën,v.,,,,
hahëën[LE24],v.,,,,
hahëët,v.,,,,
hahiin,v.        ty hahiin v.,,,,
hahiin péh,n.,,,,
hahõd,n.,,,,
hahót,v.         ni: hahód.        caus: hah'oot.,ni: hahód,caus: hah'oot,,
hahus,v.,,,,
ni: hahut,s.,,,,
hahũũnh,"v.	ni: hahũũj.",ni: hahũũj,,,
hahỹỹh,pro.,,,,
haj'aa,"v.	ni: hajaa.       moo haj'aa v.",ni: hajaa,,,
Hajaad,n.,,,,
hajaar,n. boto.,,,,
hajẽm,v.         ni: hajẽẽw.         est;hab: haj'ẽẽm.hajõk adv_h.         ni: hajõõ/h.         não_humano: hajõng.,ni: hajẽẽw,est;hab: haj'ẽẽm,ni: hajõõ/h,não_humano: hajõng
hajõs,v.         ni: hajõts.         hab: hej'õõs.,ni: hajõts,hab: hej'õõs,,
haju,v.         ni: hajuu.,ni: hajuu,,,
hajuuk,v.         ni: hajug.,ni: hajug,,,
häj n'aa,n.,,,,
hakoot,v.         ni: hak'ood.,ni: hak'ood,,,
hamäh,intj.,,,,
hamam,v. hanaa v op.         ni: hanaa.       tä mahen'aa doo n.        moo ganaa v.,ni: hanaa,,,
hanyyh,v.         ni: hanyy/h.,ni: hanyy/h,,,
haóh,v.,,,,
hapäh,v.        ni: hapëë/h.         p: hap'ëë/h.       ty kepäh v.        ty gahapäh v.        kanapëë wät v.        manapëë wät v.        nepëë wät v.,ni: hapëë/h,p: hap'ëë/h,,
hapees,v.         ni: hapeets.,ni: hapeets,,,
harë v/,par.,,,,
har'ëëng,n.,,,,
harum,n.,,,,
haruunh,n. esp.,,,,
haruuh,n. esp.,,,,
haruum,n. esp.,,,,
haseem,v.         ni: haseew.,ni: haseew,,,
haseer,n.,,,,
hasëëm,v.,,,,
hasõk,v.         ni: hasõg.         est;hab: has'õõk.,ni: hasõg,est;hab: has'õõk,,
hasoo,v.         ni: has'oo.        n_p: heso.,ni: has'oo,n_p: heso,,
hasoos,v.         ni: has'ooj.,ni: has'ooj,,,
has'op,v.,,,,
hasung,v.,,,,
hasus,v.         ni: hasuts.       ty gasus v.        ty nesuts is v.,ni: hasuts,,,
hasus doo,n. esp.,,,,
hata,n.         p: hataa.,p: hataa,,,
hatäng,v.         ni: hatëë/h.,ni: hatëë/h,,,
hataak,v.         ni: hatag.,ni: hatag,,,
hatëng,v.         ni: hatëë.,ni: hatëë,,,
hatook,v.         ni: hatog.,ni: hatog,,,
hatóng,"v. 	ni: hatoo.",ni: hatoo,,,
hatsóh,"v. 	ni: hatsóh.",ni: hatsóh,,,
hatsuuk,"v.	ni: hatsug.",ni: hatsug,,,
hawak,"v. 	ni: hawag.",ni: hawag,,,
hawëëk,"v.	ni: hawäg.",ni: hawäg,,,
hawoonh,"v. 	ni: hawooj.       s'yyd gawoonh v.",ni: hawooj,,,
hawób,v.,,,,
hawun,v.,,,,
hawuuk,v.         ni: hawuug.,ni: hawuug,,,
hawyyt,v.         ni: hawyyd.,ni: hawyyd,,,
hawyyt [LE25],v.         ni: haw'yyd.,ni: haw'yyd,,,
hawy däk,v.,,,,
hẽ,suf.        da hẽ adv. hẽ [LE26]exclam.,,,,
hẽnh,posp.,,,,
heb'ooh doo,n_p.,,,,
hebyng,v.         ni: hebyy.,ni: hebyy,,,
hebyy n'aa,n op.,,,,
hedoo,v.,,,,
heduuh,v.         ni: heduh.       nu_heduuh v.,ni: heduh,,,
hedyyk,v.         ni: hedyyg.,ni: hedyyg,,,
heen n'aa,n op.        papỹỹj heen n'aa n.        moo heen n'aa n op.        nabuuj heen n'aa n op.,,,,
hẽẽ meme,onom.,,,,
hegõnh,v.         ni: hegõj.         hab: heg'õõnh.,ni: hegõj,hab: heg'õõnh,,
hehä,n.,,,,
hehä̃nh,v.         ni: hehä̃j.        est;hab: heh'ỹỹnh.,ni: hehä̃j,est;hab: heh'ỹỹnh,,
hehaa,v.         ni: heh'aa.,ni: heh'aa,,,
hehaas,v.        ni: hehats.,ni: hehats,,,
heh'äät,adj.,,,,
hehëëk,v.,,,,
hehëën,v.,,,,
heh'oos,v.         ni: hehoots.         est;hab: hehos.,ni: hehoots,est;hab: hehos,,
hehut,n.,,,,
hehuut,v.         ni: hehud.,ni: hehud,,,
hejat,v.         ni: hejad.,ni: hejad,,,
hejeej,n.,,,,
hejẽh,v.         ni: hejẽh.         est;hab: hej'ẽẽh .,ni: hejẽh,est;hab: hej'ẽẽh,,
hejoonh,v.         ni: hejooj.         n: hejój.,ni: hejooj,n: hejój,,
heju,"v. 	        ni: hejuu.",ni: hejuu,,,
hejuu,v.         ni: heju.        hab: hejuu.,ni: heju,hab: hejuu,,
hemaanh,v.         ni: hem'aaj.,ni: hem'aaj,,,
hẽn dor,n. esp.,,,,
hepät,v.,,,,
hep'ees,v.         ni: hepeets.,ni: hepeets,,,
hep'ëëh doo,n.,,,,
hep'õp,v.,,,,
hepũũ,v.         ni: hepõ.       s'yyd ma hepũũ v.,ni: hepõ,,,
her'oot,v.         ni: her'ood.       ner'oot v.,ni: her'ood,,,
hesëënh,v.         ni: hesëëj.,ni: hesëëj,,,
hetäk doo,n. esp.,,,,
hetëk doo,n.,,,,
hetõt,v.         ni: hetõd.         hab: het'õõt.,ni: hetõd,hab: het'õõt,,
hetuuk péh,n. esp.,,,,
hetsẽẽs,v.         ni: hetsẽs.         est;hab: hets'ẽẽs.,ni: hetsẽs,est;hab: hets'ẽẽs,,
hets'iip,v.         ni: hetsiib.,ni: hetsiib,,,
hetsooh,v.        ni: hets'oo/h.,ni: hets'oo/h,,,
hetsoot,v.         ni: hetsód.,ni: hetsód,,,
hets'yyt,v.         ni: hetsyyd.         hab: hetsyd.,ni: hetsyyd,hab: hetsyd,,
heuk,v.         ni: heuug.,ni: heuug,,,
hewaat,"v.	ni: hewad.",ni: hewad,,,
hewag däk,v.,,,,
hewag wät,v.,,,,
hew'ëëh,n.,,,,
hewi,v.,,,,
hewoonh,v.,,,,
hewyk,v.,,,,
hewyyh,"v. 	        ni: hewyh.",ni: hewyh,,,
hew'yyt doo,n.,,,,
hë,n op.,,,,
hëd,n. esp.,,,,
hëd n'aa,adv.,,,,
hëë,n.,,,,
h'ëëd,n op.        ta h'ëëd n.,,,,
hëëj,n.,,,,
hëëj häng,v.         p: hëëj ebëëh.,p: hëëj ebëëh,,,
hëëw,n. esp.,,,,
h'ëëw,n. esp.,,,,
hëëw t'ëëh,n.,,,,
hën naa,n.,,,,
hii,intj.,,,,
h'ĩĩw,onom.,,,,
hii nooh,n. esp.,,,,
hii oow,n. esp.,,,,
hin,v.,,,,
hiruuh,n. esp. hitsãã exclam.,,,,
hob,n. [LE27],,,,
hog,n.,,,,
hog tä n'aa,n.,,,,
hoonh,n.,,,,
h'oo,n. esp.,,,,
hoob,n. esp.,,,,
hood,n op.,,,,
hood t'ëëh,n. esp.,,,,
hood tëg,n.,,,,
hooh,n op.       ta_hoo_gakä n.,,,,
h'ooh,n.,,,,
hõõh,n.,,,,
hooh ebang,v.         ni: hooh ebaa/h,ni: hooh ebaa/h,,,
hõõh etsëk,v.,,,,
hooh hoh hoh hoh hoh,onom.,,,,
hooh papa,n op.,,,,
hooj,n. esp.,,,,
hõõ bä,adv.,,,,
hoo gad'ooh,adj.,,,,
hoo kaanh,v.         ni: hoo kaaj.,ni: hoo kaaj,,,
hoo rong,n. esp.,,,,
hub,n op. corpo.,,,,
hũũg,onom.,,,,
h'uuh,n. esp.,,,,
huuj,n. esp.,,,,
hũũt,n.         1 poss: hõt ỹỹ.,1 poss: hõt ỹỹ,,,
hũũts,onom.,,,,
hyb n'aa,par.,,,,
hyb n'aa esee,v.         ni: hyb n'aa es'ee.        est;hab: hyb n'aa esé.,ni: hyb n'aa es'ee,est;hab: hyb n'aa esé,,
hyb n'aa gadoo,v.         ni: hyb n'aa gado.,ni: hyb n'aa gado,,,
hyb n'aa mabaan,v.,,,,
hyb n'aa matakëë,v.         ni: hyb n'aa matakä.,ni: hyb n'aa matakä,,,
hyb n'aa newëë,v.         ni: hyb n'aa newë.,ni: hyb n'aa newë,,,
hyb n'aa p'eed,v.         ni: hyb n'aa peed.,ni: hyb n'aa peed,,,
hyb n'aa péh,v.,,,,
hyb n'aa sëm,v.         ni: hyb n'aa sëëw.,ni: hyb n'aa sëëw,,,
hyb n'aa tón,v.,,,,
h'yyb,n op.         1s poss: hëp ỹỹ.,1s poss: hëp ỹỹ,,,
h'ỹỹb,n.,,,,
h'yyb däk,v.,,,,
h'yyb däng doo,v.         p: h'yyb kajëk.,p: h'yyb kajëk,,,
h'yyb ebang,v.,,,,
h'yyb edah,v.,,,,
h'yyb eh,v.         ni: h'yyb ee.,ni: h'yyb ee,,,
h'yyb ehót,v.         ni: h'yyb ehód.,ni: h'yyb ehód,,,
h'yyb etsu,v.,,,,
h'yyb hadoo,v.,,,,
h'yyb hajaa hẽ,v.,,,,
h'yyb hejój n'aa,n.,,,,
h'yyb jawëën,v.,,,,
h'yyb jawyk,v.         ni: h'yyb jawyg.,ni: h'yyb jawyg,,,
h'yyb mabaan,v.,,,,
h'yyb manepëëh,v.,,,,
h'yyb manep'ëëh,v.         ni: h'yyb manepëëh.h'yyb masoo v_idiom.,ni: h'yyb manepëëh,,,
h'yyb nahabaah,v.,,,,
h'yyb näm,v.         ni: h'yyb nyyw.,ni: h'yyb nyyw,,,
h'yyb nedëb,v. [LE28],,,,
h'yyb neỹỹm doo,n.,,,,
h'yyb nyyw däk,v.,,,,
h'yyb panas'ëëh,v.         ni: h'yyb panasä/h.,ni: h'yyb panasä/h,,,
h'ỹỹb pee,n.,,,,
h'yyb rejãã,v.         ni: h'yyb rejã.,ni: h'yyb rejã,,,
h'yyb sä̃,v.,,,,
h'yyb sawëënh,v.         ni: h'yyb sawëëj.,ni: h'yyb sawëëj,,,
h'yyb tym,n.,,,,
h'yyb tsuu,v.,,,,
h'yyb ts'uu däk,v.,,,,
h'yyb wareem,v.,,,,
h'yyb wät,v.,,,,
h'ỹỹb wooj n'aa,n.,,,,
hyyj,n op.,,,,
hỹỹj,n op.         1s_poss: hä̃j ỹỹ.,1s_poss: hä̃j ỹỹ,,,
hyyj parar'aah,v.         ni: hyyj pararaa/h.,ni: hyyj pararaa/h,,,
hyyj tsik,v.,,,,
h'yy gabaaj hõm,v.         p: h'yy gebaaj hõm.,p: h'yy gebaaj hõm,,,
h'yy gabed'ooh,v.         ni: h'yy gabedoo/h.,ni: h'yy gabedoo/h,,,
h'yy gadajang,v.         ni: h'yy gadaja/h.,ni: h'yy gadaja/h,,,
h'yy gaẽẽnh,v.         ni: h'yy gaẽẽj.         p: h'yy ga'ẽẽnh.,ni: h'yy gaẽẽj,p: h'yy ga'ẽẽnh,,
h'yy gagyy,v.         ni: h'yy gag'yy.,ni: h'yy gag'yy,,,
h'yy gahoot,v.         ni: h'yy gah'ood.         est;hab: h'yy gehot.,ni: h'yy gah'ood,est;hab: h'yy gehot,,
h'yy gahub däk,v.,,,,
h'yy gajëng,v.         ni: h'yy gajëë/h.,ni: h'yy gajëë/h,,,
h'yy gakog hõm,v.,,,,
h'yy gamasé,v.,,,,
h'yy ganäng,v.         ni: h'yy ganyy/h.         p: h'yy genäh.,ni: h'yy ganyy/h,p: h'yy genäh,,
h'yy ganapõõ,v.         ni: h'yy ganapõ.         est;hab: h'yy ganap'ũũ.,ni: h'yy ganapõ,est;hab: h'yy ganap'ũũ,,
h'yy ganenäh doo,n.,,,,
h'yy ganewäh,v.         ni: h'yy ganewä/h.,ni: h'yy ganewä/h,,,
h'yy gasakuunh,v.         ni: h'yy gasakuuj.,ni: h'yy gasakuuj,,,
h'yy gasẽ,v.,,,,
h'yy gasẽng,v.         ni: h'yy gasẽẽ.,ni: h'yy gasẽẽ,,,
h'yy gatamaah,v.         ni: h'yy gatamaa/h.,ni: h'yy gatamaa/h,,,
h'yy gatapooh,v.,,,,
h'yy gawaẽ,v.         ni: h'yy gawẽẽ.,ni: h'yy gawẽẽ,,,
h'yy gawak,v.         ni: h'yy gawag.,ni: h'yy gawag,,,
h'yy gawẽẽm,v.         ni: h'yy gawẽẽw.        p: h'yy gewẽm.,ni: h'yy gawẽẽw,p: h'yy gewẽm,,
h'yy gawõõt,v.         ni: h'yy gaw'õõd.         hab: h'yy gahewõt.,ni: h'yy gaw'õõd,hab: h'yy gahewõt,,
h'yy geho,v.,,,,
h 'yy gehot,v.         ni: gehood.,ni: gehood,,,
h'yy gehot,v.         ni: h'yy gehod.,ni: h'yy gehod,,,
h'yy kadej'oom,v.         ni: h'yy gakejoow.,ni: h'yy gakejoow,,,
h'yy ka'ee/h,v.         ni: h'yy kae/h.,ni: h'yy kae/h,,,
h'yy kajew'ëës,v.         ni: h'yy kajewëëts.,ni: h'yy kajewëëts,,,
h'yy kajooh,v.         ni: h'yy kajóh.,ni: h'yy kajóh,,,
h'yy kamasoo,v.         ni: h'yy kamaso.,ni: h'yy kamaso,,,
h'yy kamep'ëëh,v.        ni: h'yy kamepäh.,ni: h'yy kamepäh,,,
h'yy kanap'eed,v.         ni: h'yy kanapeed.,ni: h'yy kanapeed,,,
h'yy kasabee,v.         ni: h'yy kasabé.,ni: h'yy kasabé,,,
h'yy kasadä,v.         ni: h'yy kasadëë.,ni: h'yy kasadëë,,,
h'yy kasẽ,v.         est;hab: h'yy kas'ẽẽ.,est;hab: h'yy kas'ẽẽ,,,
h'yy katón,v.,,,,
h'yy kawab'aak,v.         ni: h'yy kawabaag.,ni: h'yy kawabaag,,,
h'yy kawapëën,v.,,,,
h'yy keb'aah,v.        ni: h'yy keba/h.,ni: h'yy keba/h,,,
h'yy kejỹỹk,v.         ni: h'yy kejä̃g.,ni: h'yy kejä̃g,,,
h'yy kes'oop,v.         ni: h'yy kesob.,ni: h'yy kesob,,,
h'yy kesóm,v.         ni: kesów.,ni: kesów,,,
hỹỹ pong jé,"adv. 	I",,,,
iih,onom.,,,,
is po,s.         ni: its.                J,ni: its,,,
j'aa,n op.,,,,
jää,n. esp.,,,,
jaah,adv.,,,,
jaaj,n. esp.,,,,
jaak,n. esp.,,,,
jããm hẽ,adv.,,,,
j'ããr,n. esp.,,,,
jaaw,n. esp.,,,,
j'aa gagëd,v.,,,,
j'aa ganagëd,v.         ni: gagëd.,ni: gagëd,,,
j'aa ketsë,v.         ni: j'aa ketsëë.,ni: j'aa ketsëë,,,
j'aa wadaap,v.,,,,
jäb,n. esp.,,,,
jabaanh,v.         ni: jabaaj.,ni: jabaaj,,,
jabarako,n. esp.,,,,
jabarasii,n. esp.,,,,
jabarato,n. esp.,,,,
jabaratoo,n. esp.,,,,
jabaruut,v.         ni: jabaruud.,ni: jabaruud,,,
jabas,n. esp.,,,,
jabi,n.,,,,
jabik,v.         ni: jabig.         hab: jebik.,ni: jabig,hab: jebik,,
jabuur,n. esp.,,,,
jabyyp,n. esp.,,,,
jadasõng,v.         ni: jadasõõh.,ni: jadasõõh,,,
jadatok,v.         ni: jadatog.,ni: jadatog,,,
jag,n.         1stposs: jak ỹỹ.,1stposs: jak ỹỹ,,,
jäh,n op.,,,,
jahamad,n. esp.,,,,
jahoow,n. esp.,,,,
jahuun,n.,,,,
jajé,adv.,,,,
jakabé,n. esp.,,,,
jakaro,n. esp.,,,,
jakaro yb,n.,,,,
jakaro ỹỹw,n. esp.,,,,
jakoo,n.        karapee_jakoo n. esp.,,,,
jäm,n.,,,,
jamad,n. esp.,,,,
jamasiis,n. esp.,,,,
jamasooh,n. esp.,,,,
jamasỹỹs,n. esp.,,,,
jamatod,n. esp.,,,,
jamatuuh,n. esp.,,,,
jamatuuj,n. esp.,,,,
jama rug,n. esp.,,,,
jame,n. esp.,,,,
jamog,n.,,,,
janakop,n.,,,,
janaro,n. esp.,,,,
janati,n.,,,,
janeej,n. esp.,,,,
janooh,n op.        b'aah_janooh n.,,,,
japoow hesët doo,n. esp.,,,,
japow,n. japũũn n_lg.,,,,
jarããh,n.,,,,
jaraak,n. esp.,,,,
jarããm,n. esp.,,,,
jarabed,n. esp.,,,,
jarakë,n.,,,,
jarana,n. esp.,,,,
jarataa,n.,,,,
jaratõ,n. esp.,,,,
jaratuu,n. esp.,,,,
jareet,v.         ni: jar'eed.         hab: jaherét.,ni: jar'eed,hab: jaherét,,
jari,n op.,,,,
jaroor,n op.,,,,
jasëëh,v.         ni: jasëh.,ni: jasëh,,,
jasuu,v.         ni: jasu.,ni: jasu,,,
jas ja,onom. esp.,,,,
jatad,n. esp.,,,,
jatad oow,n. esp.,,,,
jati,adv.,,,,
jat'iip,adv.,,,,
jati hawät hẽ,adv.,,,,
jatsë,n.,,,,
jatsëk,v.         ni: jatsëg.,ni: jatsëg,,,
jawa,n. esp.,,,,
jawanh,v.         ni: jawaj.,ni: jawaj,,,
jawahag,n. esp.,,,,
jawahid,n. esp.,,,,
jawajeer,n. esp.,,,,
jawäk,n. esp.,,,,
jawäk syyj,n. esp.,,,,
jawara,n. esp.,,,,
jawaraah,n. esp.,,,,
jawar na,n.,,,,
jawawym,n. esp.,,,,
jawa juur k'yy,n. esp.,,,,
jaw'eer,n. esp.,,,,
jawén,adv.,,,,
jawén buuj,adv.,,,,
jawén paa bä,adv. depois.       ta jawén paa bä adv.,,,,
jawén p'aa hẽnh,adv.,,,,
jaw'ëëj,n. esp.,,,,
jaw'ëëj h'ook,n. esp.,,,,
jaw'ëëj naëj,n. esp.,,,,
jawëën,v.        h'yyb jawëën v.        mo jawëën v.        ky jawëën v.        nu jawëën v.,,,,
jawii,n.,,,,
jawiir,n.,,,,
jawii bari,n. esp.,,,,
jawii t'ëëh,n. esp.,,,,
jawyk,v.         ni: jawyg.,ni: jawyg,,,
jawyyg n'aa,n.,,,,
j'eep,adv.,,,,
jejën,v.,,,,
jesyk,v.        ni: jesyg.,ni: jesyg,,,
jets,n.,,,,
jets jets jets,onom.,,,,
jew'ëës,v.         ni: jewëëts.,ni: jewëëts,,,
jeỹỹm,v.,,,,
j'éés j'éés,onom.,,,,
jëng,n. esp.,,,,
jëë,n. esp.,,,,
jëëb,n. esp.,,,,
j'ëëj,n. esp.,,,,
ji,pro.,,,,
ji erih doo hëëd n'aa,n.,,,,
ji jesëëk doo,n.,,,,
ji kebiin doo tób n'aa,n.,,,,
ji metẽn péh,n.,,,,
ji saroor jó dahy n'aa,n.,,,,
jõ,n.,,,,
jood,n. esp.,,,,
jooh,n.,,,,
j'ooh,n.,,,,
j'ooh dus,n.,,,,
j'ooj hẽ,adv.,,,,
jooj madäk ta h'yyb tym,n.,,,,
jook,n.,,,,
joom,n.,,,,
jõõp,n. esp.,,,,
jõõw,n.,,,,
jó,adv.,,,,
jóh,n.,,,,
jón,n. esp.,,,,
jó hetëk,v.         ni: jó hetëg.,ni: jó hetëg,,,
jó pararyh,v.         ni: jó pararyng.       noo pararyh v.        tsyym pararyh v.,ni: jó pararyng,,,
jó tëëg,n op.,,,,
jó wajaẽ,v.         ni: jó wajaĩĩ.jukiir n_lg.,ni: jó wajaĩĩ,,,
juu,n.,,,,
j'uu,n. esp.,,,,
juud,n. esp.,,,,
juum,n. esp.,,,,
j'uur,n. esp.,,,,
jyh,n. esp.,,,,
jyyd,n op.,,,,
jỹỹj,"n esp. 	K",,,,
kaaj,n.,,,,
kaari tu,onom.,,,,
kaar to,n. esp.,,,,
kaat,n.,,,,
k'ããts,n.,,,,
k'ããts nawyyd n'aa,n.,,,,
kabaar,n. esp.,,,,
kab'aa rara,n.,,,,
kabaj'aa,v.         ni: kabaja.,ni: kabaja,,,
kabajuuk,v.          ni: kabajuug.,ni: kabajuug,,,
kabakut,v.        nu kabakut v.,,,,
kabanapũũn sëëk,v.,,,,
kabaradëë,n. esp.,,,,
kabarak,v.         ni: kabarag,ni: kabarag,,,
kabaräm,v.,,,,
kabariih,n.,,,,
kabarik,v.         ni: kabarig.,ni: kabarig,,,
kabatar,n.,,,,
kabẽẽh,v.         ni: kab'ẽẽ/h,ni: kab'ẽẽ/h,,,
kabë,n.,,,,
kabëë,v.         ni;p: kab'ëë.,ni;p: kab'ëë,,,
kabõnh,v.          ni: kabõõj.         hab: kaheb'õõnh.,ni: kabõõj,hab: kaheb'õõnh,,
kaboo,v.         ni: kabo.       byy kaboo v.,ni: kabo,,,
kad,n.,,,,
kadadũũn,v.,,,,
kadap'ooh,v.         ni: kadapoong.         est;hab: kadepóh.,ni: kadapoong,est;hab: kadepóh,,
kadasũũd këë,v.         ni: kadas'ũũd kä.,ni: kadas'ũũd kä,,,
kadasũũt,v.         ni: kadas'ũũd.,ni: kadas'ũũd,,,
kadawëës,v.         ni: kadawäts.,ni: kadawäts,,,
kadeej,n.,,,,
kadep'aah,v.         ni: kadapaang.kadetsũũn         ni: kadets'ũũn.,ni: kadapaang,kadetsũũn         ni: kadets'ũũn,,
kadih ri,n. esp.,,,,
kadiib,n.,,,,
kadoo,v.         ni: kado.,ni: kado,,,
kad'oo,v.,,,,
kaët,v.         ni: kaëd.,ni: kaëd,,,
kagëët,v.         ni: kag'ëëd.,ni: kag'ëëd,,,
kagooh,n.,,,,
kagónh,v.         ni: kagooj.,ni: kagooj,,,
kahãng,v.         ni: kahãã/h.       nag'aad kahãng v.       tëg kahãng v.,ni: kahãã/h,,,
kahããw,n. esp.,,,,
kahabën,v.          ni: kahabë.,ni: kahabë,,,
kahakoot,v.         ni: kahak'ood.         est;hab: kahakot.       hakoot v.,ni: kahak'ood,est;hab: kahakot,,
kahakos,v.         ni: kahakots.,ni: kahakots,,,
kahasung,v.         ni: kahasuu/h.,ni: kahasuu/h,,,
kahas'yyk,v.          ni: kahasyyg.,ni: kahasyyg,,,
kahawẽs,v.         ni: kahawẽts.,ni: kahawẽts,,,
kahawuuk,v.         ni: kahawug.,ni: kahawug,,,
kahẽẽ,v.         ni: kah'ẽẽ,ni: kah'ẽẽ,,,
kahẽẽnh,v.         ni: kahẽẽj.,ni: kahẽẽj,,,
kaheet,v.         ni: kaheed.,ni: kaheed,,,
kahetsi,v.         ni: kahetsii.,ni: kahetsii,,,
kahetsoot,v.         ni: kehets'ood.,ni: kehets'ood,,,
kahëd jëng,v.,,,,
kaho,n. esp.,,,,
kahooh,n. esp.,,,,
kahys,v.         ni: kahyts.,ni: kahyts,,,
kah'ỹỹt,v.         ni: kahỹỹd.,ni: kahỹỹd,,,
kajaa,v.         ni: kaja.        kanaja wäd v.,ni: kaja,,,
kajaanh,v.         ni: kaj'aaj.,ni: kaj'aaj,,,
kajab'ooh,v.,,,,
kajahar,n.,,,,
kajäk,v_ pl.          ni: kajäg.         sing: adäng.,ni: kajäg,sing: adäng,,
kajakõnh,v.         ni: kajakõõj.,ni: kajakõõj,,,
kajakyyh,v.          ni: kajak'yyng.,ni: kajak'yyng,,,
kajamaah,n.,,,,
kajapóh,n.          ni: kajapóng.,ni: kajapóng,,,
kajarẽẽ,n. esp.,,,,
kajasuu,v.          ni: kajasu.         p: kajas'uu.,ni: kajasu,p: kajas'uu,,
kajatuk,v.         ni: kajatug.,ni: kajatug,,,
kaja hẽ,adj.,,,,
kajebaanh,v.         ni: kajehaaj.,ni: kajehaaj,,,
kaj'ees,v.         ni: kajets.,ni: kajets,,,
kaj'ẽẽw,n. esp.,,,,
kajehaa,v.         ni: kajeh'aa.       ty jehaa v.,ni: kajeh'aa,,,
kajejyk,v.          ni: kajejyg.,ni: kajejyg,,,
kajero,n. esp.,,,,
kajew'ëën,v.         ni: kajewëën.,ni: kajewëën,,,
kaj'iis,v.         ni: kajiits.,ni: kajiits,,,
kajõõn,v.         ni: kaj'õõn.         hab: kahej'õõn.,ni: kaj'õõn,hab: kahej'õõn,,
kajón,n. esp.,,,,
kaj-pa,n. esp.,,,,
kaj'uuj,n. esp.,,,,
kajuuk,v.         ni: kajug.,ni: kajug,,,
kajuun,v.,,,,
kakaaw,n. esp.,,,,
kaké,n.,,,,
kak'ëëng hõm,v.,,,,
kakog,n. esp.,,,,
kakooh,v.         ni: kak'oong.        est;hab: kakóh.,ni: kak'oong,est;hab: kakóh,,
kakook,v.          ni: kak'oog.         est;hab: kakog.,ni: kak'oog,est;hab: kakog,,
kakoon,v.         est;hab: kakon.,est;hab: kakon,,,
kakoos,n. esp.,,,,
kakoos yb,n.,,,,
kakỹỹw,n op.,,,,
kamaan,n.,,,,
kamab'aar,n. esp.,,,,
Kamab Kur,n.,,,,
kamag,n op.,,,,
kamahãn,v.         est;hab: kamanh'ããn.,est;hab: kamanh'ããn,,,
kamah'eer,n.,,,,
kamaj'ĩĩ,v.          ni: kamejẽ.,ni: kamejẽ,,,
kamaj'ooh,n. esp.,,,,
kamak,n. esp.,,,,
kamako,n.,,,,
kamakys,v.         ni: kamakyts.,ni: kamakyts,,,
kamam,v.,,,,
kamana'uuh,v.         ni: kamanaung.,ni: kamanaung,,,
kamapi,n. esp.,,,,
kamapõõt,v.         ni: kamap'õõd.,ni: kamap'õõd,,,
kamara,n.,,,,
kamarab,n.,,,,
kamarab hi,n. esp.,,,,
kamarõh,n. esp.,,,,
kamarus,n. esp.,,,,
kamasaj,n. esp.,,,,
kamasi,n.,,,,
kamasi riiw,n. esp.,,,,
kamasoo,v.         ni: kamaso.,ni: kamaso,,,
kamas'uunh,v.         ni: kamasuuj.,ni: kamasuuj,,,
kamataraah,n. esp.,,,,
kamatsë,v.         ni: kamatsëë.,ni: kamatsëë,,,
kamawaar,n. esp.,,,,
kamawi,n. esp.,,,,
kamawiir,n. esp.,,,,
kamawõt,v.         ni: kamawõd.         hab: kamahewõt.,ni: kamawõd,hab: kamahewõt,,
kame'aanh,v.         ni: kameaaj.,ni: kameaaj,,,
kameg'ããs,v.         ni: kamegãã.,ni: kamegãã,,,
kameh'ããk,v.         ni: kamehããg.,ni: kamehããg,,,
kamejóh,v.,,,,
kameoot,v.         ni: kameód.,ni: kameód,,,
kametyy,v.         ni: kamety.,ni: kamety,,,
kamuuh,n. esp.,,,,
kamuuk,v.         ni: kam'uug.         hab: kahemok.,ni: kam'uug,hab: kahemok,,
kän,suf.         ni: kä.,ni: kä,,,
kanang,n. esp.,,,,
kanaa,v.         ni: kana.,ni: kana,,,
kanabeed,n. esp.,,,,
kanabéd,n.,,,,
kanabuut tyd,n. esp.,,,,
kanad,n.,,,,
kanahën v/,adv.,,,,
kanahõ,v.         ni: kanah,ni: kanah,,,
kanaja wäd,v.,,,,
kanajëëj,n.,,,,
kanamuud,n. esp.,,,,
kananuur,n. esp.,,,,
kanap'eed,n.,,,,
kanapëë wät,v.,,,,
kanapiih,n.,,,,
kanapũũn,v.         hab: kanahepõn.       kabanapũũn sëëk,hab: kanahepõn,,,
kanarahooh,n. esp.,,,,
kanarẽẽh,adv.,,,,
kanari,n.,,,,
kanarino tyd,n. esp.,,,,
kanatëë,n.,,,,
kanatib na,n. esp.,,,,
kanato,n. esp.,,,,
kanaw'aa,v.         ni: kanawaa.,ni: kanawaa,,,
kanaỹỹs,n. esp.,,,,
kanang ỹỹw,n. esp.,,,,
kane,n. esp.,,,,
kaneké,v.         ni: kanrkee.,ni: kanrkee,,,
kanet'ëëg ub,n.,,,,
kanuud,n. esp.,,,,
kaõõnh,v.         ni: kaõõj.        hab: kahe'õõnh.,ni: kaõõj,hab: kahe'õõnh,,
kaój byyh,n. esp.,,,,
kapahẽẽh,v.         ni: kapahẽ.       byy kapahẽ hõm v.,ni: kapahẽ,,,
kapatson,n.,,,,
kapeer,n. esp.,,,,
kapé kapé,n. esp.,,,,
kapiwooh,n. esp.,,,,
kapõn,v.          ni: kapõn.         hab: kahep'õõn.,ni: kapõn,hab: kahep'õõn,,
kapoonh,n. esp.,,,,
kapooh,v.         ni: kapoh.       apób n.,ni: kapoh,,,
kapõõs,v.         ni: kap'õõj.,ni: kap'õõj,,,
kapuuh,v.         p: kepuuh.         ni: kapuh.,p: kepuuh,ni: kapuh,,
kapỹỹj,n.,,,,
karaak,n.,,,,
karaar,n. esp.,,,,
karaba,n.,,,,
karabéts b'eets,n. esp.,,,,
karabon,n. esp.,,,,
karabów,n. esp.,,,,
karahëë,n.,,,,
karah'ëëts,n. esp.,,,,
karahi,n.,,,,
karahon,n. esp.,,,,
karahon booj,n.,,,,
karahoo t'ëëh,n. esp.,,,,
karahyyj yb,n. esp.,,,,
karahyyr,n.,,,,
karaj'aa,n.,,,,
karajan,v.         p: karej'aan.,p: karej'aan,,,
karajuu,n. esp.,,,,
karak,v.         ni: karag.       kabarak v.         nu karak v.        ty kajarak v.,ni: karag,,,
karakõj,n. esp.,,,,
karäm,v.,,,,
karäp,v.         ni: karëëb jëng.         p: kerëb pëë.,ni: karëëb jëng,p: kerëb pëë,,
karapa,n op.,,,,
karap'aar,n.,,,,
karapee,n.         p: karepé.,p: karepé,,,
karapee habëëh,n.,,,,
karapee jakoo,n. esp.,,,,
karap'iir,n.,,,,
karapug,n. esp.,,,,
kararaah,v.,,,,
kararëëh,v.         ni: kararë.,ni: kararë,,,
karasee,n.         p: karese.,p: karese,,,
karasid,n.,,,,
karasyd,n. esp.,,,,
karas tyd,n. esp.,,,,
karatẽd tẽd,n. esp.,,,,
karatu,n. esp.,,,,
karawa,n. esp.,,,,
karawraa,n.,,,,
karawaa g'aad,n. esp.,,,,
karawëën,n. esp.,,,,
karawëët,n. esp.,,,,
karawig w'iig,n. esp.,,,,
karehãng,v.         ni: karehãã/h.       ty karehãng v.,ni: karehãã/h,,,
karejãã,v.         ni: karajã.,ni: karajã,,,
karẽn,v.         p: kerẽn.         est;hab: kar'ẽẽn.,p: kerẽn,est;hab: kar'ẽẽn,,
karepé,n_p.         s: karapee.,s: karapee,,,
kareso,n. esp.,,,,
karéb,n. esp.,,,,
karëk,v.         ni: karëg.,ni: karëg,,,
karëm,v.         p: kerëm.,p: kerëm,,,
karip,v.         ni: karib.,ni: karib,,,
kariw n'aa,n.,,,,
karõnh,v.         ni: karõõj.         hab: kaher'õõnh.,ni: karõõj,hab: kaher'õõnh,,
karoh,n. esp.,,,,
karõh,n. esp.,,,,
karõh yb,n. esp.,,,,
karom,n.,,,,
karon,n. esp.,,,,
karoo,n. esp.,,,,
karo myym säm,n. esp.,,,,
karóts,n. esp.,,,,
kas'aag,n.,,,,
kasabid,n. esp.,,,,
kasamuu,v.         ni: kasamo.,ni: kasamo,,,
kasä̃n,n.          est;hab: kas'ỹỹn.,est;hab: kas'ỹỹn,,,
kasapaa,v.          ni: kasapa.,ni: kasapa,,,
kasapook,v.         ni: kasapóg.,ni: kasapóg,,,
kasarõõ,v.         ni. kasarõ.,,,,
kasawõõp,v.         ni: kas aw'OOb. 1,ni: kas aw'OOb,,,
kasee,v.         ni: kas'ee.         est;hab: kasé.,ni: kas'ee,est;hab: kasé,,
kas'ẽẽd hõm,v.,,,,
kasẽẽt,v.         ni: kas'ẽ,ni: kas'ẽ,,,
kasejỹỹk,v.         ni: kasejä̃g.,ni: kasejä̃g,,,
kaser n'aa,n.,,,,
kasëm,v.,,,,
kasooh,v.         ni: kas'oo/h.,ni: kas'oo/h,,,
kasuk,v.         ni: kasug.         p: kesuk.       wii kasuk v.,ni: kasug,p: kesuk,,
kasuu,n. esp.,,,,
kasũũm,n. esp.,,,,
kas'uut,v.         ni: kasuud.,ni: kasuud,,,
kataa,v.         ni: kata.,ni: kata,,,
katajod,n. esp.,,,,
katakyyk,v.         ni: katakyg.,ni: katakyg,,,
katarik,v.,,,,
kataro,n. esp.,,,,
katataat,v.          ni: katatad.,ni: katatad,,,
katawet,n.,,,,
katayy,v.         ni: katay.,ni: katay,,,
katehõk,v.,,,,
katep'ẽẽk,v.         ni: katepẽẽg.,ni: katepẽẽg,,,
katëng,v.         ni: katëh.         p: katëk.,ni: katëh,p: katëk,,
katëë,v.          ni: kat'ëë.,ni: kat'ëë,,,
kati riw,n. esp.,,,,
katooh,v.         ni: katóh.,ni: katóh,,,
katuuh,v.         ni: kat'uung.,ni: kat'uung,,,
katsaa,v.,,,,
kaur,n. esp.,,,,
kawa,n.          ni: kawaa.,ni: kawaa,,,
kawaa,n. esp.,,,,
kawaad,n. esp.,,,,
kawããn,n. esp.,,,,
kawaar,n. esp.,,,,
kawaar hããb,n.,,,,
kawaar mak,n.,,,,
kawaar tyd,n. esp.,,,,
kawaa jëng,v.,,,,
kawad,n. esp.,,,,
kawad puuw,n.,,,,
kawahã këë,adv.,,,,
kawahed,n. esp.,,,,
kawaheer,n.,,,,
kawah'ëëk,v.         ni: kawahëëg.,ni: kawahëëg,,,
kawäj,n.,,,,
kawajããn,v.         ni: kawaj'ããn         p: kawaj'ããn.,ni: kawaj'ããn         p: kawaj'ããn,,,
kawajad,n.,,,,
kawajad hos,n.,,,,
kawaju,n.,,,,
kawanap,n. esp.,,,,
kawan t'ääh,n. es p. de larva (da palmeira).,,,,
kawan t'ëëh,n. esp.,,,,
kawaraar,n. esp.,,,,
kawareeh,v.          ni: kawar'eeh.       nu kawar'eeh v.,ni: kawar'eeh,,,
kawareem,v.         p: kawereem.,p: kawereem,,,
kawarii,n. esp.,,,,
kawatäng,n. esp.,,,,
kawatuu,v.         ni: kawatu.,ni: kawatu,,,
kawatuuk,v.         ni: kawatuug.,ni: kawatuug,,,
kawatu këë,v.,,,,
kawa baah,n. esp.,,,,
kawa sari,n. esp.,,,,
kawed,n. esp.,,,,
kaween,v.,,,,
kawen,n. esp.,,,,
kawepeer,n.,,,,
kawew'aam,v.         ni: kawewaaw.       kawewaw yb n.,ni: kawewaaw,,,
kaw'ëëg,n.,,,,
kawis,n.,,,,
kawom,n.,,,,
kawoo,v.         ni: kaw'oo.,ni: kaw'oo,,,
kawooh,v.         ni: kaw'oong.         est;hab: kawóh.,ni: kaw'oong,est;hab: kawóh,,
kawook,v.          ni: kawóg.,ni: kawóg,,,
kawoom,v.          ni: kawoow.,ni: kawoow,,,
kawõõt,v.         ni: kaw'õõd.         caus;est: kahewõt.        nu kawõõt v.,ni: kaw'õõd,caus;est: kahewõt,,
kawóg hõm/jëng,v.,,,,
kawuuk,v.         ni: kawuug.,ni: kawuug,,,
kawyyh,v.         ni: kaw'yyng.,ni: kaw'yyng,,,
kawyym,v.         ni: kawyyw.,ni: kawyyw,,,
kebiin,v.        ji kebiin doo tób n'aa n.,,,,
kegës,v.         ni: kegëëj.,ni: kegëëj,,,
keheet,v.         ni: keh'eed.,ni: keh'eed,,,
kehoop,v.,,,,
ken'aak,v.         ni: kenaag.,ni: kenaag,,,
ken'ooh,v.         ni: kenooh.,ni: kenooh,,,
kes'ĩĩh doo,n.,,,,
ketyn,v.,,,,
korããj,n.,,,,
kóm,n.,,,,
kuja,n. esp.,,,,
kuja mayyn,n. esp.,,,,
kuman,n.,,,,
kuruj du,n. esp.,,,,
kus,onom.,,,,
kyyh,n.,,,,
k'yy gadóm doo,n.,,,,
k'yy gahũũn,n.,,,,
k'yy gegës,v.         ni: k'yy gegëëj.,ni: k'yy gegëëj,,,
k'yy gesĩĩn,v.,,,,
ky däng,v.,,,,
ky daheeh,v.         ni: ky dahé.,ni: ky dahé,,,
ky ehũũm,v.,,,,
ky enyym,v.,,,,
ky gawatsik,v.,,,,
ky gedak,v.         ni: ky gedag.,ni: ky gedag,,,
ky ge'ỹỹm,v.         ni: ky geä̃m.,ni: ky geä̃m,,,
ky hããnh,v.         ni: ky hããj.,ni: ky hããj,,,
ky hadoo,v.         ni: ky hado.,ni: ky hado,,,
ky hed'ëëk,v.         ni: ky hedëëg.         p: ky hedëg.,ni: ky hedëëg,p: ky hedëg,,
ky hõm,v.,,,,
ky jawëën,v.,,,,
ky jesyk,v.         ni: ky jesyg.,ni: ky jesyg,,,
ky kahah'ũũnh,v.         ni: ky kahahõj.ky kah'ũũm v        ni: ky kahũũm.,ni: ky kahahõj,ky kah'ũũm v        ni: ky kahũũm,,
ky kak'ëë,v.         ni: ky kakä.,ni: ky kakä,,,
ky kamep'ëëh,v. ni: ky kamepä/h.,ni: ky kamepä/h,,,
ky katapaa,n.,,,,
ky kedak,v.         ni: ky kedag.,ni: ky kedag,,,
ky ken'yym,v.         ni: ky kenäw.,ni: ky kenäw,,,
ky kew'oonh,v.          ni: ky kewooj.,ni: ky kewooj,,,
ky n'aa,n op.,,,,
ky n'aa ej'ees,v.         ni: ky n'aa ejeej.,ni: ky n'aa ejeej,,,
ky n'aa enooh doo,n.,,,,
ky n'aa gadejoom,v.         ni: ky n'aa gadejoow.,ni: ky n'aa gadejoow,,,
ky n'aa gebah,v.         ni: ky n'aa gebaa.,ni: ky n'aa gebaa,,,
ky n'aa kaher'oot,v.         ni: ky n'aa kaher'ood.,ni: ky n'aa kaher'ood,,,
ky n'aa rejãã,v.         ni: ky n'aa rejã.,ni: ky n'aa rejã,,,
ky n'aa tapaa,v.         ni: ky n'aa tapa.,ni: ky n'aa tapa,,,
ky nadahéh,n.         ni: ky nesaa.,ni: ky nesaa,,,
ky sëm,v.         ni: ky sëëw.         p: ky s'ëëm.,ni: ky sëëw,p: ky s'ëëm,,
ky sũũt,v.         ni: ky s'ũũd.,ni: ky s'ũũd,,,
ky waj'aa däk,v.         M,,,,
ma,n op.,,,,
mä,n. esp.,,,,
maag,n.,,,,
maaj,n. esp.,,,,
maat,n. esp.,,,,
maa badoh,v.,,,,
maa badoo wät,v.,,,,
maa daka,n.,,,,
maa emäs,v.         ni: maa emäts.,ni: maa emäts,,,
maa ena,v.         ni: maa enaa.,ni: maa enaa,,,
maa enyym,v.         ni: maa enyyw.,ni: maa enyyw,,,
maa gapateen,v.,,,,
maa kajaa,v.         ni: maa kaja.,ni: maa kaja,,,
maa kametëëk,v.         ni: maa kamet'ëëg.,ni: maa kamet'ëëg,,,
maa kerét,v.         ni: maa keréd.        p: ma ker'eet.,ni: maa keréd,p: ma ker'eet,,
maa napäh,v.         ni: maa napëë/h.,ni: maa napëë/h,,,
maa newëë,v.         ni: maa newë.,ni: maa newë,,,
maa saju,n. esp.,,,,
maa wah'ëp,adj.,,,,
maba,n op.,,,,
mabaanh,v.,,,,
mab'aanh,v.         ni: mabaj.,ni: mabaj,,,
mabaah,n.,,,,
mabaah bëëh,n.,,,,
mabaah j'aa,n.,,,,
mabaan,v.         p: meban.       h'yyb mabaan v.,p: meban,,,
mabaj,n.,,,,
mabëng,n.,,,,
mabëëh,v.,,,,
maboo,n. esp.,,,,
mabooh,n. esp.,,,,
maboor,n op.,,,,
maboor madaham,v.,,,,
maboor mahék,v.         ni: maboor mahég.,ni: maboor mahég,,,
maboor mesõng,v.,,,,
mabuuj,n op.,,,,
mab hẽ,adv. op.,,,,
mäd,n.,,,,
mad'aak,v.        ni: madaag.,ni: madaag,,,
madabim,v.         ni: madabiiw.,ni: madabiiw,,,
madahyt,v.,,,,
madarong,v.         ni: madaroo.,ni: madaroo,,,
madawäts,v imp.,,,,
madoh ro,n. esp.,,,,
maduud,n.,,,,
madyyk,n. esp.,,,,
madyyk tëëg,n.,,,,
maëts,n op.,,,,
maëts ets'ëëk,v.,,,,
maëts meew,n.,,,,
magäs,n.,,,,
magäs hood,n.,,,,
magyys hẽ,adv.,,,,
mäh,par.,,,,
mahang,adv.,,,,
mahä̃nh,adv.,,,,
mahãk,v.         ni: mahãg.,ni: mahãg,,,
mahauk,v.        poo mahauk n.,,,,
Mahegãã kadii dah,intj.,,,,
maher'oot,v.         ni: maher'ood.,ni: maher'ood,,,
mahën,n.,,,,
mahõk,v.         ni: mahõg.         est;hab: mah'õõk.,ni: mahõg,est;hab: mah'õõk,,
mahub,n op.,,,,
mahuuh,v.         ni: mah'uu/h.,ni: mah'uu/h,,,
mahũũm,n. esp.,,,,
mahũũr,n.,,,,
mahỹỹnh,v.         ni: mahỹỹj.,ni: mahỹỹj,,,
mahyyb,"v.	ni: mahyh.",ni: mahyh,,,
mahỹỹj,n.,,,,
majakég,n.,,,,
maja karo,n. esp.,,,,
maja tawãn,n. esp.,,,,
maj'eeh,n. esp.,,,,
majëëh,v.         ni: majëh.,ni: majëh,,,
majëëm n'aa,n op.,,,,
majĩĩ,n.         1s poss: majẽ ỹỹ.,1s poss: majẽ ỹỹ,,,
ma-jo-jor,n. esp.,,,,
majoor,n.,,,,
majorããn,n.,,,,
maju,n. esp.,,,,
majym,v.,,,,
majyyw,n.,,,,
makakã,n. esp.,,,,
makakiig,n. esp.,,,,
makũũh,n.,,,,
makuur,n. esp.,,,,
makyyn,n. esp.,,,,
mame,n op.,,,,
mamets,n op.,,,,
mamon,v.        hab: mahem'oon .,hab: mahem'oon,,,
mamuun,v.         hab: mahemon.,hab: mahemon,,,
manaa,v.         ni: mana.,ni: mana,,,
Manaaw,n.,,,,
manabi,v.,,,,
manad'ëëd,v.,,,,
manaëënh,v.         ni: manaëëj.,ni: manaëëj,,,
manäh imperativo,negativo.,,,,
manajuu,n. esp.,,,,
mananaaw,n.,,,,
manapëë wät,v.,,,,
manayyn,n. esp.,,,,
mana réh,n. esp.,,,,
mane,n. esp.,,,,
manee,n. esp.,,,,
maneed,n.,,,,
maneig,n.,,,,
maneõõj,v.,,,,
manepëëh,v.         ni: manepëë.,ni: manepëë,,,
manes'uunh,v.         ni: manesuuj.,ni: manesuuj,,,
mane hadoo péh,n. esp.,,,,
Man'uuts,n.,,,,
mapaad,n. esp.,,,,
mapaah,n. esp.,,,,
mapah,n.,,,,
mapäh,v.,,,,
mapara,n.,,,,
mapooh,n op.,,,,
mapõõt,v.         ni: map'õõd.         hab: mahepõt.,ni: map'õõd,hab: mahepõt,,
mapoow bóg wehó,v.,,,,
mapoo bóg,n.,,,,
mapoo oow,n.,,,,
mapoo s'ẽẽ,n.,,,,
mapoo t'aah gad'ooh,n op.,,,,
maraa,n. esp.,,,,
mar'ããs ma,n.,,,,
marahud,n.         p: marahuur.,p: marahuur,,,
marajo,n.,,,,
marakaaw,n. esp.,,,,
marakaka,n. esp.,,,,
marakate,n.,,,,
maras,v.         ni: marats.,ni: marats,,,
madä̃s,onom.,,,,
marats yb,n. esp.,,,,
Marawas,n.,,,,
mara taró,n. esp.,,,,
mar'ees,n. esp.,,,,
maré daw,n. esp.,,,,
maré hos,n. esp.,,,,
maré maré,n.,,,,
mariij,n.,,,,
maris,v.        ni: marits.,ni: marits,,,
maro,n. esp.,,,,
maruuh,n.,,,,
maruus,n.,,,,
mas,n.,,,,
mäs,n.,,,,
masa,v.         ni: masaa.,ni: masaa,,,
ma-sa,n. esp.,,,,
mas'ããh,n.         p: masããh.,p: masããh,,,
masaaj,n. esp.,,,,
masabé,v.         ni: masabee.         p: masab'ee.,ni: masabee,p: masab'ee,,
masadung,v.,,,,
masäk,v.,,,,
masapeep,v.         ni: masap'eeb.,ni: masap'eeb,,,
masẽnh,v.,,,,
maseer,n.,,,,
masesuus,v.         ni: masesuts.,ni: masesuts,,,
masëk,n.,,,,
masoo,v.         ni: maso.       moo masoo v.,ni: maso,,,
masook,n.,,,,
masóp,v.         ni: masób.,ni: masób,,,
masunh,v.         ni: masuuj.         p: mas'uunh.,ni: masuuj,p: mas'uunh,,
masuuj,n.,,,,
masuuj g'aad,n. esp.,,,,
masyyh,n. esp.,,,,
mäs papo poow,n.,,,,
mataat,n. esp.,,,,
matëëh,v.         ni: metëh.,ni: metëh,,,
mat'ĩĩh,n.,,,,
mato katé,n. esp.,,,,
matud,n. esp.,,,,
matug,n. esp.,,,,
matym,n.,,,,
matym noo tsawããj däk,v.         ni: matym noo tsawããj däg.,ni: matym noo tsawããj däg,,,
matsehỹỹk,v.         ni: matsehä̃g.,ni: matsehä̃g,,,
matsing,v.         ni: matsii/h.,ni: matsii/h,,,
matsós,n..,,,,
matsỹỹnh,n.,,,,
mawä̃nh,v.,,,,
Mawaaw Pé,n.,,,,
mawahããp,v.         ni: mawah'ããb.       warahããp v.         ni: warah'ããb.,ni: mawah'ããb,ni: warah'ããb,,
mawakud,n.,,,,
mawaw kó,n. esp.,,,,
maw'ooh,n.,,,,
mawyd,n op.,,,,
mawyd n'aa,n op.,,,,
mawyyt,v.         ni: maw'yyd.,ni: maw'yyd,,,
mayb,n op.,,,,
mayyn,n op.        kuja mayyn n. esp.,,,,
ma datu,v.         ni: ma datuu.,ni: ma datuu,,,
ma ehõ,v.        ni: ma ehũũ.        p: ma eh'ũũ.,ni: ma ehũũ,p: ma eh'ũũ,,
ma hamä̃,onom.,,,,
ma jejëën,v.,,,,
ma kahé bäh,n.,,,,
ma kametëëk doo,n.         p: kamet'ëëk doo.,p: kamet'ëëk doo,,,
ma matëg,n.,,,,
ma metëëk,v.         ni: ma met'ëëg.       moo metëëk v.,ni: ma met'ëëg,,,
ma niis,v.         ni: ma n'iits.,ni: ma n'iits,,,
ma nyy,n op.,,,,
ma raheeh,n.         ni: ma rahé.,ni: ma rahé,,,
ma rod n'aa,n.,,,,
ma sug,n.,,,,
ma tapem,v.         ni: ma tapeew.,ni: ma tapeew,,,
me,posp.,,,,
mebanh,v.         ni: mebaaj.,ni: mebaaj,,,
meboon,v.         est;hab: mebón.,est;hab: mebón,,,
mebuunh,v.         ni: mebuuj.,ni: mebuuj,,,
meb'yyh,v.          ni: meby.,ni: meby,,,
medoon,v.,,,,
meduuk,v.         ni: medug.,ni: medug,,,
megãs,v.,,,,
mehëm,v.         ni: mehëëw.,ni: mehëëw,,,
mehëm doo,n.,,,,
mejẽẽnh,v.         ni: mej'ẽẽj.,ni: mej'ẽẽj,,,
mejẽh,v.         ni: mejẽng.,ni: mejẽng,,,
mejook,v.         ni: mejog.         hab: mehej'ook.,ni: mejog,hab: mehej'ook,,
mejung,v.         ni: mejuu.,ni: mejuu,,,
mejũũ,v.         ni: mejõ.,ni: mejõ,,,
mekuunh,v.         ni: mekuuj.       gamakuj n'aa n op.,ni: mekuuj,,,
men,n op.,,,,
meõõnh,v.         ni: meõõj.         ni: mahe'õõnh.[LE29],ni: meõõj,ni: mahe'õõnh,,
mepaa,v.         ni: mep'aa.,ni: mep'aa,,,
mepäh,v.,,,,
mera,v.          ni: meraa.       nabuuj gamera v.        ty gamera v.,ni: meraa,,,
metee,v.         ni: met'ee.,ni: met'ee,,,
metëëh,v.         ni: metëh.       riih kametëëh v.,ni: metëh,,,
metug jëng,v.         ni: metug jëëh.,ni: metug jëëh,,,
metyy,v.         ni: mety.,ni: mety,,,
metsëëh,v.         ni: metsä.,ni: metsä,,,
mets'ëëk,v.         ni: metsëëg.,ni: metsëëg,,,
meuunh,v.         ni: meuuj.,ni: meuuj,,,
me'uuh,v.         ni: meuung.,ni: meuung,,,
mew'õõh,v.         ni: mewõh.,ni: mewõh,,,
mog,n. esp.,,,,
mokoko,n. esp.,,,,
mokur,n. esp.,,,,
mooh,n op.         1s poss: moh ỹỹ.,1s poss: moh ỹỹ,,,
moo barabus,v.         ni: moo barabuts.,ni: moo barabuts,,,
moo bok,v_p.         ni_nh: moo bong.         s: moo wät.,ni_nh: moo bong,s: moo wät,,
moo däng,v.         ni: moo dëë.,ni: moo dëë,,,
moo dadäk,v.         ni: moo dadäg.,ni: moo dadäg,,,
moo dapak,v.         ni: moo dapag.,ni: moo dapag,,,
moo dasäp,v.         ni: moo dasäb.       noo gadasäp n.,ni: moo dasäb,,,
moo ebang,v.         ni: moo ebaa/h.,ni: moo ebaa/h,,,
moo gabëëh,v.         ni: moo gabë.,ni: moo gabë,,,
moo gadäk,v.         ni: moo gadäg.,ni: moo gadäg,,,
moo gadów däk,v.,,,,
moo gahäng,v.         ni: moo gahëë.,ni: moo gahëë,,,
moo gahet,v.         ni: moo gahed.,ni: moo gahed,,,
moo gahoot,v.         ni: moo gah'ood.,ni: moo gah'ood,,,
moo gajyp,v.         ni: moo gajyb.,ni: moo gajyb,,,
moo ganaa,v.         ni: moo gana.,ni: moo gana,,,
moo ganedag,n.,,,,
moo garaharo,v.         ni: moo garaharoo.,ni: moo garaharoo,,,
moo gasapä,v.         ni: moo gasapëë.         p: moo gasepä.,ni: moo gasapëë,p: moo gasepä,,
moo gawaroor,n.,,,,
moo gawatsik,v.         ni: moo gawatsig.,ni: moo gawatsig,,,
moo gedak,v.         ni: moo gedag.,ni: moo gedag,,,
moo gehããnh,n.          ni: moo geh'ããj.,ni: moo geh'ããj,,,
moo gejoonh,v.         ni: moo gejooj.,ni: moo gejooj,,,
moo geju,v.         ni: moo gejuu.,ni: moo gejuu,,,
moo gema däk,v.         ni: moo gema däg.,ni: moo gema däg,,,
moo gesyk,v.         ni: moo gesyg.,ni: moo gesyg,,,
moo gik,v.         ni: moo gig.,ni: moo gig,,,
moo hag'ããs,v.        ni: moo hagãã.,ni: moo hagãã,,,
moo haj'aa,v.         ni: moo hajaa.,ni: moo hajaa,,,
moo heeh,v.         ni: moo heh.,ni: moo heh,,,
moo heen n'aa,n op.,,,,
moo hejĩĩnh,v.         ni: moo hejĩĩj.,ni: moo hejĩĩj,,,
moo hew'ëët,n.         ni: moo hewëëd.,ni: moo hewëëd,,,
moo hewi,v.         ni: moo hewii.,ni: moo hewii,,,
moo jawanh,v.         ni: moo jawaj.,ni: moo jawaj,,,
moo kadep'aak,v.         ni: moo kadepaag.,ni: moo kadepaag,,,
moo kahah'ũũnh,v.         ni: moo kahahõõj.       tsyym kahah'ũũnh v.,ni: moo kahahõõj,,,
moo kamasoo,v.         ni: moo kamaso.,ni: moo kamaso,,,
moo kames'eenh,v.,,,,
moo kapehẽẽh,v.         ni: moo kapehẽ/h.,ni: moo kapehẽ/h,,,
moo kas'ỹỹ,v.         ni: moo kasä̃.,ni: moo kasä̃,,,
